info: System.Net.Http.HttpClient.default.LogicalHandler[100]
      Start processing HTTP request POST https://localhost:44399/scheduletask/runtask
info: System.Net.Http.HttpClient.default.LogicalHandler[100]
      Start processing HTTP request POST https://localhost:44399/scheduletask/runtask
info: System.Net.Http.HttpClient.default.LogicalHandler[100]
      Start processing HTTP request POST https://localhost:44399/scheduletask/runtask
info: System.Net.Http.HttpClient.default.LogicalHandler[100]
      Start processing HTTP request POST https://localhost:44399/scheduletask/runtask
info: System.Net.Http.HttpClient.default.LogicalHandler[100]
      Start processing HTTP request POST https://localhost:44399/scheduletask/runtask
info: System.Net.Http.HttpClient.default.LogicalHandler[100]
      Start processing HTTP request POST https://localhost:44399/scheduletask/runtask
info: System.Net.Http.HttpClient.default.LogicalHandler[100]
      Start processing HTTP request POST https://localhost:44399/scheduletask/runtask
info: System.Net.Http.HttpClient.default.LogicalHandler[100]
      Start processing HTTP request POST https://localhost:44399/scheduletask/runtask
info: System.Net.Http.HttpClient.default.LogicalHandler[100]
      Start processing HTTP request POST https://localhost:44399/scheduletask/runtask
info: System.Net.Http.HttpClient.default.LogicalHandler[100]
      Start processing HTTP request POST https://localhost:44399/scheduletask/runtask
info: System.Net.Http.HttpClient.default.LogicalHandler[100]
      Start processing HTTP request POST https://localhost:44399/scheduletask/runtask
info: System.Net.Http.HttpClient.default.LogicalHandler[100]
      Start processing HTTP request POST https://localhost:44399/scheduletask/runtask
info: System.Net.Http.HttpClient.default.LogicalHandler[100]
      Start processing HTTP request POST https://localhost:44399/scheduletask/runtask
info: System.Net.Http.HttpClient.default.LogicalHandler[100]
      Start processing HTTP request POST https://localhost:44399/scheduletask/runtask
info: System.Net.Http.HttpClient.default.ClientHandler[100]
      Sending HTTP request POST https://localhost:44399/scheduletask/runtask
info: System.Net.Http.HttpClient.default.ClientHandler[100]
      Sending HTTP request POST https://localhost:44399/scheduletask/runtask
info: System.Net.Http.HttpClient.default.ClientHandler[100]
      Sending HTTP request POST https://localhost:44399/scheduletask/runtask
info: System.Net.Http.HttpClient.default.ClientHandler[100]
      Sending HTTP request POST https://localhost:44399/scheduletask/runtask
info: System.Net.Http.HttpClient.default.ClientHandler[100]
      Sending HTTP request POST https://localhost:44399/scheduletask/runtask
info: System.Net.Http.HttpClient.default.ClientHandler[100]
      Sending HTTP request POST https://localhost:44399/scheduletask/runtask
info: System.Net.Http.HttpClient.default.ClientHandler[100]
      Sending HTTP request POST https://localhost:44399/scheduletask/runtask
info: System.Net.Http.HttpClient.default.ClientHandler[100]
      Sending HTTP request POST https://localhost:44399/scheduletask/runtask
info: System.Net.Http.HttpClient.default.ClientHandler[100]
      Sending HTTP request POST https://localhost:44399/scheduletask/runtask
info: System.Net.Http.HttpClient.default.ClientHandler[100]
      Sending HTTP request POST https://localhost:44399/scheduletask/runtask
info: System.Net.Http.HttpClient.default.ClientHandler[100]
      Sending HTTP request POST https://localhost:44399/scheduletask/runtask
info: System.Net.Http.HttpClient.default.ClientHandler[100]
      Sending HTTP request POST https://localhost:44399/scheduletask/runtask
info: System.Net.Http.HttpClient.default.ClientHandler[100]
      Sending HTTP request POST https://localhost:44399/scheduletask/runtask
info: System.Net.Http.HttpClient.default.ClientHandler[100]
      Sending HTTP request POST https://localhost:44399/scheduletask/runtask
info: System.Net.Http.HttpClient.default.LogicalHandler[100]
      Start processing HTTP request POST https://localhost:44399/scheduletask/runtask
info: System.Net.Http.HttpClient.default.ClientHandler[100]
      Sending HTTP request POST https://localhost:44399/scheduletask/runtask
info: System.Net.Http.HttpClient.default.LogicalHandler[100]
      Start processing HTTP request POST https://localhost:44399/scheduletask/runtask
info: System.Net.Http.HttpClient.default.LogicalHandler[100]
      Start processing HTTP request POST https://localhost:44399/scheduletask/runtask
info: System.Net.Http.HttpClient.default.ClientHandler[100]
      Sending HTTP request POST https://localhost:44399/scheduletask/runtask
info: System.Net.Http.HttpClient.default.ClientHandler[100]
      Sending HTTP request POST https://localhost:44399/scheduletask/runtask
info: System.Net.Http.HttpClient.default.ClientHandler[101]
      Received HTTP response headers after 253.1218ms - 404
info: System.Net.Http.HttpClient.default.ClientHandler[101]
      Received HTTP response headers after 317.5131ms - 404
info: System.Net.Http.HttpClient.default.ClientHandler[101]
      Received HTTP response headers after 288.269ms - 404
info: System.Net.Http.HttpClient.default.ClientHandler[101]
      Received HTTP response headers after 257.2252ms - 404
info: System.Net.Http.HttpClient.default.ClientHandler[101]
      Received HTTP response headers after 270.0903ms - 404
info: System.Net.Http.HttpClient.default.ClientHandler[101]
      Received HTTP response headers after 284.2643ms - 404
info: System.Net.Http.HttpClient.default.ClientHandler[101]
      Received HTTP response headers after 279.9382ms - 404
info: System.Net.Http.HttpClient.default.ClientHandler[101]
      Received HTTP response headers after 261.6162ms - 404
info: System.Net.Http.HttpClient.default.ClientHandler[101]
      Received HTTP response headers after 292.6527ms - 404
info: System.Net.Http.HttpClient.default.ClientHandler[101]
      Received HTTP response headers after 246.7152ms - 404
info: System.Net.Http.HttpClient.default.ClientHandler[101]
      Received HTTP response headers after 249.7194ms - 404
info: System.Net.Http.HttpClient.default.ClientHandler[101]
      Received HTTP response headers after 244.2292ms - 404
info: System.Net.Http.HttpClient.default.ClientHandler[101]
      Received HTTP response headers after 265.7928ms - 404
info: System.Net.Http.HttpClient.default.ClientHandler[101]
      Received HTTP response headers after 214.2396ms - 404
info: System.Net.Http.HttpClient.default.LogicalHandler[101]
      End processing HTTP request after 403.3798ms - 404
info: System.Net.Http.HttpClient.default.LogicalHandler[101]
      End processing HTTP request after 403.3414ms - 404
info: System.Net.Http.HttpClient.default.LogicalHandler[101]
      End processing HTTP request after 403.3797ms - 404
info: System.Net.Http.HttpClient.default.LogicalHandler[101]
      End processing HTTP request after 403.4508ms - 404
info: System.Net.Http.HttpClient.default.LogicalHandler[101]
      End processing HTTP request after 403.3624ms - 404
info: System.Net.Http.HttpClient.default.LogicalHandler[101]
      End processing HTTP request after 403.4358ms - 404
info: System.Net.Http.HttpClient.default.LogicalHandler[101]
      End processing HTTP request after 403.4227ms - 404
info: System.Net.Http.HttpClient.default.LogicalHandler[101]
      End processing HTTP request after 250.9897ms - 404
info: System.Net.Http.HttpClient.default.LogicalHandler[101]
      End processing HTTP request after 402.7193ms - 404
info: System.Net.Http.HttpClient.default.LogicalHandler[101]
      End processing HTTP request after 403.5266ms - 404
info: System.Net.Http.HttpClient.default.LogicalHandler[101]
      End processing HTTP request after 404.3406ms - 404
info: System.Net.Http.HttpClient.default.LogicalHandler[101]
      End processing HTTP request after 401.5711ms - 404
info: System.Net.Http.HttpClient.default.LogicalHandler[101]
      End processing HTTP request after 404.3108ms - 404
info: System.Net.Http.HttpClient.default.LogicalHandler[101]
      End processing HTTP request after 401.6253ms - 404
info: System.Net.Http.HttpClient.default.LogicalHandler[100]
      Start processing HTTP request POST https://localhost:44399/scheduletask/runtask
info: System.Net.Http.HttpClient.default.LogicalHandler[100]
      Start processing HTTP request POST https://localhost:44399/scheduletask/runtask
info: System.Net.Http.HttpClient.default.LogicalHandler[100]
      Start processing HTTP request POST https://localhost:44399/scheduletask/runtask
info: System.Net.Http.HttpClient.default.LogicalHandler[100]
      Start processing HTTP request POST https://localhost:44399/scheduletask/runtask
info: System.Net.Http.HttpClient.default.LogicalHandler[100]
      Start processing HTTP request POST https://localhost:44399/scheduletask/runtask
info: System.Net.Http.HttpClient.default.LogicalHandler[100]
      Start processing HTTP request POST https://localhost:44399/scheduletask/runtask
info: System.Net.Http.HttpClient.default.LogicalHandler[100]
      Start processing HTTP request POST https://localhost:44399/scheduletask/runtask
info: System.Net.Http.HttpClient.default.LogicalHandler[100]
      Start processing HTTP request POST https://localhost:44399/scheduletask/runtask
info: System.Net.Http.HttpClient.default.LogicalHandler[100]
      Start processing HTTP request POST https://localhost:44399/scheduletask/runtask
info: System.Net.Http.HttpClient.default.ClientHandler[100]
      Sending HTTP request POST https://localhost:44399/scheduletask/runtask
info: System.Net.Http.HttpClient.default.LogicalHandler[100]
      Start processing HTTP request POST https://localhost:44399/scheduletask/runtask
info: System.Net.Http.HttpClient.default.LogicalHandler[100]
      Start processing HTTP request POST https://localhost:44399/scheduletask/runtask
info: System.Net.Http.HttpClient.default.LogicalHandler[100]
      Start processing HTTP request POST https://localhost:44399/scheduletask/runtask
info: System.Net.Http.HttpClient.default.LogicalHandler[100]
      Start processing HTTP request POST https://localhost:44399/scheduletask/runtask
info: System.Net.Http.HttpClient.default.LogicalHandler[100]
      Start processing HTTP request POST https://localhost:44399/scheduletask/runtask
info: System.Net.Http.HttpClient.default.ClientHandler[100]
      Sending HTTP request POST https://localhost:44399/scheduletask/runtask
info: System.Net.Http.HttpClient.default.ClientHandler[100]
      Sending HTTP request POST https://localhost:44399/scheduletask/runtask
info: System.Net.Http.HttpClient.default.ClientHandler[100]
      Sending HTTP request POST https://localhost:44399/scheduletask/runtask
info: System.Net.Http.HttpClient.default.ClientHandler[100]
      Sending HTTP request POST https://localhost:44399/scheduletask/runtask
info: System.Net.Http.HttpClient.default.ClientHandler[100]
      Sending HTTP request POST https://localhost:44399/scheduletask/runtask
info: System.Net.Http.HttpClient.default.ClientHandler[100]
      Sending HTTP request POST https://localhost:44399/scheduletask/runtask
info: System.Net.Http.HttpClient.default.ClientHandler[100]
      Sending HTTP request POST https://localhost:44399/scheduletask/runtask
info: System.Net.Http.HttpClient.default.ClientHandler[100]
      Sending HTTP request POST https://localhost:44399/scheduletask/runtask
info: System.Net.Http.HttpClient.default.ClientHandler[100]
      Sending HTTP request POST https://localhost:44399/scheduletask/runtask
info: System.Net.Http.HttpClient.default.ClientHandler[100]
      Sending HTTP request POST https://localhost:44399/scheduletask/runtask
info: System.Net.Http.HttpClient.default.ClientHandler[100]
      Sending HTTP request POST https://localhost:44399/scheduletask/runtask
info: System.Net.Http.HttpClient.default.ClientHandler[100]
      Sending HTTP request POST https://localhost:44399/scheduletask/runtask
info: System.Net.Http.HttpClient.default.ClientHandler[100]
      Sending HTTP request POST https://localhost:44399/scheduletask/runtask
info: System.Net.Http.HttpClient.default.ClientHandler[101]
      Received HTTP response headers after 379.0318ms - 404
info: System.Net.Http.HttpClient.default.LogicalHandler[101]
      End processing HTTP request after 475.3359ms - 404
info: System.Net.Http.HttpClient.default.ClientHandler[101]
      Received HTTP response headers after 203.0412ms - 404
info: System.Net.Http.HttpClient.default.ClientHandler[101]
      Received HTTP response headers after 199.0301ms - 404
info: System.Net.Http.HttpClient.default.ClientHandler[101]
      Received HTTP response headers after 24.1119ms - 404
info: System.Net.Http.HttpClient.default.ClientHandler[101]
      Received HTTP response headers after 40.2549ms - 404
info: System.Net.Http.HttpClient.default.ClientHandler[101]
      Received HTTP response headers after 29.0652ms - 404
info: System.Net.Http.HttpClient.default.LogicalHandler[101]
      End processing HTTP request after 209.6679ms - 404
info: System.Net.Http.HttpClient.default.ClientHandler[101]
      Received HTTP response headers after 44.7302ms - 404
info: System.Net.Http.HttpClient.default.LogicalHandler[101]
      End processing HTTP request after 54.4683ms - 404
info: System.Net.Http.HttpClient.default.ClientHandler[101]
      Received HTTP response headers after 41.0344ms - 404
info: System.Net.Http.HttpClient.default.ClientHandler[101]
      Received HTTP response headers after 36.3557ms - 404
info: System.Net.Http.HttpClient.default.LogicalHandler[101]
      End processing HTTP request after 59.0056ms - 404
info: System.Net.Http.HttpClient.default.LogicalHandler[100]
      Start processing HTTP request POST https://localhost:44399/scheduletask/runtask
info: System.Net.Http.HttpClient.default.ClientHandler[101]
      Received HTTP response headers after 35.1176ms - 404
info: System.Net.Http.HttpClient.default.ClientHandler[100]
      Sending HTTP request POST https://localhost:44399/scheduletask/runtask
info: System.Net.Http.HttpClient.default.LogicalHandler[101]
      End processing HTTP request after 61.9791ms - 404
info: System.Net.Http.HttpClient.default.LogicalHandler[100]
      Start processing HTTP request POST https://localhost:44399/scheduletask/runtask
info: System.Net.Http.HttpClient.default.ClientHandler[101]
      Received HTTP response headers after 31.1068ms - 404
info: System.Net.Http.HttpClient.default.ClientHandler[100]
      Sending HTTP request POST https://localhost:44399/scheduletask/runtask
info: System.Net.Http.HttpClient.default.LogicalHandler[100]
      Start processing HTTP request POST https://localhost:44399/scheduletask/runtask
info: System.Net.Http.HttpClient.default.ClientHandler[100]
      Sending HTTP request POST https://localhost:44399/scheduletask/runtask
info: System.Net.Http.HttpClient.default.LogicalHandler[100]
      Start processing HTTP request POST https://localhost:44399/scheduletask/runtask
info: System.Net.Http.HttpClient.default.ClientHandler[100]
      Sending HTTP request POST https://localhost:44399/scheduletask/runtask
info: System.Net.Http.HttpClient.default.LogicalHandler[100]
      Start processing HTTP request POST https://localhost:44399/scheduletask/runtask
info: System.Net.Http.HttpClient.default.LogicalHandler[101]
      End processing HTTP request after 123.3999ms - 404
info: System.Net.Http.HttpClient.default.ClientHandler[100]
      Sending HTTP request POST https://localhost:44399/scheduletask/runtask
info: System.Net.Http.HttpClient.default.LogicalHandler[100]
      Start processing HTTP request POST https://localhost:44399/scheduletask/runtask
info: System.Net.Http.HttpClient.default.LogicalHandler[101]
      End processing HTTP request after 143.0308ms - 404
info: System.Net.Http.HttpClient.default.ClientHandler[100]
      Sending HTTP request POST https://localhost:44399/scheduletask/runtask
info: System.Net.Http.HttpClient.default.LogicalHandler[101]
      End processing HTTP request after 181.3125ms - 404
info: System.Net.Http.HttpClient.default.LogicalHandler[101]
      End processing HTTP request after 187.5178ms - 404
info: System.Net.Http.HttpClient.default.LogicalHandler[100]
      Start processing HTTP request POST https://localhost:44399/scheduletask/runtask
info: System.Net.Http.HttpClient.default.ClientHandler[100]
      Sending HTTP request POST https://localhost:44399/scheduletask/runtask
info: System.Net.Http.HttpClient.default.LogicalHandler[101]
      End processing HTTP request after 347.3054ms - 404
info: System.Net.Http.HttpClient.default.LogicalHandler[101]
      End processing HTTP request after 193.4747ms - 404
info: System.Net.Http.HttpClient.default.LogicalHandler[100]
      Start processing HTTP request POST https://localhost:44399/scheduletask/runtask
info: System.Net.Http.HttpClient.default.ClientHandler[101]
      Received HTTP response headers after 167.3895ms - 404
info: System.Net.Http.HttpClient.default.ClientHandler[100]
      Sending HTTP request POST https://localhost:44399/scheduletask/runtask
info: System.Net.Http.HttpClient.default.LogicalHandler[101]
      End processing HTTP request after 201.4912ms - 404
info: System.Net.Http.HttpClient.default.LogicalHandler[100]
      Start processing HTTP request POST https://localhost:44399/scheduletask/runtask
info: System.Net.Http.HttpClient.default.ClientHandler[100]
      Sending HTTP request POST https://localhost:44399/scheduletask/runtask
info: System.Net.Http.HttpClient.default.LogicalHandler[100]
      Start processing HTTP request POST https://localhost:44399/scheduletask/runtask
info: System.Net.Http.HttpClient.default.LogicalHandler[100]
      Start processing HTTP request POST https://localhost:44399/scheduletask/runtask
info: System.Net.Http.HttpClient.default.ClientHandler[100]
      Sending HTTP request POST https://localhost:44399/scheduletask/runtask
info: System.Net.Http.HttpClient.default.ClientHandler[100]
      Sending HTTP request POST https://localhost:44399/scheduletask/runtask
info: System.Net.Http.HttpClient.default.ClientHandler[101]
      Received HTTP response headers after 271.3563ms - 404
info: System.Net.Http.HttpClient.default.LogicalHandler[101]
      End processing HTTP request after 319.1232ms - 404
info: System.Net.Http.HttpClient.default.LogicalHandler[100]
      Start processing HTTP request POST https://localhost:44399/scheduletask/runtask
info: System.Net.Http.HttpClient.default.ClientHandler[100]
      Sending HTTP request POST https://localhost:44399/scheduletask/runtask
info: System.Net.Http.HttpClient.default.ClientHandler[101]
      Received HTTP response headers after 311.0482ms - 404
info: System.Net.Http.HttpClient.default.ClientHandler[101]
      Received HTTP response headers after 332.0366ms - 404
info: System.Net.Http.HttpClient.default.LogicalHandler[101]
      End processing HTTP request after 366.3351ms - 404
info: System.Net.Http.HttpClient.default.ClientHandler[101]
      Received HTTP response headers after 363.5311ms - 404
info: System.Net.Http.HttpClient.default.ClientHandler[101]
      Received HTTP response headers after 367.7782ms - 404
info: System.Net.Http.HttpClient.default.LogicalHandler[101]
      End processing HTTP request after 377.1372ms - 404
info: System.Net.Http.HttpClient.default.LogicalHandler[100]
      Start processing HTTP request POST https://localhost:44399/scheduletask/runtask
info: System.Net.Http.HttpClient.default.ClientHandler[100]
      Sending HTTP request POST https://localhost:44399/scheduletask/runtask
info: System.Net.Http.HttpClient.default.LogicalHandler[101]
      End processing HTTP request after 391.2083ms - 404
info: System.Net.Http.HttpClient.default.LogicalHandler[101]
      End processing HTTP request after 428.0192ms - 404
info: System.Net.Http.HttpClient.default.LogicalHandler[100]
      Start processing HTTP request POST https://localhost:44399/scheduletask/runtask
info: System.Net.Http.HttpClient.default.ClientHandler[100]
      Sending HTTP request POST https://localhost:44399/scheduletask/runtask
info: System.Net.Http.HttpClient.default.LogicalHandler[100]
      Start processing HTTP request POST https://localhost:44399/scheduletask/runtask
info: System.Net.Http.HttpClient.default.LogicalHandler[100]
      Start processing HTTP request POST https://localhost:44399/scheduletask/runtask
info: System.Net.Http.HttpClient.default.ClientHandler[100]
      Sending HTTP request POST https://localhost:44399/scheduletask/runtask
info: System.Net.Http.HttpClient.default.ClientHandler[100]
      Sending HTTP request POST https://localhost:44399/scheduletask/runtask
info: System.Net.Http.HttpClient.default.ClientHandler[101]
      Received HTTP response headers after 388.9494ms - 404
info: System.Net.Http.HttpClient.default.LogicalHandler[101]
      End processing HTTP request after 406.4279ms - 404
info: System.Net.Http.HttpClient.default.ClientHandler[101]
      Received HTTP response headers after 317.6538ms - 404
info: System.Net.Http.HttpClient.default.LogicalHandler[101]
      End processing HTTP request after 356.5573ms - 404
info: System.Net.Http.HttpClient.default.ClientHandler[101]
      Received HTTP response headers after 397.6482ms - 404
info: System.Net.Http.HttpClient.default.LogicalHandler[101]
      End processing HTTP request after 410.3568ms - 404
info: System.Net.Http.HttpClient.default.ClientHandler[101]
      Received HTTP response headers after 325.2566ms - 404
info: System.Net.Http.HttpClient.default.LogicalHandler[101]
      End processing HTTP request after 367.1581ms - 404
info: System.Net.Http.HttpClient.default.ClientHandler[101]
      Received HTTP response headers after 504.102ms - 404
info: System.Net.Http.HttpClient.default.LogicalHandler[101]
      End processing HTTP request after 545.195ms - 404
info: System.Net.Http.HttpClient.default.ClientHandler[101]
      Received HTTP response headers after 477.4937ms - 404
info: System.Net.Http.HttpClient.default.LogicalHandler[101]
      End processing HTTP request after 532.8706ms - 404
info: System.Net.Http.HttpClient.default.ClientHandler[101]
      Received HTTP response headers after 314.4777ms - 404
info: System.Net.Http.HttpClient.default.ClientHandler[101]
      Received HTTP response headers after 580.1548ms - 404
info: System.Net.Http.HttpClient.default.ClientHandler[101]
      Received HTTP response headers after 408.1255ms - 404
info: System.Net.Http.HttpClient.default.ClientHandler[101]
      Received HTTP response headers after 536.5586ms - 404
info: System.Net.Http.HttpClient.default.LogicalHandler[100]
      Start processing HTTP request POST https://localhost:44399/scheduletask/runtask
info: System.Net.Http.HttpClient.default.LogicalHandler[101]
      End processing HTTP request after 419.8636ms - 404
info: System.Net.Http.HttpClient.default.LogicalHandler[101]
      End processing HTTP request after 600.8671ms - 404
info: System.Net.Http.HttpClient.default.LogicalHandler[101]
      End processing HTTP request after 624.5083ms - 404
info: System.Net.Http.HttpClient.default.ClientHandler[101]
      Received HTTP response headers after 261.7181ms - 404
info: System.Net.Http.HttpClient.default.ClientHandler[101]
      Received HTTP response headers after 670.2247ms - 404
info: System.Net.Http.HttpClient.default.LogicalHandler[101]
      End processing HTTP request after 677.9772ms - 404
info: System.Net.Http.HttpClient.default.ClientHandler[101]
      Received HTTP response headers after 349.0555ms - 404
info: System.Net.Http.HttpClient.default.LogicalHandler[101]
      End processing HTTP request after 407.6394ms - 404
info: System.Net.Http.HttpClient.default.LogicalHandler[100]
      Start processing HTTP request POST https://localhost:44399/scheduletask/runtask
info: System.Net.Http.HttpClient.default.LogicalHandler[101]
      End processing HTTP request after 495.9844ms - 404
info: System.Net.Http.HttpClient.default.ClientHandler[100]
      Sending HTTP request POST https://localhost:44399/scheduletask/runtask
info: System.Net.Http.HttpClient.default.ClientHandler[101]
      Received HTTP response headers after 656.5866ms - 404
info: System.Net.Http.HttpClient.default.ClientHandler[101]
      Received HTTP response headers after 358.2231ms - 404
info: System.Net.Http.HttpClient.default.LogicalHandler[101]
      End processing HTTP request after 434.0288ms - 404
info: System.Net.Http.HttpClient.default.ClientHandler[100]
      Sending HTTP request POST https://localhost:44399/scheduletask/runtask
info: System.Net.Http.HttpClient.default.LogicalHandler[101]
      End processing HTTP request after 445.0211ms - 404
info: System.Net.Http.HttpClient.default.LogicalHandler[101]
      End processing HTTP request after 746.27ms - 404
info: System.Net.Http.HttpClient.default.ClientHandler[101]
      Received HTTP response headers after 357.6488ms - 404
info: System.Net.Http.HttpClient.default.LogicalHandler[101]
      End processing HTTP request after 450.7524ms - 404
info: System.Net.Http.HttpClient.default.ClientHandler[101]
      Received HTTP response headers after 110.5207ms - 404
info: System.Net.Http.HttpClient.default.LogicalHandler[101]
      End processing HTTP request after 162.8428ms - 404
info: System.Net.Http.HttpClient.default.ClientHandler[101]
      Received HTTP response headers after 126.8353ms - 404
info: System.Net.Http.HttpClient.default.LogicalHandler[101]
      End processing HTTP request after 393.3974ms - 404
info: Microsoft.AspNetCore.Hosting.Diagnostics[1]
      Request starting HTTP/2 GET https://localhost:44376/login?returnUrl=%2F - - -
info: Microsoft.AspNetCore.Hosting.Diagnostics[1]
      Request starting HTTP/2 GET https://localhost:44376/ - - -
info: Microsoft.Hosting.Lifetime[0]
      Application started. Press Ctrl+C to shut down.
info: Microsoft.Hosting.Lifetime[0]
      Hosting environment: Development
info: Microsoft.Hosting.Lifetime[0]
      Content root path: D:\Mind web Tree\Slc4.9\Source Code\Presentation\Nop.Web
info: Microsoft.AspNetCore.Routing.EndpointMiddleware[0]
      Executing endpoint 'Nop.Web.Controllers.HomeController.Index (Nop.Web)'
info: Microsoft.AspNetCore.Mvc.Infrastructure.ControllerActionInvoker[102]
      Route matched with {action = "Index", controller = "Home", area = ""}. Executing controller action with signature Microsoft.AspNetCore.Mvc.IActionResult Index() on controller Nop.Web.Controllers.HomeController (Nop.Web).
info: Microsoft.AspNetCore.Routing.EndpointMiddleware[0]
      Executing endpoint 'Nop.Web.Controllers.CustomerController.Login (Nop.Web)'
info: Microsoft.AspNetCore.Mvc.Infrastructure.ControllerActionInvoker[102]
      Route matched with {action = "Login", controller = "Customer", area = ""}. Executing controller action with signature System.Threading.Tasks.Task`1[Microsoft.AspNetCore.Mvc.IActionResult] Login(System.Nullable`1[System.Boolean]) on controller Nop.Web.Controllers.CustomerController (Nop.Web).
info: Microsoft.AspNetCore.Mvc.ViewFeatures.ViewResultExecutor[1]
      Executing ViewResult, running view Index.
info: Microsoft.AspNetCore.Mvc.ViewFeatures.ViewResultExecutor[1]
      Executing ViewResult, running view Login.
info: Microsoft.AspNetCore.Mvc.ViewFeatures.ViewResultExecutor[4]
      Executed ViewResult - view Login executed in 25081.5828ms.
info: Microsoft.AspNetCore.Mvc.ViewFeatures.ViewResultExecutor[4]
      Executed ViewResult - view Index executed in 25303.4859ms.
info: Microsoft.AspNetCore.Mvc.Infrastructure.ControllerActionInvoker[105]
      Executed action Nop.Web.Controllers.CustomerController.Login (Nop.Web) in 25402.1172ms
info: Microsoft.AspNetCore.Mvc.Infrastructure.ControllerActionInvoker[105]
      Executed action Nop.Web.Controllers.HomeController.Index (Nop.Web) in 25584.2663ms
info: Microsoft.AspNetCore.Routing.EndpointMiddleware[1]
      Executed endpoint 'Nop.Web.Controllers.HomeController.Index (Nop.Web)'
info: Microsoft.AspNetCore.Routing.EndpointMiddleware[1]
      Executed endpoint 'Nop.Web.Controllers.CustomerController.Login (Nop.Web)'
info: Microsoft.AspNetCore.Hosting.Diagnostics[1]
      Request starting HTTP/2 GET https://localhost:44376/images/pixel.png - - -
info: Microsoft.AspNetCore.Hosting.Diagnostics[1]
      Request starting HTTP/2 GET https://localhost:44376/images/thumbs/0430231_gimli-rustic-freestanding-kitchen-pantry-cabinet-with-drawers_100.jpeg - - -
info: Microsoft.AspNetCore.Hosting.Diagnostics[1]
      Request starting HTTP/2 GET https://localhost:44376/Plugins/MWT.Plugin.Misc.MwtStorefront/Content/js/bootstrap.bundle.min.js.map - - -
info: Microsoft.AspNetCore.Hosting.Diagnostics[1]
      Request starting HTTP/2 GET https://localhost:44376/Plugins/MWT.Plugin.Misc.MwtStorefront/Content/css/bootstrap.min.css.map - - -
info: Microsoft.AspNetCore.Hosting.Diagnostics[1]
      Request starting HTTP/2 GET https://localhost:44376/images/icons/hand-holding-dollar-solid.svg - - -
info: Microsoft.AspNetCore.Hosting.Diagnostics[1]
      Request starting HTTP/2 GET https://localhost:44376/_framework/aspnetcore-browser-refresh.js - - -
info: Microsoft.AspNetCore.Hosting.Diagnostics[1]
      Request starting HTTP/2 GET https://localhost:44376/images/icons/hand-holding-dollar-solid.svg - - -
info: Microsoft.AspNetCore.Hosting.Diagnostics[1]
      Request starting HTTP/2 GET https://localhost:44376/Themes/BlackWhiteTheme/Content/fonts/anticdidone/BonaNova-Regular.woff2 - - -
info: Microsoft.AspNetCore.Hosting.Diagnostics[1]
      Request starting HTTP/2 GET https://localhost:44376/.well-known/appspecific/com.chrome.devtools.json - - -
info: Microsoft.AspNetCore.Hosting.Diagnostics[2]
      Request finished HTTP/2 GET https://localhost:44376/ - 200 - text/html;+charset=utf-8 27571.1104ms
info: Microsoft.AspNetCore.Hosting.Diagnostics[2]
      Request finished HTTP/2 GET https://localhost:44376/login?returnUrl=%2F - 200 - text/html;+charset=utf-8 27527.1116ms
info: Microsoft.AspNetCore.Hosting.Diagnostics[1]
      Request starting HTTP/2 GET https://localhost:44376/images/pixel.png - - -
info: Microsoft.AspNetCore.Hosting.Diagnostics[2]
      Request finished HTTP/2 GET https://localhost:44376/_framework/aspnetcore-browser-refresh.js - 200 16499 application/javascript;+charset=utf-8 1318.8516ms
info: Microsoft.AspNetCore.Routing.EndpointMiddleware[0]
      Executing endpoint 'Nop.Web.Controllers.CommonController.GenericUrl (Nop.Web)'
info: Microsoft.AspNetCore.Hosting.Diagnostics[2]
      Request finished HTTP/2 GET https://localhost:44376/images/icons/hand-holding-dollar-solid.svg - 404 - - 2247.8414ms
info: Microsoft.AspNetCore.Hosting.Diagnostics[2]
      Request finished HTTP/2 GET https://localhost:44376/Plugins/MWT.Plugin.Misc.MwtStorefront/Content/js/bootstrap.bundle.min.js.map - 404 - - 2262.7883ms
info: Microsoft.AspNetCore.Hosting.Diagnostics[2]
      Request finished HTTP/2 GET https://localhost:44376/Themes/BlackWhiteTheme/Content/fonts/anticdidone/BonaNova-Regular.woff2 - 404 - - 2105.9864ms
info: Microsoft.AspNetCore.Hosting.Diagnostics[2]
      Request finished HTTP/2 GET https://localhost:44376/images/icons/hand-holding-dollar-solid.svg - 404 - - 2172.8409ms
info: Microsoft.AspNetCore.Hosting.Diagnostics[16]
      Request reached the end of the middleware pipeline without being handled by application code. Request path: GET https://localhost:44376/Plugins/MWT.Plugin.Misc.MwtStorefront/Content/js/bootstrap.bundle.min.js.map, Response status code: 404
info: Microsoft.AspNetCore.Hosting.Diagnostics[2]
      Request finished HTTP/2 GET https://localhost:44376/Plugins/MWT.Plugin.Misc.MwtStorefront/Content/css/bootstrap.min.css.map - 404 - - 2307.9667ms
info: Microsoft.AspNetCore.Hosting.Diagnostics[2]
      Request finished HTTP/2 GET https://localhost:44376/images/thumbs/0430231_gimli-rustic-freestanding-kitchen-pantry-cabinet-with-drawers_100.jpeg - 404 - - 2520.7725ms
info: Microsoft.AspNetCore.Hosting.Diagnostics[2]
      Request finished HTTP/2 GET https://localhost:44376/.well-known/appspecific/com.chrome.devtools.json - 404 - - 2151.4421ms
info: Microsoft.AspNetCore.Hosting.Diagnostics[1]
      Request starting HTTP/2 GET https://localhost:44376/_framework/aspnetcore-browser-refresh.js - - -
info: Microsoft.AspNetCore.Hosting.Diagnostics[1]
      Request starting HTTP/2 GET https://localhost:44376/Themes/BlackWhiteTheme/Content/fonts/anticdidone/BonaNova-Regular.woff - - -
info: Microsoft.AspNetCore.Hosting.Diagnostics[16]
      Request reached the end of the middleware pipeline without being handled by application code. Request path: GET https://localhost:44376/Themes/BlackWhiteTheme/Content/fonts/anticdidone/BonaNova-Regular.woff2, Response status code: 404
info: Microsoft.AspNetCore.Hosting.Diagnostics[16]
      Request reached the end of the middleware pipeline without being handled by application code. Request path: GET https://localhost:44376/.well-known/appspecific/com.chrome.devtools.json, Response status code: 404
info: Microsoft.AspNetCore.Hosting.Diagnostics[16]
      Request reached the end of the middleware pipeline without being handled by application code. Request path: GET https://localhost:44376/images/icons/hand-holding-dollar-solid.svg, Response status code: 404
info: Microsoft.AspNetCore.Hosting.Diagnostics[1]
      Request starting HTTP/2 GET https://localhost:44376/images/phone.png - - -
info: Microsoft.AspNetCore.Hosting.Diagnostics[1]
      Request starting HTTP/2 GET https://localhost:44376/_vs/browserLink - - -
info: Microsoft.AspNetCore.Hosting.Diagnostics[1]
      Request starting HTTP/2 GET https://localhost:44376/Themes/BlackWhiteTheme/Content/images/top.png - - -
info: Microsoft.AspNetCore.Hosting.Diagnostics[1]
      Request starting HTTP/2 GET https://localhost:44376/poster.jpg - - -
info: Microsoft.AspNetCore.Hosting.Diagnostics[2]
      Request finished HTTP/2 GET https://localhost:44376/_framework/aspnetcore-browser-refresh.js - 200 16499 application/javascript;+charset=utf-8 160.7497ms
info: Microsoft.AspNetCore.Hosting.Diagnostics[16]
      Request reached the end of the middleware pipeline without being handled by application code. Request path: GET https://localhost:44376/images/icons/hand-holding-dollar-solid.svg, Response status code: 404
info: Microsoft.AspNetCore.Hosting.Diagnostics[16]
      Request reached the end of the middleware pipeline without being handled by application code. Request path: GET https://localhost:44376/Plugins/MWT.Plugin.Misc.MwtStorefront/Content/css/bootstrap.min.css.map, Response status code: 404
info: Microsoft.AspNetCore.Routing.EndpointMiddleware[0]
      Executing endpoint 'Nop.Web.Controllers.CommonController.GenericUrl (Nop.Web)'
info: Microsoft.AspNetCore.Hosting.Diagnostics[1]
      Request starting HTTP/2 GET https://localhost:44376/.well-known/appspecific/com.chrome.devtools.json - - -
info: Microsoft.AspNetCore.Hosting.Diagnostics[1]
      Request starting HTTP/2 POST https://localhost:44376/CampaignManagement/showPopup - application/x-www-form-urlencoded;+charset=UTF-8 81
info: Microsoft.AspNetCore.Hosting.Diagnostics[1]
      Request starting HTTP/2 GET https://localhost:44376/images/thumbs/0430231_gimli-rustic-freestanding-kitchen-pantry-cabinet-with-drawers_100.jpeg - - -
info: Microsoft.AspNetCore.Hosting.Diagnostics[16]
      Request reached the end of the middleware pipeline without being handled by application code. Request path: GET https://localhost:44376/images/thumbs/0430231_gimli-rustic-freestanding-kitchen-pantry-cabinet-with-drawers_100.jpeg, Response status code: 404
info: Microsoft.AspNetCore.Routing.EndpointMiddleware[0]
      Executing endpoint 'MWT.Plugin.Misc.MwtStorefront.Controllers.CampaignManagementController.ShowPopup (MWT.Plugin.Misc.MwtStorefront)'
info: Microsoft.AspNetCore.Hosting.Diagnostics[2]
      Request finished HTTP/2 GET https://localhost:44376/Themes/BlackWhiteTheme/Content/images/top.png - 404 - - 1870.5819ms
info: Microsoft.AspNetCore.Hosting.Diagnostics[16]
      Request reached the end of the middleware pipeline without being handled by application code. Request path: GET https://localhost:44376/Themes/BlackWhiteTheme/Content/images/top.png, Response status code: 404
info: Microsoft.AspNetCore.Routing.EndpointMiddleware[0]
      Executing endpoint 'Nop.Web.Controllers.CommonController.GenericUrl (Nop.Web)'
info: Microsoft.AspNetCore.Hosting.Diagnostics[2]
      Request finished HTTP/2 GET https://localhost:44376/.well-known/appspecific/com.chrome.devtools.json - 404 - - 1710.5203ms
info: Microsoft.AspNetCore.Hosting.Diagnostics[16]
      Request reached the end of the middleware pipeline without being handled by application code. Request path: GET https://localhost:44376/.well-known/appspecific/com.chrome.devtools.json, Response status code: 404
info: Microsoft.AspNetCore.Mvc.Infrastructure.ControllerActionInvoker[102]
      Route matched with {action = "GenericUrl", controller = "Common", area = ""}. Executing controller action with signature Microsoft.AspNetCore.Mvc.IActionResult GenericUrl() on controller Nop.Web.Controllers.CommonController (Nop.Web).
info: Microsoft.AspNetCore.Mvc.Infrastructure.ControllerActionInvoker[102]
      Route matched with {action = "GenericUrl", controller = "Common", area = ""}. Executing controller action with signature Microsoft.AspNetCore.Mvc.IActionResult GenericUrl() on controller Nop.Web.Controllers.CommonController (Nop.Web).
info: Microsoft.AspNetCore.Mvc.Infrastructure.ControllerActionInvoker[102]
      Route matched with {action = "GenericUrl", controller = "Common", area = ""}. Executing controller action with signature Microsoft.AspNetCore.Mvc.IActionResult GenericUrl() on controller Nop.Web.Controllers.CommonController (Nop.Web).
info: Microsoft.AspNetCore.Hosting.Diagnostics[2]
      Request finished HTTP/2 GET https://localhost:44376/images/thumbs/0430231_gimli-rustic-freestanding-kitchen-pantry-cabinet-with-drawers_100.jpeg - 404 - - 2102.9601ms
info: Microsoft.AspNetCore.Hosting.Diagnostics[2]
      Request finished HTTP/2 GET https://localhost:44376/Themes/BlackWhiteTheme/Content/fonts/anticdidone/BonaNova-Regular.woff - 404 - - 2452.0696ms
info: Microsoft.AspNetCore.Hosting.Diagnostics[16]
      Request reached the end of the middleware pipeline without being handled by application code. Request path: GET https://localhost:44376/images/thumbs/0430231_gimli-rustic-freestanding-kitchen-pantry-cabinet-with-drawers_100.jpeg, Response status code: 404
info: Microsoft.AspNetCore.Hosting.Diagnostics[1]
      Request starting HTTP/2 GET https://localhost:44376/images/phone.png - - -
info: Microsoft.AspNetCore.Hosting.Diagnostics[16]
      Request reached the end of the middleware pipeline without being handled by application code. Request path: GET https://localhost:44376/Themes/BlackWhiteTheme/Content/fonts/anticdidone/BonaNova-Regular.woff, Response status code: 404
info: Microsoft.AspNetCore.Routing.EndpointMiddleware[0]
      Executing endpoint 'Nop.Web.Controllers.CommonController.GenericUrl (Nop.Web)'
info: Microsoft.AspNetCore.Mvc.Infrastructure.ControllerActionInvoker[102]
      Route matched with {action = "ShowPopup", controller = "CampaignManagement", area = ""}. Executing controller action with signature System.Threading.Tasks.Task`1[Microsoft.AspNetCore.Mvc.IActionResult] ShowPopup(System.String, System.String, Boolean) on controller MWT.Plugin.Misc.MwtStorefront.Controllers.CampaignManagementController (MWT.Plugin.Misc.MwtStorefront).
info: Microsoft.AspNetCore.Mvc.Infrastructure.ControllerActionInvoker[102]
      Route matched with {action = "GenericUrl", controller = "Common", area = ""}. Executing controller action with signature Microsoft.AspNetCore.Mvc.IActionResult GenericUrl() on controller Nop.Web.Controllers.CommonController (Nop.Web).
info: Microsoft.AspNetCore.Mvc.Infrastructure.ControllerActionInvoker[105]
      Executed action Nop.Web.Controllers.CommonController.GenericUrl (Nop.Web) in 618.1269ms
info: Microsoft.AspNetCore.Routing.EndpointMiddleware[1]
      Executed endpoint 'Nop.Web.Controllers.CommonController.GenericUrl (Nop.Web)'
info: Microsoft.AspNetCore.Hosting.Diagnostics[2]
      Request finished HTTP/2 GET https://localhost:44376/images/phone.png - 404 - - 2897.0727ms
info: Microsoft.AspNetCore.Mvc.Infrastructure.ControllerActionInvoker[105]
      Executed action Nop.Web.Controllers.CommonController.GenericUrl (Nop.Web) in 610.3371ms
info: Microsoft.AspNetCore.Mvc.Infrastructure.ControllerActionInvoker[105]
      Executed action Nop.Web.Controllers.CommonController.GenericUrl (Nop.Web) in 60.7086ms
info: Microsoft.AspNetCore.Routing.EndpointMiddleware[1]
      Executed endpoint 'Nop.Web.Controllers.CommonController.GenericUrl (Nop.Web)'
info: Microsoft.AspNetCore.Hosting.Diagnostics[2]
      Request finished HTTP/2 GET https://localhost:44376/images/pixel.png - 404 - - 4019.9247ms
info: Microsoft.AspNetCore.Routing.EndpointMiddleware[1]
      Executed endpoint 'Nop.Web.Controllers.CommonController.GenericUrl (Nop.Web)'
info: Microsoft.AspNetCore.Hosting.Diagnostics[1]
      Request starting HTTP/2 GET https://localhost:44376/Themes/BlackWhiteTheme/Content/images/top.png - - -
info: Microsoft.AspNetCore.Mvc.Infrastructure.ControllerActionInvoker[105]
      Executed action Nop.Web.Controllers.CommonController.GenericUrl (Nop.Web) in 676.9818ms
info: Microsoft.AspNetCore.Routing.EndpointMiddleware[1]
      Executed endpoint 'Nop.Web.Controllers.CommonController.GenericUrl (Nop.Web)'
info: Microsoft.AspNetCore.Hosting.Diagnostics[2]
      Request finished HTTP/2 GET https://localhost:44376/poster.jpg - 404 - - 3039.7967ms
info: Microsoft.AspNetCore.Hosting.Diagnostics[2]
      Request finished HTTP/2 GET https://localhost:44376/images/pixel.png - 499 - - 5739.3898ms
info: Microsoft.AspNetCore.Routing.EndpointMiddleware[0]
      Executing endpoint 'Nop.Web.Controllers.CommonController.GenericUrl (Nop.Web)'
info: Microsoft.AspNetCore.Hosting.Diagnostics[1]
      Request starting HTTP/2 POST https://localhost:44376/CampaignManagement/showPopup - application/x-www-form-urlencoded;+charset=UTF-8 56
info: Microsoft.AspNetCore.Hosting.Diagnostics[1]
      Request starting HTTP/2 GET https://localhost:44376/_vs/browserLink - - -
info: Microsoft.AspNetCore.Mvc.Infrastructure.ControllerActionInvoker[102]
      Route matched with {action = "GenericUrl", controller = "Common", area = ""}. Executing controller action with signature Microsoft.AspNetCore.Mvc.IActionResult GenericUrl() on controller Nop.Web.Controllers.CommonController (Nop.Web).
info: Microsoft.AspNetCore.Routing.EndpointMiddleware[0]
      Executing endpoint 'MWT.Plugin.Misc.MwtStorefront.Controllers.CampaignManagementController.ShowPopup (MWT.Plugin.Misc.MwtStorefront)'
info: Microsoft.AspNetCore.Mvc.Infrastructure.ControllerActionInvoker[105]
      Executed action Nop.Web.Controllers.CommonController.GenericUrl (Nop.Web) in 125.5072ms
info: Microsoft.AspNetCore.Routing.EndpointMiddleware[1]
      Executed endpoint 'Nop.Web.Controllers.CommonController.GenericUrl (Nop.Web)'
info: Microsoft.AspNetCore.Hosting.Diagnostics[2]
      Request finished HTTP/2 GET https://localhost:44376/images/phone.png - 404 - - 1406.6706ms
info: Microsoft.AspNetCore.Hosting.Diagnostics[2]
      Request finished HTTP/2 GET https://localhost:44376/Themes/BlackWhiteTheme/Content/images/top.png - 404 - - 822.2567ms
info: Microsoft.AspNetCore.Hosting.Diagnostics[16]
      Request reached the end of the middleware pipeline without being handled by application code. Request path: GET https://localhost:44376/Themes/BlackWhiteTheme/Content/images/top.png, Response status code: 404
info: Microsoft.AspNetCore.Mvc.Infrastructure.ControllerActionInvoker[102]
      Route matched with {action = "ShowPopup", controller = "CampaignManagement", area = ""}. Executing controller action with signature System.Threading.Tasks.Task`1[Microsoft.AspNetCore.Mvc.IActionResult] ShowPopup(System.String, System.String, Boolean) on controller MWT.Plugin.Misc.MwtStorefront.Controllers.CampaignManagementController (MWT.Plugin.Misc.MwtStorefront).
info: Microsoft.AspNetCore.Hosting.Diagnostics[2]
      Request finished HTTP/2 GET https://localhost:44376/_vs/browserLink - 200 - text/javascript;+charset=UTF-8 3923.3369ms
info: Microsoft.AspNetCore.Hosting.Diagnostics[2]
      Request finished HTTP/2 GET https://localhost:44376/_vs/browserLink - 200 - text/javascript;+charset=UTF-8 591.7810ms
info: Microsoft.AspNetCore.Mvc.NewtonsoftJson.NewtonsoftJsonResultExecutor[2]
      Executing JsonResult, writing value of type 'MWT.Plugin.Misc.MwtStorefront.Models.Catalog.Campaign_Management.CampaignPopupResultModel'.
info: Microsoft.AspNetCore.Mvc.NewtonsoftJson.NewtonsoftJsonResultExecutor[2]
      Executing JsonResult, writing value of type 'MWT.Plugin.Misc.MwtStorefront.Models.Catalog.Campaign_Management.CampaignPopupResultModel'.
info: Microsoft.AspNetCore.Mvc.Infrastructure.ControllerActionInvoker[105]
      Executed action MWT.Plugin.Misc.MwtStorefront.Controllers.CampaignManagementController.ShowPopup (MWT.Plugin.Misc.MwtStorefront) in 211.041ms
info: Microsoft.AspNetCore.Mvc.Infrastructure.ControllerActionInvoker[105]
      Executed action MWT.Plugin.Misc.MwtStorefront.Controllers.CampaignManagementController.ShowPopup (MWT.Plugin.Misc.MwtStorefront) in 1364.2924ms
info: Microsoft.AspNetCore.Routing.EndpointMiddleware[1]
      Executed endpoint 'MWT.Plugin.Misc.MwtStorefront.Controllers.CampaignManagementController.ShowPopup (MWT.Plugin.Misc.MwtStorefront)'
info: Microsoft.AspNetCore.Routing.EndpointMiddleware[1]
      Executed endpoint 'MWT.Plugin.Misc.MwtStorefront.Controllers.CampaignManagementController.ShowPopup (MWT.Plugin.Misc.MwtStorefront)'
info: Microsoft.AspNetCore.Hosting.Diagnostics[2]
      Request finished HTTP/2 POST https://localhost:44376/CampaignManagement/showPopup - 200 - application/json;+charset=utf-8 954.7274ms
info: Microsoft.AspNetCore.Hosting.Diagnostics[2]
      Request finished HTTP/2 POST https://localhost:44376/CampaignManagement/showPopup - 200 - application/json;+charset=utf-8 3902.5505ms
info: Microsoft.AspNetCore.Hosting.Diagnostics[1]
      Request starting HTTP/2 GET https://localhost:44376/GoogleAuthentication/Login?provider=Google&returnUrl=/&isCheckout=false - - -
info: Microsoft.AspNetCore.Routing.EndpointMiddleware[0]
      Executing endpoint 'Nop.Plugin.ExternalAuth.Google.Controllers.GoogleAuthenticationController.Login (Nop.Plugin.ExternalAuth.Google)'
info: Microsoft.AspNetCore.Mvc.Infrastructure.ControllerActionInvoker[102]
      Route matched with {action = "Login", controller = "GoogleAuthentication", area = ""}. Executing controller action with signature System.Threading.Tasks.Task`1[Microsoft.AspNetCore.Mvc.IActionResult] Login(System.String, Boolean) on controller Nop.Plugin.ExternalAuth.Google.Controllers.GoogleAuthenticationController (Nop.Plugin.ExternalAuth.Google).
info: Microsoft.AspNetCore.Mvc.ChallengeResult[1]
      Executing ChallengeResult with authentication schemes (Google).
info: Microsoft.AspNetCore.Authentication.Google.GoogleHandler[12]
      AuthenticationScheme: Google was challenged.
info: Microsoft.AspNetCore.Mvc.Infrastructure.ControllerActionInvoker[105]
      Executed action Nop.Plugin.ExternalAuth.Google.Controllers.GoogleAuthenticationController.Login (Nop.Plugin.ExternalAuth.Google) in 143.0117ms
info: Microsoft.AspNetCore.Routing.EndpointMiddleware[1]
      Executed endpoint 'Nop.Plugin.ExternalAuth.Google.Controllers.GoogleAuthenticationController.Login (Nop.Plugin.ExternalAuth.Google)'
info: Microsoft.AspNetCore.Hosting.Diagnostics[2]
      Request finished HTTP/2 GET https://localhost:44376/GoogleAuthentication/Login?provider=Google&returnUrl=/&isCheckout=false - 302 - - 381.7731ms
info: Microsoft.AspNetCore.Hosting.Diagnostics[1]
      Request starting HTTP/2 GET https://localhost:44376/AppleAuthentication/Login?provider=Apple&returnUrl=/&isCheckout=false - - -
info: Microsoft.AspNetCore.Routing.EndpointMiddleware[0]
      Executing endpoint 'Nop.Plugin.ExternalAuth.Apple.Controllers.AppleAuthenticationController.Login (Nop.Plugin.ExternalAuth.Apple)'
info: Microsoft.AspNetCore.Mvc.Infrastructure.ControllerActionInvoker[102]
      Route matched with {action = "Login", controller = "AppleAuthentication", area = ""}. Executing controller action with signature System.Threading.Tasks.Task`1[Microsoft.AspNetCore.Mvc.IActionResult] Login(System.String, Boolean) on controller Nop.Plugin.ExternalAuth.Apple.Controllers.AppleAuthenticationController (Nop.Plugin.ExternalAuth.Apple).
info: Microsoft.AspNetCore.Mvc.ChallengeResult[1]
      Executing ChallengeResult with authentication schemes (Apple).
info: AspNet.Security.OAuth.Apple.AppleAuthenticationHandler[12]
      AuthenticationScheme: Apple was challenged.
info: Microsoft.AspNetCore.Mvc.Infrastructure.ControllerActionInvoker[105]
      Executed action Nop.Plugin.ExternalAuth.Apple.Controllers.AppleAuthenticationController.Login (Nop.Plugin.ExternalAuth.Apple) in 113.485ms
info: Microsoft.AspNetCore.Routing.EndpointMiddleware[1]
      Executed endpoint 'Nop.Plugin.ExternalAuth.Apple.Controllers.AppleAuthenticationController.Login (Nop.Plugin.ExternalAuth.Apple)'
info: Microsoft.AspNetCore.Hosting.Diagnostics[2]
      Request finished HTTP/2 GET https://localhost:44376/AppleAuthentication/Login?provider=Apple&returnUrl=/&isCheckout=false - 302 - - 307.7187ms
info: Microsoft.AspNetCore.Hosting.Diagnostics[1]
      Request starting HTTP/2 GET https://localhost:44376/GoogleAuthentication/Login?provider=Google&returnUrl=/&isCheckout=false - - -
info: Microsoft.AspNetCore.Routing.EndpointMiddleware[0]
      Executing endpoint 'Nop.Plugin.ExternalAuth.Google.Controllers.GoogleAuthenticationController.Login (Nop.Plugin.ExternalAuth.Google)'
info: Microsoft.AspNetCore.Mvc.Infrastructure.ControllerActionInvoker[102]
      Route matched with {action = "Login", controller = "GoogleAuthentication", area = ""}. Executing controller action with signature System.Threading.Tasks.Task`1[Microsoft.AspNetCore.Mvc.IActionResult] Login(System.String, Boolean) on controller Nop.Plugin.ExternalAuth.Google.Controllers.GoogleAuthenticationController (Nop.Plugin.ExternalAuth.Google).
info: Microsoft.AspNetCore.Mvc.ChallengeResult[1]
      Executing ChallengeResult with authentication schemes (Google).
info: Microsoft.AspNetCore.Authentication.Google.GoogleHandler[12]
      AuthenticationScheme: Google was challenged.
info: Microsoft.AspNetCore.Mvc.Infrastructure.ControllerActionInvoker[105]
      Executed action Nop.Plugin.ExternalAuth.Google.Controllers.GoogleAuthenticationController.Login (Nop.Plugin.ExternalAuth.Google) in 100.3703ms
info: Microsoft.AspNetCore.Routing.EndpointMiddleware[1]
      Executed endpoint 'Nop.Plugin.ExternalAuth.Google.Controllers.GoogleAuthenticationController.Login (Nop.Plugin.ExternalAuth.Google)'
info: Microsoft.AspNetCore.Hosting.Diagnostics[2]
      Request finished HTTP/2 GET https://localhost:44376/GoogleAuthentication/Login?provider=Google&returnUrl=/&isCheckout=false - 302 - - 349.3101ms
info: System.Net.Http.HttpClient.default.LogicalHandler[100]
      Start processing HTTP request POST https://localhost:44399/scheduletask/runtask
info: System.Net.Http.HttpClient.default.ClientHandler[100]
      Sending HTTP request POST https://localhost:44399/scheduletask/runtask
info: System.Net.Http.HttpClient.default.ClientHandler[101]
      Received HTTP response headers after 5.9794ms - 404
info: System.Net.Http.HttpClient.default.LogicalHandler[101]
      End processing HTTP request after 9.966ms - 404
info: Microsoft.AspNetCore.Hosting.Diagnostics[1]
      Request starting HTTP/2 GET https://localhost:44376/ - - -
info: Microsoft.AspNetCore.Routing.EndpointMiddleware[0]
      Executing endpoint 'Nop.Web.Controllers.HomeController.Index (Nop.Web)'
info: Microsoft.AspNetCore.Mvc.Infrastructure.ControllerActionInvoker[102]
      Route matched with {action = "Index", controller = "Home", area = ""}. Executing controller action with signature Microsoft.AspNetCore.Mvc.IActionResult Index() on controller Nop.Web.Controllers.HomeController (Nop.Web).
info: Microsoft.AspNetCore.Mvc.ViewFeatures.ViewResultExecutor[1]
      Executing ViewResult, running view Index.
info: Microsoft.AspNetCore.Mvc.ViewFeatures.ViewResultExecutor[4]
      Executed ViewResult - view Index executed in 917.5474ms.
info: Microsoft.AspNetCore.Mvc.Infrastructure.ControllerActionInvoker[105]
      Executed action Nop.Web.Controllers.HomeController.Index (Nop.Web) in 923.2864ms
info: Microsoft.AspNetCore.Routing.EndpointMiddleware[1]
      Executed endpoint 'Nop.Web.Controllers.HomeController.Index (Nop.Web)'
info: Microsoft.AspNetCore.Hosting.Diagnostics[2]
      Request finished HTTP/2 GET https://localhost:44376/ - 200 - text/html;+charset=utf-8 1249.1947ms
info: Microsoft.AspNetCore.Hosting.Diagnostics[1]
      Request starting HTTP/2 GET https://localhost:44376/images/pixel.png - - -
info: Microsoft.AspNetCore.Hosting.Diagnostics[1]
      Request starting HTTP/2 GET https://localhost:44376/_framework/aspnetcore-browser-refresh.js - - -
info: Microsoft.AspNetCore.Hosting.Diagnostics[2]
      Request finished HTTP/2 GET https://localhost:44376/_framework/aspnetcore-browser-refresh.js - 200 16499 application/javascript;+charset=utf-8 2.2287ms
info: Microsoft.AspNetCore.Routing.EndpointMiddleware[0]
      Executing endpoint 'Nop.Web.Controllers.CommonController.GenericUrl (Nop.Web)'
info: Microsoft.AspNetCore.Mvc.Infrastructure.ControllerActionInvoker[102]
      Route matched with {action = "GenericUrl", controller = "Common", area = ""}. Executing controller action with signature Microsoft.AspNetCore.Mvc.IActionResult GenericUrl() on controller Nop.Web.Controllers.CommonController (Nop.Web).
info: Microsoft.AspNetCore.Mvc.Infrastructure.ControllerActionInvoker[105]
      Executed action Nop.Web.Controllers.CommonController.GenericUrl (Nop.Web) in 5.259ms
info: Microsoft.AspNetCore.Routing.EndpointMiddleware[1]
      Executed endpoint 'Nop.Web.Controllers.CommonController.GenericUrl (Nop.Web)'
info: Microsoft.AspNetCore.Hosting.Diagnostics[2]
      Request finished HTTP/2 GET https://localhost:44376/images/pixel.png - 404 - - 246.2941ms
info: Microsoft.AspNetCore.Hosting.Diagnostics[1]
      Request starting HTTP/2 POST https://localhost:44376/CampaignManagement/showPopup - application/x-www-form-urlencoded;+charset=UTF-8 56
info: Microsoft.AspNetCore.Routing.EndpointMiddleware[0]
      Executing endpoint 'MWT.Plugin.Misc.MwtStorefront.Controllers.CampaignManagementController.ShowPopup (MWT.Plugin.Misc.MwtStorefront)'
info: Microsoft.AspNetCore.Mvc.Infrastructure.ControllerActionInvoker[102]
      Route matched with {action = "ShowPopup", controller = "CampaignManagement", area = ""}. Executing controller action with signature System.Threading.Tasks.Task`1[Microsoft.AspNetCore.Mvc.IActionResult] ShowPopup(System.String, System.String, Boolean) on controller MWT.Plugin.Misc.MwtStorefront.Controllers.CampaignManagementController (MWT.Plugin.Misc.MwtStorefront).
info: Microsoft.AspNetCore.Mvc.NewtonsoftJson.NewtonsoftJsonResultExecutor[2]
      Executing JsonResult, writing value of type 'MWT.Plugin.Misc.MwtStorefront.Models.Catalog.Campaign_Management.CampaignPopupResultModel'.
info: Microsoft.AspNetCore.Mvc.Infrastructure.ControllerActionInvoker[105]
      Executed action MWT.Plugin.Misc.MwtStorefront.Controllers.CampaignManagementController.ShowPopup (MWT.Plugin.Misc.MwtStorefront) in 13.6264ms
info: Microsoft.AspNetCore.Routing.EndpointMiddleware[1]
      Executed endpoint 'MWT.Plugin.Misc.MwtStorefront.Controllers.CampaignManagementController.ShowPopup (MWT.Plugin.Misc.MwtStorefront)'
info: Microsoft.AspNetCore.Hosting.Diagnostics[2]
      Request finished HTTP/2 POST https://localhost:44376/CampaignManagement/showPopup - 200 - application/json;+charset=utf-8 254.7265ms
info: System.Net.Http.HttpClient.default.LogicalHandler[100]
      Start processing HTTP request POST https://localhost:44399/scheduletask/runtask
info: System.Net.Http.HttpClient.default.ClientHandler[100]
      Sending HTTP request POST https://localhost:44399/scheduletask/runtask
info: System.Net.Http.HttpClient.default.ClientHandler[101]
      Received HTTP response headers after 5.5533ms - 404
info: System.Net.Http.HttpClient.default.LogicalHandler[101]
      End processing HTTP request after 10.6702ms - 404
info: Microsoft.AspNetCore.Hosting.Diagnostics[1]
      Request starting HTTP/2 GET https://localhost:44376/admin - - -
info: Microsoft.AspNetCore.Routing.EndpointMiddleware[0]
      Executing endpoint 'Nop.Web.Areas.Admin.Controllers.HomeController.Index (Nop.Web)'
info: Microsoft.AspNetCore.Mvc.Infrastructure.ControllerActionInvoker[102]
      Route matched with {area = "Admin", action = "Index", controller = "Home"}. Executing controller action with signature System.Threading.Tasks.Task`1[Microsoft.AspNetCore.Mvc.IActionResult] Index() on controller Nop.Web.Areas.Admin.Controllers.HomeController (Nop.Web).
info: Microsoft.AspNetCore.Mvc.Infrastructure.ControllerActionInvoker[3]
      Authorization failed for the request at filter 'Nop.Web.Framework.Mvc.Filters.AuthorizeAdminAttribute+AuthorizeAdminFilter'.
info: Microsoft.AspNetCore.Mvc.ChallengeResult[1]
      Executing ChallengeResult with authentication schemes ().
info: Microsoft.AspNetCore.Authentication.Cookies.CookieAuthenticationHandler[12]
      AuthenticationScheme: Authentication was challenged.
info: Microsoft.AspNetCore.Mvc.Infrastructure.ControllerActionInvoker[105]
      Executed action Nop.Web.Areas.Admin.Controllers.HomeController.Index (Nop.Web) in 8.7676ms
info: Microsoft.AspNetCore.Routing.EndpointMiddleware[1]
      Executed endpoint 'Nop.Web.Areas.Admin.Controllers.HomeController.Index (Nop.Web)'
info: Microsoft.AspNetCore.Hosting.Diagnostics[2]
      Request finished HTTP/2 GET https://localhost:44376/admin - 302 - - 222.1570ms
info: Microsoft.AspNetCore.Hosting.Diagnostics[1]
      Request starting HTTP/2 GET https://localhost:44376/login?returnUrl=%2Fadmin - - -
info: Microsoft.AspNetCore.Routing.EndpointMiddleware[0]
      Executing endpoint 'Nop.Web.Controllers.CustomerController.Login (Nop.Web)'
info: Microsoft.AspNetCore.Mvc.Infrastructure.ControllerActionInvoker[102]
      Route matched with {action = "Login", controller = "Customer", area = ""}. Executing controller action with signature System.Threading.Tasks.Task`1[Microsoft.AspNetCore.Mvc.IActionResult] Login(System.Nullable`1[System.Boolean]) on controller Nop.Web.Controllers.CustomerController (Nop.Web).
info: Microsoft.AspNetCore.Mvc.ViewFeatures.ViewResultExecutor[1]
      Executing ViewResult, running view Login.
info: Microsoft.AspNetCore.Mvc.ViewFeatures.ViewResultExecutor[4]
      Executed ViewResult - view Login executed in 196.0884ms.
info: Microsoft.AspNetCore.Mvc.Infrastructure.ControllerActionInvoker[105]
      Executed action Nop.Web.Controllers.CustomerController.Login (Nop.Web) in 523.3792ms
info: Microsoft.AspNetCore.Routing.EndpointMiddleware[1]
      Executed endpoint 'Nop.Web.Controllers.CustomerController.Login (Nop.Web)'
info: Microsoft.AspNetCore.Hosting.Diagnostics[1]
      Request starting HTTP/2 GET https://localhost:44376/Plugins/ExternalAuth.Apple/Content/applestyles.css - - -
info: Microsoft.AspNetCore.Hosting.Diagnostics[1]
      Request starting HTTP/2 GET https://localhost:44376/Plugins/ExternalAuth.Google/Content/googlestyles.css - - -
info: Microsoft.AspNetCore.Hosting.Diagnostics[2]
      Request finished HTTP/2 GET https://localhost:44376/login?returnUrl=%2Fadmin - 200 - text/html;+charset=utf-8 884.6393ms
info: Microsoft.AspNetCore.StaticFiles.StaticFileMiddleware[2]
      Sending file. Request path: '/ExternalAuth.Google/Content/googlestyles.css'. Physical path: 'D:\Mind web Tree\Slc4.9\Source Code\Presentation\Nop.Web\Plugins\ExternalAuth.Google\Content\googlestyles.css'
info: Microsoft.AspNetCore.Hosting.Diagnostics[2]
      Request finished HTTP/2 GET https://localhost:44376/Plugins/ExternalAuth.Google/Content/googlestyles.css - 200 1019 text/css 59.6862ms
info: Microsoft.AspNetCore.StaticFiles.StaticFileMiddleware[2]
      Sending file. Request path: '/ExternalAuth.Apple/Content/applestyles.css'. Physical path: 'D:\Mind web Tree\Slc4.9\Source Code\Presentation\Nop.Web\Plugins\ExternalAuth.Apple\Content\applestyles.css'
info: Microsoft.AspNetCore.Hosting.Diagnostics[2]
      Request finished HTTP/2 GET https://localhost:44376/Plugins/ExternalAuth.Apple/Content/applestyles.css - 200 600 text/css 237.3044ms
info: Microsoft.AspNetCore.Hosting.Diagnostics[1]
      Request starting HTTP/2 GET https://localhost:44376/_framework/aspnetcore-browser-refresh.js - - -
info: Microsoft.AspNetCore.Hosting.Diagnostics[2]
      Request finished HTTP/2 GET https://localhost:44376/_framework/aspnetcore-browser-refresh.js - 200 16499 application/javascript;+charset=utf-8 22.1339ms
info: Microsoft.AspNetCore.Hosting.Diagnostics[1]
      Request starting HTTP/2 GET https://localhost:44376/images/icons/hand-holding-dollar-solid.svg - - -
info: Microsoft.AspNetCore.Hosting.Diagnostics[1]
      Request starting HTTP/2 GET https://localhost:44376/images/phone.png - - -
info: Microsoft.AspNetCore.Hosting.Diagnostics[1]
      Request starting HTTP/2 GET https://localhost:44376/Themes/BlackWhiteTheme/Content/images/top.png - - -
info: Microsoft.AspNetCore.Hosting.Diagnostics[2]
      Request finished HTTP/2 GET https://localhost:44376/images/icons/hand-holding-dollar-solid.svg - 404 - - 776.5317ms
info: Microsoft.AspNetCore.Hosting.Diagnostics[16]
      Request reached the end of the middleware pipeline without being handled by application code. Request path: GET https://localhost:44376/images/icons/hand-holding-dollar-solid.svg, Response status code: 404
info: Microsoft.AspNetCore.Routing.EndpointMiddleware[0]
      Executing endpoint 'Nop.Web.Controllers.CommonController.GenericUrl (Nop.Web)'
info: Microsoft.AspNetCore.Hosting.Diagnostics[2]
      Request finished HTTP/2 GET https://localhost:44376/Themes/BlackWhiteTheme/Content/images/top.png - 404 - - 582.5869ms
info: Microsoft.AspNetCore.Hosting.Diagnostics[16]
      Request reached the end of the middleware pipeline without being handled by application code. Request path: GET https://localhost:44376/Themes/BlackWhiteTheme/Content/images/top.png, Response status code: 404
info: Microsoft.AspNetCore.Hosting.Diagnostics[1]
      Request starting HTTP/2 POST https://localhost:44376/CampaignManagement/showPopup - application/x-www-form-urlencoded;+charset=UTF-8 86
info: Microsoft.AspNetCore.Mvc.Infrastructure.ControllerActionInvoker[102]
      Route matched with {action = "GenericUrl", controller = "Common", area = ""}. Executing controller action with signature Microsoft.AspNetCore.Mvc.IActionResult GenericUrl() on controller Nop.Web.Controllers.CommonController (Nop.Web).
info: Microsoft.AspNetCore.Hosting.Diagnostics[1]
      Request starting HTTP/2 GET https://localhost:44376/_vs/browserLink - - -
info: Microsoft.AspNetCore.Routing.EndpointMiddleware[0]
      Executing endpoint 'MWT.Plugin.Misc.MwtStorefront.Controllers.CampaignManagementController.ShowPopup (MWT.Plugin.Misc.MwtStorefront)'
info: Microsoft.AspNetCore.Mvc.Infrastructure.ControllerActionInvoker[102]
      Route matched with {action = "ShowPopup", controller = "CampaignManagement", area = ""}. Executing controller action with signature System.Threading.Tasks.Task`1[Microsoft.AspNetCore.Mvc.IActionResult] ShowPopup(System.String, System.String, Boolean) on controller MWT.Plugin.Misc.MwtStorefront.Controllers.CampaignManagementController (MWT.Plugin.Misc.MwtStorefront).
info: Microsoft.AspNetCore.Mvc.Infrastructure.ControllerActionInvoker[105]
      Executed action Nop.Web.Controllers.CommonController.GenericUrl (Nop.Web) in 237.7564ms
info: Microsoft.AspNetCore.Routing.EndpointMiddleware[1]
      Executed endpoint 'Nop.Web.Controllers.CommonController.GenericUrl (Nop.Web)'
info: Microsoft.AspNetCore.Hosting.Diagnostics[2]
      Request finished HTTP/2 GET https://localhost:44376/images/phone.png - 404 - - 1311.0701ms
info: Microsoft.AspNetCore.Hosting.Diagnostics[2]
      Request finished HTTP/2 GET https://localhost:44376/_vs/browserLink - 200 - text/javascript;+charset=UTF-8 272.7192ms
info: Microsoft.AspNetCore.Mvc.NewtonsoftJson.NewtonsoftJsonResultExecutor[2]
      Executing JsonResult, writing value of type 'MWT.Plugin.Misc.MwtStorefront.Models.Catalog.Campaign_Management.CampaignPopupResultModel'.
info: Microsoft.AspNetCore.Mvc.Infrastructure.ControllerActionInvoker[105]
      Executed action MWT.Plugin.Misc.MwtStorefront.Controllers.CampaignManagementController.ShowPopup (MWT.Plugin.Misc.MwtStorefront) in 44.7947ms
info: Microsoft.AspNetCore.Routing.EndpointMiddleware[1]
      Executed endpoint 'MWT.Plugin.Misc.MwtStorefront.Controllers.CampaignManagementController.ShowPopup (MWT.Plugin.Misc.MwtStorefront)'
info: Microsoft.AspNetCore.Hosting.Diagnostics[2]
      Request finished HTTP/2 POST https://localhost:44376/CampaignManagement/showPopup - 200 - application/json;+charset=utf-8 418.6517ms
info: Microsoft.AspNetCore.Hosting.Diagnostics[1]
      Request starting HTTP/2 POST https://localhost:44376/login?returnurl=%2F - application/x-www-form-urlencoded 2567
info: Microsoft.AspNetCore.Routing.EndpointMiddleware[0]
      Executing endpoint 'Nop.Web.Controllers.CustomerController.Login (Nop.Web)'
info: Microsoft.AspNetCore.Mvc.Infrastructure.ControllerActionInvoker[102]
      Route matched with {action = "Login", controller = "Customer", area = ""}. Executing controller action with signature System.Threading.Tasks.Task`1[Microsoft.AspNetCore.Mvc.IActionResult] Login(Nop.Web.Models.Customer.LoginModel, System.String, Boolean) on controller Nop.Web.Controllers.CustomerController (Nop.Web).
info: System.Net.Http.HttpClient.CaptchaHttpClient.LogicalHandler[100]
      Start processing HTTP request GET https://www.google.com/recaptcha/api/siteverify?*
info: System.Net.Http.HttpClient.CaptchaHttpClient.ClientHandler[100]
      Sending HTTP request GET https://www.google.com/recaptcha/api/siteverify?*
info: System.Net.Http.HttpClient.CaptchaHttpClient.ClientHandler[101]
      Received HTTP response headers after 225.0462ms - 200
info: System.Net.Http.HttpClient.CaptchaHttpClient.LogicalHandler[101]
      End processing HTTP request after 228.951ms - 200
info: Microsoft.AspNetCore.Authentication.Cookies.CookieAuthenticationHandler[10]
      AuthenticationScheme: Authentication signed in.
info: Microsoft.AspNetCore.Mvc.Infrastructure.RedirectResultExecutor[1]
      Executing RedirectResult, redirecting to /.
info: Microsoft.AspNetCore.Mvc.Infrastructure.ControllerActionInvoker[105]
      Executed action Nop.Web.Controllers.CustomerController.Login (Nop.Web) in 608.9097ms
info: Microsoft.AspNetCore.Routing.EndpointMiddleware[1]
      Executed endpoint 'Nop.Web.Controllers.CustomerController.Login (Nop.Web)'
info: Microsoft.AspNetCore.Hosting.Diagnostics[2]
      Request finished HTTP/2 POST https://localhost:44376/login?returnurl=%2F - 302 - - 866.7743ms
info: Microsoft.AspNetCore.Hosting.Diagnostics[1]
      Request starting HTTP/2 GET https://localhost:44376/ - - -
info: Microsoft.AspNetCore.Routing.EndpointMiddleware[0]
      Executing endpoint 'Nop.Web.Controllers.HomeController.Index (Nop.Web)'
info: Microsoft.AspNetCore.Mvc.Infrastructure.ControllerActionInvoker[102]
      Route matched with {action = "Index", controller = "Home", area = ""}. Executing controller action with signature Microsoft.AspNetCore.Mvc.IActionResult Index() on controller Nop.Web.Controllers.HomeController (Nop.Web).
info: Microsoft.AspNetCore.Mvc.ViewFeatures.ViewResultExecutor[1]
      Executing ViewResult, running view Index.
info: Microsoft.AspNetCore.Mvc.ViewFeatures.ViewResultExecutor[4]
      Executed ViewResult - view Index executed in 308.5594ms.
info: Microsoft.AspNetCore.Mvc.Infrastructure.ControllerActionInvoker[105]
      Executed action Nop.Web.Controllers.HomeController.Index (Nop.Web) in 313.1052ms
info: Microsoft.AspNetCore.Routing.EndpointMiddleware[1]
      Executed endpoint 'Nop.Web.Controllers.HomeController.Index (Nop.Web)'
info: Microsoft.AspNetCore.Hosting.Diagnostics[2]
      Request finished HTTP/2 GET https://localhost:44376/ - 200 - text/html;+charset=utf-8 581.0591ms
info: Microsoft.AspNetCore.Hosting.Diagnostics[1]
      Request starting HTTP/2 GET https://localhost:44376/.well-known/appspecific/com.chrome.devtools.json - - -
info: Microsoft.AspNetCore.Hosting.Diagnostics[1]
      Request starting HTTP/2 GET https://localhost:44376/images/pixel.png - - -
info: Microsoft.AspNetCore.Hosting.Diagnostics[1]
      Request starting HTTP/2 GET https://localhost:44376/images/thumbs/0430231_gimli-rustic-freestanding-kitchen-pantry-cabinet-with-drawers_100.jpeg - - -
info: Microsoft.AspNetCore.Hosting.Diagnostics[1]
      Request starting HTTP/2 GET https://localhost:44376/images/icons/hand-holding-dollar-solid.svg - - -
info: Microsoft.AspNetCore.Hosting.Diagnostics[1]
      Request starting HTTP/2 GET https://localhost:44376/Themes/BlackWhiteTheme/Content/images/top.png - - -
info: Microsoft.AspNetCore.Hosting.Diagnostics[1]
      Request starting HTTP/2 GET https://localhost:44376/Themes/BlackWhiteTheme/Content/fonts/anticdidone/BonaNova-Regular.woff2 - - -
info: Microsoft.AspNetCore.Hosting.Diagnostics[1]
      Request starting HTTP/2 GET https://localhost:44376/Plugins/MWT.Plugin.Misc.MwtStorefront/Content/css/bootstrap.min.css.map - - -
info: Microsoft.AspNetCore.Hosting.Diagnostics[1]
      Request starting HTTP/2 GET https://localhost:44376/images/phone.png - - -
info: Microsoft.AspNetCore.Hosting.Diagnostics[1]
      Request starting HTTP/2 GET https://localhost:44376/poster.jpg - - -
info: Microsoft.AspNetCore.Hosting.Diagnostics[1]
      Request starting HTTP/2 GET https://localhost:44376/_vs/browserLink - - -
info: Microsoft.AspNetCore.Hosting.Diagnostics[1]
      Request starting HTTP/2 GET https://localhost:44376/_framework/aspnetcore-browser-refresh.js - - -
info: Microsoft.AspNetCore.Hosting.Diagnostics[2]
      Request finished HTTP/2 GET https://localhost:44376/_framework/aspnetcore-browser-refresh.js - 200 16499 application/javascript;+charset=utf-8 60.2146ms
info: Microsoft.AspNetCore.Hosting.Diagnostics[1]
      Request starting HTTP/2 POST https://localhost:44376/CampaignManagement/showPopup - application/x-www-form-urlencoded;+charset=UTF-8 56
info: Microsoft.AspNetCore.Hosting.Diagnostics[1]
      Request starting HTTP/2 GET https://localhost:44376/Plugins/MWT.Plugin.Misc.MwtStorefront/Content/js/bootstrap.bundle.min.js.map - - -
info: Microsoft.AspNetCore.Routing.EndpointMiddleware[0]
      Executing endpoint 'Nop.Web.Controllers.CommonController.GenericUrl (Nop.Web)'
info: Microsoft.AspNetCore.Hosting.Diagnostics[2]
      Request finished HTTP/2 GET https://localhost:44376/.well-known/appspecific/com.chrome.devtools.json - 404 - - 2274.7819ms
info: Microsoft.AspNetCore.Hosting.Diagnostics[16]
      Request reached the end of the middleware pipeline without being handled by application code. Request path: GET https://localhost:44376/.well-known/appspecific/com.chrome.devtools.json, Response status code: 404
info: Microsoft.AspNetCore.Hosting.Diagnostics[2]
      Request finished HTTP/2 GET https://localhost:44376/Themes/BlackWhiteTheme/Content/images/top.png - 404 - - 2227.0717ms
info: Microsoft.AspNetCore.Hosting.Diagnostics[2]
      Request finished HTTP/2 GET https://localhost:44376/Themes/BlackWhiteTheme/Content/fonts/anticdidone/BonaNova-Regular.woff2 - 404 - - 2234.2003ms
info: Microsoft.AspNetCore.Mvc.Infrastructure.ControllerActionInvoker[102]
      Route matched with {action = "GenericUrl", controller = "Common", area = ""}. Executing controller action with signature Microsoft.AspNetCore.Mvc.IActionResult GenericUrl() on controller Nop.Web.Controllers.CommonController (Nop.Web).
info: Microsoft.AspNetCore.Hosting.Diagnostics[16]
      Request reached the end of the middleware pipeline without being handled by application code. Request path: GET https://localhost:44376/Themes/BlackWhiteTheme/Content/fonts/anticdidone/BonaNova-Regular.woff2, Response status code: 404
info: Microsoft.AspNetCore.Hosting.Diagnostics[1]
      Request starting HTTP/2 GET https://localhost:44376/Themes/BlackWhiteTheme/Content/fonts/anticdidone/BonaNova-Regular.woff - - -
info: Microsoft.AspNetCore.Routing.EndpointMiddleware[0]
      Executing endpoint 'MWT.Plugin.Misc.MwtStorefront.Controllers.CampaignManagementController.ShowPopup (MWT.Plugin.Misc.MwtStorefront)'
info: Microsoft.AspNetCore.Hosting.Diagnostics[16]
      Request reached the end of the middleware pipeline without being handled by application code. Request path: GET https://localhost:44376/Themes/BlackWhiteTheme/Content/images/top.png, Response status code: 404
info: Microsoft.AspNetCore.Mvc.Infrastructure.ControllerActionInvoker[105]
      Executed action Nop.Web.Controllers.CommonController.GenericUrl (Nop.Web) in 234.6242ms
info: Microsoft.AspNetCore.Routing.EndpointMiddleware[1]
      Executed endpoint 'Nop.Web.Controllers.CommonController.GenericUrl (Nop.Web)'
info: Microsoft.AspNetCore.Hosting.Diagnostics[2]
      Request finished HTTP/2 GET https://localhost:44376/images/pixel.png - 404 - - 2690.3867ms
info: Microsoft.AspNetCore.Mvc.Infrastructure.ControllerActionInvoker[102]
      Route matched with {action = "ShowPopup", controller = "CampaignManagement", area = ""}. Executing controller action with signature System.Threading.Tasks.Task`1[Microsoft.AspNetCore.Mvc.IActionResult] ShowPopup(System.String, System.String, Boolean) on controller MWT.Plugin.Misc.MwtStorefront.Controllers.CampaignManagementController (MWT.Plugin.Misc.MwtStorefront).
info: Microsoft.AspNetCore.Hosting.Diagnostics[2]
      Request finished HTTP/2 GET https://localhost:44376/images/thumbs/0430231_gimli-rustic-freestanding-kitchen-pantry-cabinet-with-drawers_100.jpeg - 404 - - 2872.2452ms
info: Microsoft.AspNetCore.Hosting.Diagnostics[16]
      Request reached the end of the middleware pipeline without being handled by application code. Request path: GET https://localhost:44376/images/thumbs/0430231_gimli-rustic-freestanding-kitchen-pantry-cabinet-with-drawers_100.jpeg, Response status code: 404
info: Microsoft.AspNetCore.Hosting.Diagnostics[2]
      Request finished HTTP/2 GET https://localhost:44376/Plugins/MWT.Plugin.Misc.MwtStorefront/Content/css/bootstrap.min.css.map - 404 - - 3043.3753ms
info: Microsoft.AspNetCore.Routing.EndpointMiddleware[0]
      Executing endpoint 'Nop.Web.Controllers.CommonController.GenericUrl (Nop.Web)'
info: Microsoft.AspNetCore.Hosting.Diagnostics[16]
      Request reached the end of the middleware pipeline without being handled by application code. Request path: GET https://localhost:44376/Plugins/MWT.Plugin.Misc.MwtStorefront/Content/css/bootstrap.min.css.map, Response status code: 404
info: Microsoft.AspNetCore.Hosting.Diagnostics[2]
      Request finished HTTP/2 GET https://localhost:44376/_vs/browserLink - 200 - text/javascript;+charset=UTF-8 1498.3502ms
info: Microsoft.AspNetCore.Mvc.Infrastructure.ControllerActionInvoker[102]
      Route matched with {action = "GenericUrl", controller = "Common", area = ""}. Executing controller action with signature Microsoft.AspNetCore.Mvc.IActionResult GenericUrl() on controller Nop.Web.Controllers.CommonController (Nop.Web).
info: Microsoft.AspNetCore.Hosting.Diagnostics[2]
      Request finished HTTP/2 GET https://localhost:44376/images/icons/hand-holding-dollar-solid.svg - 404 - - 3157.5091ms
info: Microsoft.AspNetCore.Hosting.Diagnostics[16]
      Request reached the end of the middleware pipeline without being handled by application code. Request path: GET https://localhost:44376/images/icons/hand-holding-dollar-solid.svg, Response status code: 404
info: Microsoft.AspNetCore.Routing.EndpointMiddleware[0]
      Executing endpoint 'Nop.Web.Controllers.CommonController.GenericUrl (Nop.Web)'
info: Microsoft.AspNetCore.Mvc.Infrastructure.ControllerActionInvoker[105]
      Executed action Nop.Web.Controllers.CommonController.GenericUrl (Nop.Web) in 10.3191ms
info: Microsoft.AspNetCore.Routing.EndpointMiddleware[1]
      Executed endpoint 'Nop.Web.Controllers.CommonController.GenericUrl (Nop.Web)'
info: Microsoft.AspNetCore.Hosting.Diagnostics[2]
      Request finished HTTP/2 GET https://localhost:44376/Themes/BlackWhiteTheme/Content/fonts/anticdidone/BonaNova-Regular.woff - 404 - - 833.1958ms
info: Microsoft.AspNetCore.Hosting.Diagnostics[2]
      Request finished HTTP/2 GET https://localhost:44376/poster.jpg - 404 - - 1876.7914ms
info: Microsoft.AspNetCore.Hosting.Diagnostics[16]
      Request reached the end of the middleware pipeline without being handled by application code. Request path: GET https://localhost:44376/Themes/BlackWhiteTheme/Content/fonts/anticdidone/BonaNova-Regular.woff, Response status code: 404
info: Microsoft.AspNetCore.Mvc.Infrastructure.ControllerActionInvoker[102]
      Route matched with {action = "GenericUrl", controller = "Common", area = ""}. Executing controller action with signature Microsoft.AspNetCore.Mvc.IActionResult GenericUrl() on controller Nop.Web.Controllers.CommonController (Nop.Web).
info: Microsoft.AspNetCore.Mvc.NewtonsoftJson.NewtonsoftJsonResultExecutor[2]
      Executing JsonResult, writing value of type 'MWT.Plugin.Misc.MwtStorefront.Models.Catalog.Campaign_Management.CampaignPopupResultModel'.
info: Microsoft.AspNetCore.Mvc.Infrastructure.ControllerActionInvoker[105]
      Executed action Nop.Web.Controllers.CommonController.GenericUrl (Nop.Web) in 8.1347ms
info: Microsoft.AspNetCore.Mvc.Infrastructure.ControllerActionInvoker[105]
      Executed action MWT.Plugin.Misc.MwtStorefront.Controllers.CampaignManagementController.ShowPopup (MWT.Plugin.Misc.MwtStorefront) in 569.1984ms
info: Microsoft.AspNetCore.Routing.EndpointMiddleware[1]
      Executed endpoint 'Nop.Web.Controllers.CommonController.GenericUrl (Nop.Web)'
info: Microsoft.AspNetCore.Routing.EndpointMiddleware[1]
      Executed endpoint 'MWT.Plugin.Misc.MwtStorefront.Controllers.CampaignManagementController.ShowPopup (MWT.Plugin.Misc.MwtStorefront)'
info: Microsoft.AspNetCore.Hosting.Diagnostics[2]
      Request finished HTTP/2 POST https://localhost:44376/CampaignManagement/showPopup - 200 - application/json;+charset=utf-8 1444.8855ms
info: Microsoft.AspNetCore.Hosting.Diagnostics[2]
      Request finished HTTP/2 GET https://localhost:44376/Plugins/MWT.Plugin.Misc.MwtStorefront/Content/js/bootstrap.bundle.min.js.map - 404 - - 1602.8310ms
info: Microsoft.AspNetCore.Hosting.Diagnostics[2]
      Request finished HTTP/2 GET https://localhost:44376/images/phone.png - 404 - - 2771.9409ms
info: Microsoft.AspNetCore.Hosting.Diagnostics[16]
      Request reached the end of the middleware pipeline without being handled by application code. Request path: GET https://localhost:44376/Plugins/MWT.Plugin.Misc.MwtStorefront/Content/js/bootstrap.bundle.min.js.map, Response status code: 404
info: Microsoft.AspNetCore.Hosting.Diagnostics[1]
      Request starting HTTP/2 POST https://localhost:44376/CampaignManagement/ImpressionPopup - application/x-www-form-urlencoded;+charset=UTF-8 93
info: Microsoft.AspNetCore.Routing.EndpointMiddleware[0]
      Executing endpoint 'MWT.Plugin.Misc.MwtStorefront.Controllers.CampaignManagementController.ImpressionPopup (MWT.Plugin.Misc.MwtStorefront)'
info: Microsoft.AspNetCore.Mvc.Infrastructure.ControllerActionInvoker[102]
      Route matched with {action = "ImpressionPopup", controller = "CampaignManagement", area = ""}. Executing controller action with signature System.Threading.Tasks.Task`1[Microsoft.AspNetCore.Mvc.IActionResult] ImpressionPopup(Int32, System.String, System.String, System.String, System.String, Int32, Boolean) on controller MWT.Plugin.Misc.MwtStorefront.Controllers.CampaignManagementController (MWT.Plugin.Misc.MwtStorefront).
info: Microsoft.AspNetCore.Mvc.NewtonsoftJson.NewtonsoftJsonResultExecutor[2]
      Executing JsonResult, writing value of type '<>f__AnonymousType30`1[[System.Net.HttpStatusCode, System.Net.Primitives, Version=9.0.0.0, Culture=neutral, PublicKeyToken=b03f5f7f11d50a3a]]'.
info: Microsoft.AspNetCore.Mvc.Infrastructure.ControllerActionInvoker[105]
      Executed action MWT.Plugin.Misc.MwtStorefront.Controllers.CampaignManagementController.ImpressionPopup (MWT.Plugin.Misc.MwtStorefront) in 101.2553ms
info: Microsoft.AspNetCore.Routing.EndpointMiddleware[1]
      Executed endpoint 'MWT.Plugin.Misc.MwtStorefront.Controllers.CampaignManagementController.ImpressionPopup (MWT.Plugin.Misc.MwtStorefront)'
info: Microsoft.AspNetCore.Hosting.Diagnostics[2]
      Request finished HTTP/2 POST https://localhost:44376/CampaignManagement/ImpressionPopup - 200 - application/json;+charset=utf-8 307.5920ms
info: Microsoft.AspNetCore.Hosting.Diagnostics[1]
      Request starting HTTP/2 POST https://localhost:44376/CampaignManagement/ExitPopup - application/x-www-form-urlencoded;+charset=UTF-8 54
info: Microsoft.AspNetCore.Routing.EndpointMiddleware[0]
      Executing endpoint 'MWT.Plugin.Misc.MwtStorefront.Controllers.CampaignManagementController.ExitPopup (MWT.Plugin.Misc.MwtStorefront)'
info: Microsoft.AspNetCore.Mvc.Infrastructure.ControllerActionInvoker[102]
      Route matched with {action = "ExitPopup", controller = "CampaignManagement", area = ""}. Executing controller action with signature System.Threading.Tasks.Task`1[Microsoft.AspNetCore.Mvc.IActionResult] ExitPopup(Int32, System.String, System.String, System.String, System.String) on controller MWT.Plugin.Misc.MwtStorefront.Controllers.CampaignManagementController (MWT.Plugin.Misc.MwtStorefront).
info: Microsoft.AspNetCore.Mvc.NewtonsoftJson.NewtonsoftJsonResultExecutor[2]
      Executing JsonResult, writing value of type '<>f__AnonymousType30`1[[System.Net.HttpStatusCode, System.Net.Primitives, Version=9.0.0.0, Culture=neutral, PublicKeyToken=b03f5f7f11d50a3a]]'.
info: Microsoft.AspNetCore.Mvc.Infrastructure.ControllerActionInvoker[105]
      Executed action MWT.Plugin.Misc.MwtStorefront.Controllers.CampaignManagementController.ExitPopup (MWT.Plugin.Misc.MwtStorefront) in 67.0586ms
info: Microsoft.AspNetCore.Routing.EndpointMiddleware[1]
      Executed endpoint 'MWT.Plugin.Misc.MwtStorefront.Controllers.CampaignManagementController.ExitPopup (MWT.Plugin.Misc.MwtStorefront)'
info: Microsoft.AspNetCore.Hosting.Diagnostics[2]
      Request finished HTTP/2 POST https://localhost:44376/CampaignManagement/ExitPopup - 200 - application/json;+charset=utf-8 228.5815ms
info: Microsoft.AspNetCore.Hosting.Diagnostics[1]
      Request starting HTTP/2 GET https://localhost:44376/logout - - -
info: Microsoft.AspNetCore.Routing.EndpointMiddleware[0]
      Executing endpoint 'Nop.Web.Controllers.CustomerController.Logout (Nop.Web)'
info: Microsoft.AspNetCore.Mvc.Infrastructure.ControllerActionInvoker[102]
      Route matched with {action = "Logout", controller = "Customer", area = ""}. Executing controller action with signature System.Threading.Tasks.Task`1[Microsoft.AspNetCore.Mvc.IActionResult] Logout() on controller Nop.Web.Controllers.CustomerController (Nop.Web).
info: Microsoft.AspNetCore.Authentication.Cookies.CookieAuthenticationHandler[11]
      AuthenticationScheme: Authentication signed out.
info: Microsoft.AspNetCore.Mvc.RedirectToRouteResult[1]
      Executing RedirectToRouteResult, redirecting to / from route Homepage.
info: Microsoft.AspNetCore.Mvc.Infrastructure.ControllerActionInvoker[105]
      Executed action Nop.Web.Controllers.CustomerController.Logout (Nop.Web) in 12.1676ms
info: Microsoft.AspNetCore.Routing.EndpointMiddleware[1]
      Executed endpoint 'Nop.Web.Controllers.CustomerController.Logout (Nop.Web)'
info: Microsoft.AspNetCore.Hosting.Diagnostics[2]
      Request finished HTTP/2 GET https://localhost:44376/logout - 302 - - 236.6061ms
info: Microsoft.AspNetCore.Hosting.Diagnostics[1]
      Request starting HTTP/2 GET https://localhost:44376/ - - -
info: Microsoft.AspNetCore.Routing.EndpointMiddleware[0]
      Executing endpoint 'Nop.Web.Controllers.HomeController.Index (Nop.Web)'
info: Microsoft.AspNetCore.Mvc.Infrastructure.ControllerActionInvoker[102]
      Route matched with {action = "Index", controller = "Home", area = ""}. Executing controller action with signature Microsoft.AspNetCore.Mvc.IActionResult Index() on controller Nop.Web.Controllers.HomeController (Nop.Web).
info: Microsoft.AspNetCore.Mvc.ViewFeatures.ViewResultExecutor[1]
      Executing ViewResult, running view Index.
info: Microsoft.AspNetCore.Mvc.ViewFeatures.ViewResultExecutor[4]
      Executed ViewResult - view Index executed in 229.5734ms.
info: Microsoft.AspNetCore.Mvc.Infrastructure.ControllerActionInvoker[105]
      Executed action Nop.Web.Controllers.HomeController.Index (Nop.Web) in 239.5667ms
info: Microsoft.AspNetCore.Routing.EndpointMiddleware[1]
      Executed endpoint 'Nop.Web.Controllers.HomeController.Index (Nop.Web)'
info: Microsoft.AspNetCore.Hosting.Diagnostics[2]
      Request finished HTTP/2 GET https://localhost:44376/ - 200 - text/html;+charset=utf-8 552.0628ms
info: Microsoft.AspNetCore.Hosting.Diagnostics[1]
      Request starting HTTP/2 GET https://localhost:44376/.well-known/appspecific/com.chrome.devtools.json - - -
info: Microsoft.AspNetCore.Hosting.Diagnostics[1]
      Request starting HTTP/2 GET https://localhost:44376/_framework/aspnetcore-browser-refresh.js - - -
info: Microsoft.AspNetCore.Hosting.Diagnostics[1]
      Request starting HTTP/2 GET https://localhost:44376/images/pixel.png - - -
info: Microsoft.AspNetCore.Hosting.Diagnostics[2]
      Request finished HTTP/2 GET https://localhost:44376/_framework/aspnetcore-browser-refresh.js - 200 16499 application/javascript;+charset=utf-8 13.5435ms
info: Microsoft.AspNetCore.Hosting.Diagnostics[1]
      Request starting HTTP/2 GET https://localhost:44376/images/icons/hand-holding-dollar-solid.svg - - -
info: Microsoft.AspNetCore.Hosting.Diagnostics[1]
      Request starting HTTP/2 GET https://localhost:44376/poster.jpg - - -
info: Microsoft.AspNetCore.Hosting.Diagnostics[1]
      Request starting HTTP/2 GET https://localhost:44376/Themes/BlackWhiteTheme/Content/images/top.png - - -
info: Microsoft.AspNetCore.Hosting.Diagnostics[1]
      Request starting HTTP/2 GET https://localhost:44376/_vs/browserLink - - -
info: Microsoft.AspNetCore.Hosting.Diagnostics[1]
      Request starting HTTP/2 GET https://localhost:44376/images/phone.png - - -
info: Microsoft.AspNetCore.Hosting.Diagnostics[1]
      Request starting HTTP/2 GET https://localhost:44376/Plugins/MWT.Plugin.Misc.MwtStorefront/Content/css/bootstrap.min.css.map - - -
info: Microsoft.AspNetCore.Hosting.Diagnostics[1]
      Request starting HTTP/2 GET https://localhost:44376/Themes/BlackWhiteTheme/Content/fonts/anticdidone/BonaNova-Regular.woff2 - - -
info: Microsoft.AspNetCore.Hosting.Diagnostics[1]
      Request starting HTTP/2 GET https://localhost:44376/Plugins/MWT.Plugin.Misc.MwtStorefront/Content/js/bootstrap.bundle.min.js.map - - -
info: Microsoft.AspNetCore.Hosting.Diagnostics[2]
      Request finished HTTP/2 GET https://localhost:44376/_vs/browserLink - 200 - text/javascript;+charset=UTF-8 452.1609ms
info: Microsoft.AspNetCore.Hosting.Diagnostics[1]
      Request starting HTTP/2 POST https://localhost:44376/CampaignManagement/showPopup - application/x-www-form-urlencoded;+charset=UTF-8 56
info: Microsoft.AspNetCore.Hosting.Diagnostics[1]
      Request starting HTTP/2 GET https://localhost:44376/images/thumbs/0268216_dining-room-sets_450.jpeg - - -
info: Microsoft.AspNetCore.Hosting.Diagnostics[1]
      Request starting HTTP/2 GET https://localhost:44376/images/thumbs/0372499_bar-tables_450.jpeg - - -
info: Microsoft.AspNetCore.Routing.EndpointMiddleware[0]
      Executing endpoint 'MWT.Plugin.Misc.MwtStorefront.Controllers.CampaignManagementController.ShowPopup (MWT.Plugin.Misc.MwtStorefront)'
info: Microsoft.AspNetCore.Hosting.Diagnostics[1]
      Request starting HTTP/2 GET https://localhost:44376/images/thumbs/0268215_bedside-storage-chests_450.jpeg - - -
info: Microsoft.AspNetCore.Hosting.Diagnostics[1]
      Request starting HTTP/2 GET https://localhost:44376/images/thumbs/0268217_living-room-benches_450.jpeg - - -
info: Microsoft.AspNetCore.Mvc.Infrastructure.ControllerActionInvoker[102]
      Route matched with {action = "ShowPopup", controller = "CampaignManagement", area = ""}. Executing controller action with signature System.Threading.Tasks.Task`1[Microsoft.AspNetCore.Mvc.IActionResult] ShowPopup(System.String, System.String, Boolean) on controller MWT.Plugin.Misc.MwtStorefront.Controllers.CampaignManagementController (MWT.Plugin.Misc.MwtStorefront).
info: Microsoft.AspNetCore.Hosting.Diagnostics[1]
      Request starting HTTP/2 GET https://localhost:44376/images/thumbs/0192630_home-decor_450.jpeg - - -
info: Microsoft.AspNetCore.Hosting.Diagnostics[1]
      Request starting HTTP/2 GET https://localhost:44376/images/thumbs/0192621_dining-kitchen-furniture_450.jpeg - - -
info: Microsoft.AspNetCore.Hosting.Diagnostics[1]
      Request starting HTTP/2 GET https://localhost:44376/images/thumbs/0416529_paradise-modern-rustic-platform-2-tone-alaskan-king-bedroom-set_450.jpeg - - -
info: System.Net.Http.HttpClient.default.LogicalHandler[100]
      Start processing HTTP request POST https://localhost:44399/scheduletask/runtask
info: Microsoft.AspNetCore.Hosting.Diagnostics[2]
      Request finished HTTP/2 GET https://localhost:44376/Plugins/MWT.Plugin.Misc.MwtStorefront/Content/js/bootstrap.bundle.min.js.map - 404 - - 2481.2495ms
info: Microsoft.AspNetCore.Hosting.Diagnostics[2]
      Request finished HTTP/2 GET https://localhost:44376/images/thumbs/0372499_bar-tables_450.jpeg - 404 - - 1742.5255ms
info: Microsoft.AspNetCore.Hosting.Diagnostics[16]
      Request reached the end of the middleware pipeline without being handled by application code. Request path: GET https://localhost:44376/Plugins/MWT.Plugin.Misc.MwtStorefront/Content/js/bootstrap.bundle.min.js.map, Response status code: 404
info: Microsoft.AspNetCore.Hosting.Diagnostics[16]
      Request reached the end of the middleware pipeline without being handled by application code. Request path: GET https://localhost:44376/images/thumbs/0372499_bar-tables_450.jpeg, Response status code: 404
info: System.Net.Http.HttpClient.default.ClientHandler[100]
      Sending HTTP request POST https://localhost:44399/scheduletask/runtask
info: Microsoft.AspNetCore.Hosting.Diagnostics[2]
      Request finished HTTP/2 GET https://localhost:44376/images/thumbs/0268217_living-room-benches_450.jpeg - 404 - - 1698.1384ms
info: Microsoft.AspNetCore.Hosting.Diagnostics[16]
      Request reached the end of the middleware pipeline without being handled by application code. Request path: GET https://localhost:44376/images/thumbs/0268217_living-room-benches_450.jpeg, Response status code: 404
info: Microsoft.AspNetCore.Hosting.Diagnostics[2]
      Request finished HTTP/2 GET https://localhost:44376/Themes/BlackWhiteTheme/Content/fonts/anticdidone/BonaNova-Regular.woff2 - 404 - - 2696.6635ms
info: Microsoft.AspNetCore.Hosting.Diagnostics[16]
      Request reached the end of the middleware pipeline without being handled by application code. Request path: GET https://localhost:44376/Themes/BlackWhiteTheme/Content/fonts/anticdidone/BonaNova-Regular.woff2, Response status code: 404
info: Microsoft.AspNetCore.Hosting.Diagnostics[1]
      Request starting HTTP/2 GET https://localhost:44376/Themes/BlackWhiteTheme/Content/fonts/anticdidone/BonaNova-Regular.woff - - -
info: Microsoft.AspNetCore.Hosting.Diagnostics[2]
      Request finished HTTP/2 GET https://localhost:44376/Plugins/MWT.Plugin.Misc.MwtStorefront/Content/css/bootstrap.min.css.map - 404 - - 2793.5013ms
info: Microsoft.AspNetCore.Hosting.Diagnostics[16]
      Request reached the end of the middleware pipeline without being handled by application code. Request path: GET https://localhost:44376/Plugins/MWT.Plugin.Misc.MwtStorefront/Content/css/bootstrap.min.css.map, Response status code: 404
info: Microsoft.AspNetCore.Hosting.Diagnostics[2]
      Request finished HTTP/2 GET https://localhost:44376/images/thumbs/0416529_paradise-modern-rustic-platform-2-tone-alaskan-king-bedroom-set_450.jpeg - 404 - - 966.5378ms
info: Microsoft.AspNetCore.Hosting.Diagnostics[16]
      Request reached the end of the middleware pipeline without being handled by application code. Request path: GET https://localhost:44376/images/thumbs/0416529_paradise-modern-rustic-platform-2-tone-alaskan-king-bedroom-set_450.jpeg, Response status code: 404
info: Microsoft.AspNetCore.Mvc.NewtonsoftJson.NewtonsoftJsonResultExecutor[2]
      Executing JsonResult, writing value of type 'MWT.Plugin.Misc.MwtStorefront.Models.Catalog.Campaign_Management.CampaignPopupResultModel'.
info: Microsoft.AspNetCore.Hosting.Diagnostics[2]
      Request finished HTTP/2 GET https://localhost:44376/images/thumbs/0192621_dining-kitchen-furniture_450.jpeg - 404 - - 1253.1736ms
info: Microsoft.AspNetCore.Hosting.Diagnostics[16]
      Request reached the end of the middleware pipeline without being handled by application code. Request path: GET https://localhost:44376/images/thumbs/0192621_dining-kitchen-furniture_450.jpeg, Response status code: 404
info: Microsoft.AspNetCore.Mvc.Infrastructure.ControllerActionInvoker[105]
      Executed action MWT.Plugin.Misc.MwtStorefront.Controllers.CampaignManagementController.ShowPopup (MWT.Plugin.Misc.MwtStorefront) in 1557.6016ms
info: Microsoft.AspNetCore.Hosting.Diagnostics[1]
      Request starting HTTP/2 GET https://localhost:44376/images/thumbs/0372498_home-bar-set_450.jpeg - - -
info: Microsoft.AspNetCore.Routing.EndpointMiddleware[1]
      Executed endpoint 'MWT.Plugin.Misc.MwtStorefront.Controllers.CampaignManagementController.ShowPopup (MWT.Plugin.Misc.MwtStorefront)'
info: Microsoft.AspNetCore.Routing.EndpointMiddleware[0]
      Executing endpoint 'Nop.Web.Controllers.CommonController.GenericUrl (Nop.Web)'
info: Microsoft.AspNetCore.Hosting.Diagnostics[2]
      Request finished HTTP/2 POST https://localhost:44376/CampaignManagement/showPopup - 200 - application/json;+charset=utf-8 2813.3886ms
info: System.Net.Http.HttpClient.default.ClientHandler[101]
      Received HTTP response headers after 694.6845ms - 404
info: Microsoft.AspNetCore.Hosting.Diagnostics[2]
      Request finished HTTP/2 GET https://localhost:44376/Themes/BlackWhiteTheme/Content/fonts/anticdidone/BonaNova-Regular.woff - 404 - - 670.7262ms
info: Microsoft.AspNetCore.Hosting.Diagnostics[2]
      Request finished HTTP/2 GET https://localhost:44376/Themes/BlackWhiteTheme/Content/images/top.png - 404 - - 3556.4322ms
info: System.Net.Http.HttpClient.default.LogicalHandler[101]
      End processing HTTP request after 941.9967ms - 404
info: Microsoft.AspNetCore.Hosting.Diagnostics[16]
      Request reached the end of the middleware pipeline without being handled by application code. Request path: GET https://localhost:44376/Themes/BlackWhiteTheme/Content/fonts/anticdidone/BonaNova-Regular.woff, Response status code: 404
info: Microsoft.AspNetCore.Mvc.Infrastructure.ControllerActionInvoker[102]
      Route matched with {action = "GenericUrl", controller = "Common", area = ""}. Executing controller action with signature Microsoft.AspNetCore.Mvc.IActionResult GenericUrl() on controller Nop.Web.Controllers.CommonController (Nop.Web).
info: Microsoft.AspNetCore.Hosting.Diagnostics[2]
      Request finished HTTP/2 GET https://localhost:44376/images/icons/hand-holding-dollar-solid.svg - 404 - - 3661.5055ms
info: Microsoft.AspNetCore.Hosting.Diagnostics[16]
      Request reached the end of the middleware pipeline without being handled by application code. Request path: GET https://localhost:44376/Themes/BlackWhiteTheme/Content/images/top.png, Response status code: 404
info: Microsoft.AspNetCore.Hosting.Diagnostics[16]
      Request reached the end of the middleware pipeline without being handled by application code. Request path: GET https://localhost:44376/images/icons/hand-holding-dollar-solid.svg, Response status code: 404
info: Microsoft.AspNetCore.Hosting.Diagnostics[2]
      Request finished HTTP/2 GET https://localhost:44376/images/thumbs/0268216_dining-room-sets_450.jpeg - 404 - - 2716.2730ms
info: Microsoft.AspNetCore.Hosting.Diagnostics[16]
      Request reached the end of the middleware pipeline without being handled by application code. Request path: GET https://localhost:44376/images/thumbs/0268216_dining-room-sets_450.jpeg, Response status code: 404
info: Microsoft.AspNetCore.Hosting.Diagnostics[2]
      Request finished HTTP/2 GET https://localhost:44376/.well-known/appspecific/com.chrome.devtools.json - 404 - - 3767.4603ms
info: Microsoft.AspNetCore.Routing.EndpointMiddleware[0]
      Executing endpoint 'Nop.Web.Controllers.CommonController.GenericUrl (Nop.Web)'
info: Microsoft.AspNetCore.Hosting.Diagnostics[16]
      Request reached the end of the middleware pipeline without being handled by application code. Request path: GET https://localhost:44376/.well-known/appspecific/com.chrome.devtools.json, Response status code: 404
info: Microsoft.AspNetCore.Routing.EndpointMiddleware[0]
      Executing endpoint 'Nop.Web.Controllers.CommonController.GenericUrl (Nop.Web)'
info: Microsoft.AspNetCore.Hosting.Diagnostics[2]
      Request finished HTTP/2 GET https://localhost:44376/images/thumbs/0372498_home-bar-set_450.jpeg - 404 - - 675.6916ms
info: Microsoft.AspNetCore.Mvc.Infrastructure.ControllerActionInvoker[102]
      Route matched with {action = "GenericUrl", controller = "Common", area = ""}. Executing controller action with signature Microsoft.AspNetCore.Mvc.IActionResult GenericUrl() on controller Nop.Web.Controllers.CommonController (Nop.Web).
info: Microsoft.AspNetCore.Hosting.Diagnostics[16]
      Request reached the end of the middleware pipeline without being handled by application code. Request path: GET https://localhost:44376/images/thumbs/0372498_home-bar-set_450.jpeg, Response status code: 404
info: Microsoft.AspNetCore.Mvc.Infrastructure.ControllerActionInvoker[105]
      Executed action Nop.Web.Controllers.CommonController.GenericUrl (Nop.Web) in 220.1888ms
info: Microsoft.AspNetCore.Mvc.Infrastructure.ControllerActionInvoker[102]
      Route matched with {action = "GenericUrl", controller = "Common", area = ""}. Executing controller action with signature Microsoft.AspNetCore.Mvc.IActionResult GenericUrl() on controller Nop.Web.Controllers.CommonController (Nop.Web).
info: Microsoft.AspNetCore.Routing.EndpointMiddleware[1]
      Executed endpoint 'Nop.Web.Controllers.CommonController.GenericUrl (Nop.Web)'
info: Microsoft.AspNetCore.Hosting.Diagnostics[2]
      Request finished HTTP/2 GET https://localhost:44376/images/pixel.png - 404 - - 3958.1270ms
info: Microsoft.AspNetCore.Hosting.Diagnostics[2]
      Request finished HTTP/2 GET https://localhost:44376/images/thumbs/0268215_bedside-storage-chests_450.jpeg - 404 - - 2890.5387ms
info: Microsoft.AspNetCore.Hosting.Diagnostics[16]
      Request reached the end of the middleware pipeline without being handled by application code. Request path: GET https://localhost:44376/images/thumbs/0268215_bedside-storage-chests_450.jpeg, Response status code: 404
info: Microsoft.AspNetCore.Hosting.Diagnostics[2]
      Request finished HTTP/2 GET https://localhost:44376/images/thumbs/0192630_home-decor_450.jpeg - 404 - - 2214.0737ms
info: Microsoft.AspNetCore.Mvc.Infrastructure.ControllerActionInvoker[105]
      Executed action Nop.Web.Controllers.CommonController.GenericUrl (Nop.Web) in 77.3524ms
info: Microsoft.AspNetCore.Routing.EndpointMiddleware[1]
      Executed endpoint 'Nop.Web.Controllers.CommonController.GenericUrl (Nop.Web)'
info: Microsoft.AspNetCore.Hosting.Diagnostics[16]
      Request reached the end of the middleware pipeline without being handled by application code. Request path: GET https://localhost:44376/images/thumbs/0192630_home-decor_450.jpeg, Response status code: 404
info: Microsoft.AspNetCore.Hosting.Diagnostics[2]
      Request finished HTTP/2 GET https://localhost:44376/images/phone.png - 404 - - 4049.3752ms
info: Microsoft.AspNetCore.Mvc.Infrastructure.ControllerActionInvoker[105]
      Executed action Nop.Web.Controllers.CommonController.GenericUrl (Nop.Web) in 63.0776ms
info: Microsoft.AspNetCore.Routing.EndpointMiddleware[1]
      Executed endpoint 'Nop.Web.Controllers.CommonController.GenericUrl (Nop.Web)'
info: Microsoft.AspNetCore.Hosting.Diagnostics[2]
      Request finished HTTP/2 GET https://localhost:44376/poster.jpg - 404 - - 4057.0346ms
info: Microsoft.AspNetCore.Hosting.Diagnostics[1]
      Request starting HTTP/2 POST https://localhost:44376/CampaignManagement/ImpressionPopup - application/x-www-form-urlencoded;+charset=UTF-8 93
info: Microsoft.AspNetCore.Routing.EndpointMiddleware[0]
      Executing endpoint 'MWT.Plugin.Misc.MwtStorefront.Controllers.CampaignManagementController.ImpressionPopup (MWT.Plugin.Misc.MwtStorefront)'
info: Microsoft.AspNetCore.Mvc.Infrastructure.ControllerActionInvoker[102]
      Route matched with {action = "ImpressionPopup", controller = "CampaignManagement", area = ""}. Executing controller action with signature System.Threading.Tasks.Task`1[Microsoft.AspNetCore.Mvc.IActionResult] ImpressionPopup(Int32, System.String, System.String, System.String, System.String, Int32, Boolean) on controller MWT.Plugin.Misc.MwtStorefront.Controllers.CampaignManagementController (MWT.Plugin.Misc.MwtStorefront).
info: Microsoft.AspNetCore.Mvc.NewtonsoftJson.NewtonsoftJsonResultExecutor[2]
      Executing JsonResult, writing value of type '<>f__AnonymousType30`1[[System.Net.HttpStatusCode, System.Net.Primitives, Version=9.0.0.0, Culture=neutral, PublicKeyToken=b03f5f7f11d50a3a]]'.
info: Microsoft.AspNetCore.Mvc.Infrastructure.ControllerActionInvoker[105]
      Executed action MWT.Plugin.Misc.MwtStorefront.Controllers.CampaignManagementController.ImpressionPopup (MWT.Plugin.Misc.MwtStorefront) in 76.8519ms
info: Microsoft.AspNetCore.Routing.EndpointMiddleware[1]
      Executed endpoint 'MWT.Plugin.Misc.MwtStorefront.Controllers.CampaignManagementController.ImpressionPopup (MWT.Plugin.Misc.MwtStorefront)'
info: Microsoft.AspNetCore.Hosting.Diagnostics[2]
      Request finished HTTP/2 POST https://localhost:44376/CampaignManagement/ImpressionPopup - 200 - application/json;+charset=utf-8 289.3783ms
info: Microsoft.AspNetCore.Hosting.Diagnostics[1]
      Request starting HTTP/2 POST https://localhost:44376/CampaignManagement/ExitPopup - application/x-www-form-urlencoded;+charset=UTF-8 54
info: Microsoft.AspNetCore.Routing.EndpointMiddleware[0]
      Executing endpoint 'MWT.Plugin.Misc.MwtStorefront.Controllers.CampaignManagementController.ExitPopup (MWT.Plugin.Misc.MwtStorefront)'
info: Microsoft.AspNetCore.Mvc.Infrastructure.ControllerActionInvoker[102]
      Route matched with {action = "ExitPopup", controller = "CampaignManagement", area = ""}. Executing controller action with signature System.Threading.Tasks.Task`1[Microsoft.AspNetCore.Mvc.IActionResult] ExitPopup(Int32, System.String, System.String, System.String, System.String) on controller MWT.Plugin.Misc.MwtStorefront.Controllers.CampaignManagementController (MWT.Plugin.Misc.MwtStorefront).
info: Microsoft.AspNetCore.Mvc.NewtonsoftJson.NewtonsoftJsonResultExecutor[2]
      Executing JsonResult, writing value of type '<>f__AnonymousType30`1[[System.Net.HttpStatusCode, System.Net.Primitives, Version=9.0.0.0, Culture=neutral, PublicKeyToken=b03f5f7f11d50a3a]]'.
info: Microsoft.AspNetCore.Mvc.Infrastructure.ControllerActionInvoker[105]
      Executed action MWT.Plugin.Misc.MwtStorefront.Controllers.CampaignManagementController.ExitPopup (MWT.Plugin.Misc.MwtStorefront) in 80.1332ms
info: Microsoft.AspNetCore.Routing.EndpointMiddleware[1]
      Executed endpoint 'MWT.Plugin.Misc.MwtStorefront.Controllers.CampaignManagementController.ExitPopup (MWT.Plugin.Misc.MwtStorefront)'
info: Microsoft.AspNetCore.Hosting.Diagnostics[2]
      Request finished HTTP/2 POST https://localhost:44376/CampaignManagement/ExitPopup - 200 - application/json;+charset=utf-8 262.7675ms
info: Microsoft.AspNetCore.Hosting.Diagnostics[1]
      Request starting HTTP/2 GET https://localhost:44376/category/126/dining-table-and-chair-sets - - -
info: Microsoft.AspNetCore.Routing.EndpointMiddleware[0]
      Executing endpoint 'MWT.Plugin.Misc.MwtStorefront.Controllers.CatalogController.CustomCategory (MWT.Plugin.Misc.MwtStorefront)'
info: Microsoft.AspNetCore.Mvc.Infrastructure.ControllerActionInvoker[102]
      Route matched with {action = "CustomCategory", controller = "Catalog", area = ""}. Executing controller action with signature System.Threading.Tasks.Task`1[Microsoft.AspNetCore.Mvc.IActionResult] CustomCategory(Int32, System.String, MWT.Plugin.Misc.MwtStorefront.Models.Catalog.CustomCatalogProductsCommand) on controller MWT.Plugin.Misc.MwtStorefront.Controllers.CatalogController (MWT.Plugin.Misc.MwtStorefront).
info: Microsoft.AspNetCore.Mvc.ViewFeatures.ViewResultExecutor[1]
      Executing ViewResult, running view LazyLoad-CategoryTemplate-FilterOnTop-3x3.
info: Microsoft.AspNetCore.Mvc.ViewFeatures.ViewResultExecutor[4]
      Executed ViewResult - view LazyLoad-CategoryTemplate-FilterOnTop-3x3 executed in 4860.178ms.
info: Microsoft.AspNetCore.Mvc.Infrastructure.ControllerActionInvoker[105]
      Executed action MWT.Plugin.Misc.MwtStorefront.Controllers.CatalogController.CustomCategory (MWT.Plugin.Misc.MwtStorefront) in 7602.152ms
info: Microsoft.AspNetCore.Routing.EndpointMiddleware[1]
      Executed endpoint 'MWT.Plugin.Misc.MwtStorefront.Controllers.CatalogController.CustomCategory (MWT.Plugin.Misc.MwtStorefront)'
info: Microsoft.AspNetCore.Hosting.Diagnostics[2]
      Request finished HTTP/2 GET https://localhost:44376/category/126/dining-table-and-chair-sets - 200 - text/html;+charset=utf-8 7948.6997ms
info: Microsoft.AspNetCore.Hosting.Diagnostics[1]
      Request starting HTTP/2 GET https://localhost:44376/.well-known/appspecific/com.chrome.devtools.json - - -
info: Microsoft.AspNetCore.Hosting.Diagnostics[1]
      Request starting HTTP/2 GET https://localhost:44376/_framework/aspnetcore-browser-refresh.js - - -
info: Microsoft.AspNetCore.Hosting.Diagnostics[1]
      Request starting HTTP/2 GET https://localhost:44376/images/pixel.png - - -
info: Microsoft.AspNetCore.Hosting.Diagnostics[1]
      Request starting HTTP/2 GET https://localhost:44376/images/phone.png - - -
info: Microsoft.AspNetCore.Hosting.Diagnostics[1]
      Request starting HTTP/2 GET https://localhost:44376/Themes/BlackWhiteTheme/Content/images/top.png - - -
info: Microsoft.AspNetCore.Hosting.Diagnostics[1]
      Request starting HTTP/2 GET https://localhost:44376/_vs/browserLink - - -
info: Microsoft.AspNetCore.Hosting.Diagnostics[1]
      Request starting HTTP/2 GET https://localhost:44376/images/icons/hand-holding-dollar-solid.svg - - -
info: Microsoft.AspNetCore.Hosting.Diagnostics[1]
      Request starting HTTP/2 GET https://localhost:44376/images/shades/Squareimage/No. 304 Medium Espresso.jpg - - -
info: Microsoft.AspNetCore.Hosting.Diagnostics[1]
      Request starting HTTP/2 GET https://localhost:44376/images/shades/Squareimage/No. 102 Natural.jpg - - -
info: Microsoft.AspNetCore.Hosting.Diagnostics[1]
      Request starting HTTP/2 GET https://localhost:44376/images/shades/Squareimage/No. 303 Black.jpg - - -
info: Microsoft.AspNetCore.Hosting.Diagnostics[1]
      Request starting HTTP/2 GET https://localhost:44376/images/shades/Squareimage/No. 101 No Stain Natural.jpg - - -
info: Microsoft.AspNetCore.Hosting.Diagnostics[1]
      Request starting HTTP/2 GET https://localhost:44376/Plugins/MWT.Plugin.Misc.MwtStorefront/Content/css/bootstrap.min.css.map - - -
info: Microsoft.AspNetCore.Hosting.Diagnostics[1]
      Request starting HTTP/2 GET https://localhost:44376/Plugins/MWT.Plugin.Misc.MwtStorefront/Content/js/bootstrap.bundle.min.js.map - - -
info: Microsoft.AspNetCore.Hosting.Diagnostics[1]
      Request starting HTTP/2 GET https://localhost:44376/images/shades/Squareimage/No. 202 Dark Natural.jpg - - -
info: Microsoft.AspNetCore.Hosting.Diagnostics[2]
      Request finished HTTP/2 GET https://localhost:44376/_vs/browserLink - 200 - text/javascript;+charset=UTF-8 659.1242ms
info: Microsoft.AspNetCore.Hosting.Diagnostics[2]
      Request finished HTTP/2 GET https://localhost:44376/_framework/aspnetcore-browser-refresh.js - 200 16499 application/javascript;+charset=utf-8 1552.1673ms
info: Microsoft.AspNetCore.Routing.EndpointMiddleware[0]
      Executing endpoint 'Nop.Web.Controllers.CommonController.GenericUrl (Nop.Web)'
info: Microsoft.AspNetCore.Hosting.Diagnostics[1]
      Request starting HTTP/2 POST https://localhost:44376/CampaignManagement/showPopup - application/x-www-form-urlencoded;+charset=UTF-8 100
info: Microsoft.AspNetCore.Hosting.Diagnostics[2]
      Request finished HTTP/2 GET https://localhost:44376/images/shades/Squareimage/No. 304 Medium Espresso.jpg - 404 - - 1380.8446ms
info: Microsoft.AspNetCore.Hosting.Diagnostics[2]
      Request finished HTTP/2 GET https://localhost:44376/images/icons/hand-holding-dollar-solid.svg - 404 - - 1617.3174ms
info: Microsoft.AspNetCore.Hosting.Diagnostics[2]
      Request finished HTTP/2 GET https://localhost:44376/Themes/BlackWhiteTheme/Content/images/top.png - 404 - - 1381.1457ms
info: Microsoft.AspNetCore.Hosting.Diagnostics[2]
      Request finished HTTP/2 GET https://localhost:44376/Plugins/MWT.Plugin.Misc.MwtStorefront/Content/js/bootstrap.bundle.min.js.map - 404 - - 1363.1460ms
info: Microsoft.AspNetCore.Hosting.Diagnostics[16]
      Request reached the end of the middleware pipeline without being handled by application code. Request path: GET https://localhost:44376/Themes/BlackWhiteTheme/Content/images/top.png, Response status code: 404
info: Microsoft.AspNetCore.Hosting.Diagnostics[16]
      Request reached the end of the middleware pipeline without being handled by application code. Request path: GET https://localhost:44376/images/shades/Squareimage/No.%20304%20Medium%20Espresso.jpg, Response status code: 404
info: Microsoft.AspNetCore.Hosting.Diagnostics[16]
      Request reached the end of the middleware pipeline without being handled by application code. Request path: GET https://localhost:44376/images/icons/hand-holding-dollar-solid.svg, Response status code: 404
info: Microsoft.AspNetCore.Hosting.Diagnostics[16]
      Request reached the end of the middleware pipeline without being handled by application code. Request path: GET https://localhost:44376/Plugins/MWT.Plugin.Misc.MwtStorefront/Content/js/bootstrap.bundle.min.js.map, Response status code: 404
info: Microsoft.AspNetCore.Hosting.Diagnostics[2]
      Request finished HTTP/2 GET https://localhost:44376/images/shades/Squareimage/No. 102 Natural.jpg - 404 - - 1717.0008ms
info: Microsoft.AspNetCore.Hosting.Diagnostics[2]
      Request finished HTTP/2 GET https://localhost:44376/Plugins/MWT.Plugin.Misc.MwtStorefront/Content/css/bootstrap.min.css.map - 404 - - 1698.8468ms
info: Microsoft.AspNetCore.Hosting.Diagnostics[16]
      Request reached the end of the middleware pipeline without being handled by application code. Request path: GET https://localhost:44376/images/shades/Squareimage/No.%20102%20Natural.jpg, Response status code: 404
info: Microsoft.AspNetCore.Hosting.Diagnostics[16]
      Request reached the end of the middleware pipeline without being handled by application code. Request path: GET https://localhost:44376/Plugins/MWT.Plugin.Misc.MwtStorefront/Content/css/bootstrap.min.css.map, Response status code: 404
info: Microsoft.AspNetCore.Mvc.Infrastructure.ControllerActionInvoker[102]
      Route matched with {action = "GenericUrl", controller = "Common", area = ""}. Executing controller action with signature Microsoft.AspNetCore.Mvc.IActionResult GenericUrl() on controller Nop.Web.Controllers.CommonController (Nop.Web).
info: Microsoft.AspNetCore.Routing.EndpointMiddleware[0]
      Executing endpoint 'MWT.Plugin.Misc.MwtStorefront.Controllers.CampaignManagementController.ShowPopup (MWT.Plugin.Misc.MwtStorefront)'
info: Microsoft.AspNetCore.Hosting.Diagnostics[2]
      Request finished HTTP/2 GET https://localhost:44376/.well-known/appspecific/com.chrome.devtools.json - 404 - - 2553.9141ms
info: Microsoft.AspNetCore.Hosting.Diagnostics[16]
      Request reached the end of the middleware pipeline without being handled by application code. Request path: GET https://localhost:44376/.well-known/appspecific/com.chrome.devtools.json, Response status code: 404
info: Microsoft.AspNetCore.Hosting.Diagnostics[2]
      Request finished HTTP/2 GET https://localhost:44376/images/shades/Squareimage/No. 202 Dark Natural.jpg - 404 - - 2415.1363ms
info: Microsoft.AspNetCore.Hosting.Diagnostics[2]
      Request finished HTTP/2 GET https://localhost:44376/images/shades/Squareimage/No. 101 No Stain Natural.jpg - 404 - - 2417.2303ms
info: Microsoft.AspNetCore.Hosting.Diagnostics[16]
      Request reached the end of the middleware pipeline without being handled by application code. Request path: GET https://localhost:44376/images/shades/Squareimage/No.%20202%20Dark%20Natural.jpg, Response status code: 404
info: Microsoft.AspNetCore.Hosting.Diagnostics[16]
      Request reached the end of the middleware pipeline without being handled by application code. Request path: GET https://localhost:44376/images/shades/Squareimage/No.%20101%20No%20Stain%20Natural.jpg, Response status code: 404
info: Microsoft.AspNetCore.Routing.EndpointMiddleware[0]
      Executing endpoint 'Nop.Web.Controllers.CommonController.GenericUrl (Nop.Web)'
info: Microsoft.AspNetCore.Mvc.Infrastructure.ControllerActionInvoker[102]
      Route matched with {action = "ShowPopup", controller = "CampaignManagement", area = ""}. Executing controller action with signature System.Threading.Tasks.Task`1[Microsoft.AspNetCore.Mvc.IActionResult] ShowPopup(System.String, System.String, Boolean) on controller MWT.Plugin.Misc.MwtStorefront.Controllers.CampaignManagementController (MWT.Plugin.Misc.MwtStorefront).
info: Microsoft.AspNetCore.Hosting.Diagnostics[2]
      Request finished HTTP/2 GET https://localhost:44376/images/shades/Squareimage/No. 303 Black.jpg - 404 - - 2546.2750ms
info: Microsoft.AspNetCore.Hosting.Diagnostics[16]
      Request reached the end of the middleware pipeline without being handled by application code. Request path: GET https://localhost:44376/images/shades/Squareimage/No.%20303%20Black.jpg, Response status code: 404
info: Microsoft.AspNetCore.Mvc.Infrastructure.ControllerActionInvoker[102]
      Route matched with {action = "GenericUrl", controller = "Common", area = ""}. Executing controller action with signature Microsoft.AspNetCore.Mvc.IActionResult GenericUrl() on controller Nop.Web.Controllers.CommonController (Nop.Web).
info: Microsoft.AspNetCore.Mvc.Infrastructure.ControllerActionInvoker[105]
      Executed action Nop.Web.Controllers.CommonController.GenericUrl (Nop.Web) in 627.0355ms
info: Microsoft.AspNetCore.Routing.EndpointMiddleware[1]
      Executed endpoint 'Nop.Web.Controllers.CommonController.GenericUrl (Nop.Web)'
info: Microsoft.AspNetCore.Hosting.Diagnostics[2]
      Request finished HTTP/2 GET https://localhost:44376/images/phone.png - 404 - - 2659.8137ms
info: Microsoft.AspNetCore.Mvc.Infrastructure.ControllerActionInvoker[105]
      Executed action Nop.Web.Controllers.CommonController.GenericUrl (Nop.Web) in 9.4531ms
info: Microsoft.AspNetCore.Mvc.NewtonsoftJson.NewtonsoftJsonResultExecutor[2]
      Executing JsonResult, writing value of type 'MWT.Plugin.Misc.MwtStorefront.Models.Catalog.Campaign_Management.CampaignPopupResultModel'.
info: Microsoft.AspNetCore.Routing.EndpointMiddleware[1]
      Executed endpoint 'Nop.Web.Controllers.CommonController.GenericUrl (Nop.Web)'
info: Microsoft.AspNetCore.Mvc.Infrastructure.ControllerActionInvoker[105]
      Executed action MWT.Plugin.Misc.MwtStorefront.Controllers.CampaignManagementController.ShowPopup (MWT.Plugin.Misc.MwtStorefront) in 143.7078ms
info: Microsoft.AspNetCore.Routing.EndpointMiddleware[1]
      Executed endpoint 'MWT.Plugin.Misc.MwtStorefront.Controllers.CampaignManagementController.ShowPopup (MWT.Plugin.Misc.MwtStorefront)'
info: Microsoft.AspNetCore.Hosting.Diagnostics[2]
      Request finished HTTP/2 GET https://localhost:44376/images/pixel.png - 404 - - 2909.8350ms
info: Microsoft.AspNetCore.Hosting.Diagnostics[2]
      Request finished HTTP/2 POST https://localhost:44376/CampaignManagement/showPopup - 200 - application/json;+charset=utf-8 1323.7487ms
info: Microsoft.AspNetCore.Hosting.Diagnostics[1]
      Request starting HTTP/2 GET https://localhost:44376/images/thumbs/0390666_houston-solid-wood-home-bar-cabinet-with-fridge-space_415.jpeg - - -
info: Microsoft.AspNetCore.Hosting.Diagnostics[1]
      Request starting HTTP/2 GET https://localhost:44376/images/thumbs/0430083_frisco-modern-rustic-solid-wood-long-sideboard-with-drawers_415.jpeg - - -
info: Microsoft.AspNetCore.Hosting.Diagnostics[2]
      Request finished HTTP/2 GET https://localhost:44376/images/thumbs/0390666_houston-solid-wood-home-bar-cabinet-with-fridge-space_415.jpeg - 404 - - 226.4752ms
info: Microsoft.AspNetCore.Hosting.Diagnostics[2]
      Request finished HTTP/2 GET https://localhost:44376/images/thumbs/0430083_frisco-modern-rustic-solid-wood-long-sideboard-with-drawers_415.jpeg - 404 - - 226.4958ms
info: Microsoft.AspNetCore.Hosting.Diagnostics[16]
      Request reached the end of the middleware pipeline without being handled by application code. Request path: GET https://localhost:44376/images/thumbs/0390666_houston-solid-wood-home-bar-cabinet-with-fridge-space_415.jpeg, Response status code: 404
info: Microsoft.AspNetCore.Hosting.Diagnostics[16]
      Request reached the end of the middleware pipeline without being handled by application code. Request path: GET https://localhost:44376/images/thumbs/0430083_frisco-modern-rustic-solid-wood-long-sideboard-with-drawers_415.jpeg, Response status code: 404
info: Microsoft.AspNetCore.Hosting.Diagnostics[1]
      Request starting HTTP/2 GET https://localhost:44376/images/thumbs/0429600_kansas-city-rustic-farmhouse-counter-height-square-dining-set_415.jpeg - - -
info: Microsoft.AspNetCore.Hosting.Diagnostics[2]
      Request finished HTTP/2 GET https://localhost:44376/images/thumbs/0429600_kansas-city-rustic-farmhouse-counter-height-square-dining-set_415.jpeg - 404 - - 123.9478ms
info: Microsoft.AspNetCore.Hosting.Diagnostics[16]
      Request reached the end of the middleware pipeline without being handled by application code. Request path: GET https://localhost:44376/images/thumbs/0429600_kansas-city-rustic-farmhouse-counter-height-square-dining-set_415.jpeg, Response status code: 404
info: Microsoft.AspNetCore.Hosting.Diagnostics[1]
      Request starting HTTP/2 GET https://localhost:44376/images/thumbs/0390695_worcester-hand-carved-trunk-storage-coffee-table_415.jpeg - - -
info: Microsoft.AspNetCore.Hosting.Diagnostics[2]
      Request finished HTTP/2 GET https://localhost:44376/images/thumbs/0390695_worcester-hand-carved-trunk-storage-coffee-table_415.jpeg - 404 - - 102.2157ms
info: Microsoft.AspNetCore.Hosting.Diagnostics[16]
      Request reached the end of the middleware pipeline without being handled by application code. Request path: GET https://localhost:44376/images/thumbs/0390695_worcester-hand-carved-trunk-storage-coffee-table_415.jpeg, Response status code: 404
info: Microsoft.AspNetCore.Hosting.Diagnostics[1]
      Request starting HTTP/2 GET https://localhost:44376/category/products?categoryId=126&pagenumber=2&openTabs=&popupOpenTabs=&topOpenTabs=&_=1789982834963 - - -
info: Microsoft.AspNetCore.Hosting.Diagnostics[1]
      Request starting HTTP/2 GET https://localhost:44376/.well-known/appspecific/com.chrome.devtools.json - - -
info: Microsoft.AspNetCore.Hosting.Diagnostics[1]
      Request starting HTTP/2 GET https://localhost:44376/images/thumbs/0390391_peoria-solid-wood-square-dining-table-set_415.jpeg - - -
info: Microsoft.AspNetCore.Hosting.Diagnostics[1]
      Request starting HTTP/2 GET https://localhost:44376/images/thumbs/0429600_kansas-city-rustic-farmhouse-counter-height-square-dining-set_415.jpeg - - -
info: Microsoft.AspNetCore.Hosting.Diagnostics[2]
      Request finished HTTP/2 GET https://localhost:44376/images/thumbs/0390391_peoria-solid-wood-square-dining-table-set_415.jpeg - 404 - - 525.5009ms
info: Microsoft.AspNetCore.Hosting.Diagnostics[2]
      Request finished HTTP/2 GET https://localhost:44376/images/thumbs/0429600_kansas-city-rustic-farmhouse-counter-height-square-dining-set_415.jpeg - 404 - - 525.5010ms
info: Microsoft.AspNetCore.Hosting.Diagnostics[2]
      Request finished HTTP/2 GET https://localhost:44376/.well-known/appspecific/com.chrome.devtools.json - 404 - - 605.3729ms
info: Microsoft.AspNetCore.Hosting.Diagnostics[16]
      Request reached the end of the middleware pipeline without being handled by application code. Request path: GET https://localhost:44376/.well-known/appspecific/com.chrome.devtools.json, Response status code: 404
info: Microsoft.AspNetCore.Hosting.Diagnostics[16]
      Request reached the end of the middleware pipeline without being handled by application code. Request path: GET https://localhost:44376/images/thumbs/0429600_kansas-city-rustic-farmhouse-counter-height-square-dining-set_415.jpeg, Response status code: 404
info: Microsoft.AspNetCore.Hosting.Diagnostics[16]
      Request reached the end of the middleware pipeline without being handled by application code. Request path: GET https://localhost:44376/images/thumbs/0390391_peoria-solid-wood-square-dining-table-set_415.jpeg, Response status code: 404
info: Microsoft.AspNetCore.Routing.EndpointMiddleware[0]
      Executing endpoint 'MWT.Plugin.Misc.MwtStorefront.Controllers.CatalogController.GetCustomCategoryProducts (MWT.Plugin.Misc.MwtStorefront)'
info: Microsoft.AspNetCore.Mvc.Infrastructure.ControllerActionInvoker[102]
      Route matched with {action = "GetCustomCategoryProducts", controller = "Catalog", area = ""}. Executing controller action with signature System.Threading.Tasks.Task`1[Microsoft.AspNetCore.Mvc.IActionResult] GetCustomCategoryProducts(Int32, MWT.Plugin.Misc.MwtStorefront.Models.Catalog.CustomCatalogProductsCommand, System.String) on controller MWT.Plugin.Misc.MwtStorefront.Controllers.CatalogController (MWT.Plugin.Misc.MwtStorefront).
info: System.Net.Http.HttpClient.default.LogicalHandler[100]
      Start processing HTTP request POST https://localhost:44399/scheduletask/runtask
info: System.Net.Http.HttpClient.default.ClientHandler[100]
      Sending HTTP request POST https://localhost:44399/scheduletask/runtask
info: System.Net.Http.HttpClient.default.ClientHandler[101]
      Received HTTP response headers after 74.2329ms - 404
info: System.Net.Http.HttpClient.default.LogicalHandler[101]
      End processing HTTP request after 112.0091ms - 404
info: Microsoft.AspNetCore.Mvc.NewtonsoftJson.NewtonsoftJsonResultExecutor[2]
      Executing JsonResult, writing value of type '<>f__AnonymousType32`4[[System.String, System.Private.CoreLib, Version=9.0.0.0, Culture=neutral, PublicKeyToken=7cec85d7bea7798e],[System.String, System.Private.CoreLib, Version=9.0.0.0, Culture=neutral, PublicKeyToken=7cec85d7bea7798e],[System.String, System.Private.CoreLib, Version=9.0.0.0, Culture=neutral, PublicKeyToken=7cec85d7bea7798e],[System.String, System.Private.CoreLib, Version=9.0.0.0, Culture=neutral, PublicKeyToken=7cec85d7bea7798e]]'.
info: Microsoft.AspNetCore.Mvc.Infrastructure.ControllerActionInvoker[105]
      Executed action MWT.Plugin.Misc.MwtStorefront.Controllers.CatalogController.GetCustomCategoryProducts (MWT.Plugin.Misc.MwtStorefront) in 1610.3586ms
info: Microsoft.AspNetCore.Routing.EndpointMiddleware[1]
      Executed endpoint 'MWT.Plugin.Misc.MwtStorefront.Controllers.CatalogController.GetCustomCategoryProducts (MWT.Plugin.Misc.MwtStorefront)'
info: Microsoft.AspNetCore.Hosting.Diagnostics[2]
      Request finished HTTP/2 GET https://localhost:44376/category/products?categoryId=126&pagenumber=2&openTabs=&popupOpenTabs=&topOpenTabs=&_=1789982834963 - 200 - application/json;+charset=utf-8 2332.8430ms
info: Microsoft.AspNetCore.Hosting.Diagnostics[1]
      Request starting HTTP/2 GET https://localhost:44376/images/pixel.png - - -
info: Microsoft.AspNetCore.Hosting.Diagnostics[1]
      Request starting HTTP/2 GET https://localhost:44376/images/shades/Squareimage/No. 304 Medium Espresso.jpg - - -
info: Microsoft.AspNetCore.Hosting.Diagnostics[1]
      Request starting HTTP/2 GET https://localhost:44376/images/shades/Squareimage/No. 303 Black.jpg - - -
info: Microsoft.AspNetCore.Hosting.Diagnostics[1]
      Request starting HTTP/2 GET https://localhost:44376/images/shades/Squareimage/No. 103 Light Espresso.jpg - - -
info: Microsoft.AspNetCore.Hosting.Diagnostics[1]
      Request starting HTTP/2 GET https://localhost:44376/images/shades/Squareimage/No. 203 Dark Espresso.jpg - - -
info: Microsoft.AspNetCore.Hosting.Diagnostics[1]
      Request starting HTTP/2 GET https://localhost:44376/images/shades/Squareimage/No. 202 Dark Natural.jpg - - -
info: Microsoft.AspNetCore.Hosting.Diagnostics[1]
      Request starting HTTP/2 GET https://localhost:44376/images/thumbs/0390391_peoria-solid-wood-square-dining-table-set_415.jpeg - - -
info: Microsoft.AspNetCore.Hosting.Diagnostics[1]
      Request starting HTTP/2 GET https://localhost:44376/images/thumbs/0390489_olancha-contemporary-solid-wood-46-small-tv-stand-with-3-drawers_415.jpeg - - -
info: Microsoft.AspNetCore.Hosting.Diagnostics[1]
      Request starting HTTP/2 GET https://localhost:44376/images/shades/Squareimage/No. 101 No Stain Natural.jpg - - -
info: Microsoft.AspNetCore.Hosting.Diagnostics[1]
      Request starting HTTP/2 GET https://localhost:44376/images/shades/Squareimage/No. 102 Natural.jpg - - -
info: Microsoft.AspNetCore.Hosting.Diagnostics[1]
      Request starting HTTP/2 GET https://localhost:44376/images/thumbs/0390511_portland-contemporary-rustic-solid-large-tv-stand-media-console_415.jpeg - - -
info: Microsoft.AspNetCore.Hosting.Diagnostics[1]
      Request starting HTTP/2 GET https://localhost:44376/images/thumbs/0390519_santa-cruz-solid-wood-75-large-narrow-rustic-media-cabinet_415.jpeg - - -
info: Microsoft.AspNetCore.Hosting.Diagnostics[1]
      Request starting HTTP/2 GET https://localhost:44376/images/thumbs/0429828_quebec-glass-door-solid-wood-media-console-cabinet-6582_415.png - - -
info: Microsoft.AspNetCore.Hosting.Diagnostics[2]
      Request finished HTTP/2 GET https://localhost:44376/images/shades/Squareimage/No. 103 Light Espresso.jpg - 404 - - 1475.4895ms
info: Microsoft.AspNetCore.Hosting.Diagnostics[2]
      Request finished HTTP/2 GET https://localhost:44376/images/shades/Squareimage/No. 202 Dark Natural.jpg - 404 - - 1476.0411ms
info: Microsoft.AspNetCore.Hosting.Diagnostics[1]
      Request starting HTTP/2 GET https://localhost:44376/.well-known/appspecific/com.chrome.devtools.json - - -
info: Microsoft.AspNetCore.Hosting.Diagnostics[1]
      Request starting HTTP/2 GET https://localhost:44376/category/products?categoryId=126&pagenumber=3&openTabs=&popupOpenTabs=&topOpenTabs=&_=1789982834964 - - -
info: Microsoft.AspNetCore.Hosting.Diagnostics[2]
      Request finished HTTP/2 GET https://localhost:44376/images/thumbs/0390489_olancha-contemporary-solid-wood-46-small-tv-stand-with-3-drawers_415.jpeg - 404 - - 1426.6256ms
info: Microsoft.AspNetCore.Hosting.Diagnostics[16]
      Request reached the end of the middleware pipeline without being handled by application code. Request path: GET https://localhost:44376/images/shades/Squareimage/No.%20202%20Dark%20Natural.jpg, Response status code: 404
info: Microsoft.AspNetCore.Hosting.Diagnostics[16]
      Request reached the end of the middleware pipeline without being handled by application code. Request path: GET https://localhost:44376/images/thumbs/0390489_olancha-contemporary-solid-wood-46-small-tv-stand-with-3-drawers_415.jpeg, Response status code: 404
info: Microsoft.AspNetCore.Hosting.Diagnostics[16]
      Request reached the end of the middleware pipeline without being handled by application code. Request path: GET https://localhost:44376/images/shades/Squareimage/No.%20103%20Light%20Espresso.jpg, Response status code: 404
info: Microsoft.AspNetCore.Hosting.Diagnostics[2]
      Request finished HTTP/2 GET https://localhost:44376/images/shades/Squareimage/No. 203 Dark Espresso.jpg - 404 - - 1615.3867ms
info: Microsoft.AspNetCore.Hosting.Diagnostics[16]
      Request reached the end of the middleware pipeline without being handled by application code. Request path: GET https://localhost:44376/images/shades/Squareimage/No.%20203%20Dark%20Espresso.jpg, Response status code: 404
info: Microsoft.AspNetCore.Hosting.Diagnostics[2]
      Request finished HTTP/2 GET https://localhost:44376/images/shades/Squareimage/No. 303 Black.jpg - 404 - - 2002.5567ms
info: Microsoft.AspNetCore.Hosting.Diagnostics[2]
      Request finished HTTP/2 GET https://localhost:44376/images/shades/Squareimage/No. 304 Medium Espresso.jpg - 404 - - 2066.4053ms
info: Microsoft.AspNetCore.Hosting.Diagnostics[16]
      Request reached the end of the middleware pipeline without being handled by application code. Request path: GET https://localhost:44376/images/shades/Squareimage/No.%20303%20Black.jpg, Response status code: 404
info: Microsoft.AspNetCore.Hosting.Diagnostics[2]
      Request finished HTTP/2 GET https://localhost:44376/images/thumbs/0390391_peoria-solid-wood-square-dining-table-set_415.jpeg - 404 - - 2082.9499ms
info: Microsoft.AspNetCore.Hosting.Diagnostics[16]
      Request reached the end of the middleware pipeline without being handled by application code. Request path: GET https://localhost:44376/images/thumbs/0390391_peoria-solid-wood-square-dining-table-set_415.jpeg, Response status code: 404
info: Microsoft.AspNetCore.Hosting.Diagnostics[16]
      Request reached the end of the middleware pipeline without being handled by application code. Request path: GET https://localhost:44376/images/shades/Squareimage/No.%20304%20Medium%20Espresso.jpg, Response status code: 404
info: Microsoft.AspNetCore.Hosting.Diagnostics[2]
      Request finished HTTP/2 GET https://localhost:44376/images/shades/Squareimage/No. 101 No Stain Natural.jpg - 404 - - 2391.2540ms
info: Microsoft.AspNetCore.Hosting.Diagnostics[16]
      Request reached the end of the middleware pipeline without being handled by application code. Request path: GET https://localhost:44376/images/shades/Squareimage/No.%20101%20No%20Stain%20Natural.jpg, Response status code: 404
info: Microsoft.AspNetCore.Hosting.Diagnostics[2]
      Request finished HTTP/2 GET https://localhost:44376/images/thumbs/0390519_santa-cruz-solid-wood-75-large-narrow-rustic-media-cabinet_415.jpeg - 404 - - 1363.3541ms
info: Microsoft.AspNetCore.Hosting.Diagnostics[16]
      Request reached the end of the middleware pipeline without being handled by application code. Request path: GET https://localhost:44376/images/thumbs/0390519_santa-cruz-solid-wood-75-large-narrow-rustic-media-cabinet_415.jpeg, Response status code: 404
info: Microsoft.AspNetCore.Routing.EndpointMiddleware[0]
      Executing endpoint 'Nop.Web.Controllers.CommonController.GenericUrl (Nop.Web)'
info: Microsoft.AspNetCore.Routing.EndpointMiddleware[0]
      Executing endpoint 'MWT.Plugin.Misc.MwtStorefront.Controllers.CatalogController.GetCustomCategoryProducts (MWT.Plugin.Misc.MwtStorefront)'
info: Microsoft.AspNetCore.Hosting.Diagnostics[2]
      Request finished HTTP/2 GET https://localhost:44376/images/shades/Squareimage/No. 102 Natural.jpg - 404 - - 2607.2596ms
info: Microsoft.AspNetCore.Hosting.Diagnostics[2]
      Request finished HTTP/2 GET https://localhost:44376/.well-known/appspecific/com.chrome.devtools.json - 404 - - 1215.4436ms
info: Microsoft.AspNetCore.Hosting.Diagnostics[16]
      Request reached the end of the middleware pipeline without being handled by application code. Request path: GET https://localhost:44376/.well-known/appspecific/com.chrome.devtools.json, Response status code: 404
info: Microsoft.AspNetCore.Hosting.Diagnostics[16]
      Request reached the end of the middleware pipeline without being handled by application code. Request path: GET https://localhost:44376/images/shades/Squareimage/No.%20102%20Natural.jpg, Response status code: 404
info: Microsoft.AspNetCore.Hosting.Diagnostics[2]
      Request finished HTTP/2 GET https://localhost:44376/images/thumbs/0390511_portland-contemporary-rustic-solid-large-tv-stand-media-console_415.jpeg - 404 - - 1820.1110ms
info: Microsoft.AspNetCore.Hosting.Diagnostics[16]
      Request reached the end of the middleware pipeline without being handled by application code. Request path: GET https://localhost:44376/images/thumbs/0390511_portland-contemporary-rustic-solid-large-tv-stand-media-console_415.jpeg, Response status code: 404
info: Microsoft.AspNetCore.Hosting.Diagnostics[2]
      Request finished HTTP/2 GET https://localhost:44376/images/thumbs/0429828_quebec-glass-door-solid-wood-media-console-cabinet-6582_415.png - 404 - - 1539.9820ms
info: Microsoft.AspNetCore.Mvc.Infrastructure.ControllerActionInvoker[102]
      Route matched with {action = "GetCustomCategoryProducts", controller = "Catalog", area = ""}. Executing controller action with signature System.Threading.Tasks.Task`1[Microsoft.AspNetCore.Mvc.IActionResult] GetCustomCategoryProducts(Int32, MWT.Plugin.Misc.MwtStorefront.Models.Catalog.CustomCatalogProductsCommand, System.String) on controller MWT.Plugin.Misc.MwtStorefront.Controllers.CatalogController (MWT.Plugin.Misc.MwtStorefront).
info: Microsoft.AspNetCore.Hosting.Diagnostics[16]
      Request reached the end of the middleware pipeline without being handled by application code. Request path: GET https://localhost:44376/images/thumbs/0429828_quebec-glass-door-solid-wood-media-console-cabinet-6582_415.png, Response status code: 404
info: Microsoft.AspNetCore.Mvc.Infrastructure.ControllerActionInvoker[102]
      Route matched with {action = "GenericUrl", controller = "Common", area = ""}. Executing controller action with signature Microsoft.AspNetCore.Mvc.IActionResult GenericUrl() on controller Nop.Web.Controllers.CommonController (Nop.Web).
info: Microsoft.AspNetCore.Mvc.Infrastructure.ControllerActionInvoker[105]
      Executed action Nop.Web.Controllers.CommonController.GenericUrl (Nop.Web) in 10.083ms
info: Microsoft.AspNetCore.Routing.EndpointMiddleware[1]
      Executed endpoint 'Nop.Web.Controllers.CommonController.GenericUrl (Nop.Web)'
info: Microsoft.AspNetCore.Hosting.Diagnostics[2]
      Request finished HTTP/2 GET https://localhost:44376/images/pixel.png - 499 - - 3076.1000ms
info: Microsoft.AspNetCore.Mvc.NewtonsoftJson.NewtonsoftJsonResultExecutor[2]
      Executing JsonResult, writing value of type '<>f__AnonymousType32`4[[System.String, System.Private.CoreLib, Version=9.0.0.0, Culture=neutral, PublicKeyToken=7cec85d7bea7798e],[System.String, System.Private.CoreLib, Version=9.0.0.0, Culture=neutral, PublicKeyToken=7cec85d7bea7798e],[System.String, System.Private.CoreLib, Version=9.0.0.0, Culture=neutral, PublicKeyToken=7cec85d7bea7798e],[System.String, System.Private.CoreLib, Version=9.0.0.0, Culture=neutral, PublicKeyToken=7cec85d7bea7798e]]'.
info: Microsoft.AspNetCore.Mvc.Infrastructure.ControllerActionInvoker[105]
      Executed action MWT.Plugin.Misc.MwtStorefront.Controllers.CatalogController.GetCustomCategoryProducts (MWT.Plugin.Misc.MwtStorefront) in 678.945ms
info: Microsoft.AspNetCore.Routing.EndpointMiddleware[1]
      Executed endpoint 'MWT.Plugin.Misc.MwtStorefront.Controllers.CatalogController.GetCustomCategoryProducts (MWT.Plugin.Misc.MwtStorefront)'
info: Microsoft.AspNetCore.Hosting.Diagnostics[2]
      Request finished HTTP/2 GET https://localhost:44376/category/products?categoryId=126&pagenumber=3&openTabs=&popupOpenTabs=&topOpenTabs=&_=1789982834964 - 200 - application/json;+charset=utf-8 2164.9380ms
info: Microsoft.AspNetCore.Hosting.Diagnostics[1]
      Request starting HTTP/2 GET https://localhost:44376/images/pixel.png - - -
info: Microsoft.AspNetCore.Hosting.Diagnostics[1]
      Request starting HTTP/2 GET https://localhost:44376/images/shades/Squareimage/No. 303 Black.jpg - - -
info: Microsoft.AspNetCore.Hosting.Diagnostics[1]
      Request starting HTTP/2 GET https://localhost:44376/images/shades/Squareimage/No. 101 No Stain Natural.jpg - - -
info: Microsoft.AspNetCore.Hosting.Diagnostics[1]
      Request starting HTTP/2 GET https://localhost:44376/images/shades/Squareimage/No. 102 Natural.jpg - - -
info: Microsoft.AspNetCore.Hosting.Diagnostics[1]
      Request starting HTTP/2 GET https://localhost:44376/images/shades/Squareimage/No. 202 Dark Natural.jpg - - -
info: Microsoft.AspNetCore.Hosting.Diagnostics[1]
      Request starting HTTP/2 GET https://localhost:44376/images/shades/Squareimage/No. 304 Medium Espresso.jpg - - -
info: Microsoft.AspNetCore.Hosting.Diagnostics[1]
      Request starting HTTP/2 GET https://localhost:44376/images/shades/Squareimage/No. 203 Dark Espresso.jpg - - -
info: Microsoft.AspNetCore.Hosting.Diagnostics[1]
      Request starting HTTP/2 GET https://localhost:44376/images/thumbs/0390717_yakima-unique-handcrafted-solid-wood-small-coffee-table_415.jpeg - - -
info: Microsoft.AspNetCore.Routing.EndpointMiddleware[0]
      Executing endpoint 'Nop.Web.Controllers.CommonController.GenericUrl (Nop.Web)'
info: Microsoft.AspNetCore.Mvc.Infrastructure.ControllerActionInvoker[102]
      Route matched with {action = "GenericUrl", controller = "Common", area = ""}. Executing controller action with signature Microsoft.AspNetCore.Mvc.IActionResult GenericUrl() on controller Nop.Web.Controllers.CommonController (Nop.Web).
info: Microsoft.AspNetCore.Hosting.Diagnostics[2]
      Request finished HTTP/2 GET https://localhost:44376/images/shades/Squareimage/No. 203 Dark Espresso.jpg - 404 - - 1227.2745ms
info: Microsoft.AspNetCore.Hosting.Diagnostics[2]
      Request finished HTTP/2 GET https://localhost:44376/images/shades/Squareimage/No. 202 Dark Natural.jpg - 404 - - 1302.6996ms
info: Microsoft.AspNetCore.Hosting.Diagnostics[16]
      Request reached the end of the middleware pipeline without being handled by application code. Request path: GET https://localhost:44376/images/shades/Squareimage/No.%20203%20Dark%20Espresso.jpg, Response status code: 404
info: Microsoft.AspNetCore.Hosting.Diagnostics[2]
      Request finished HTTP/2 GET https://localhost:44376/images/thumbs/0390717_yakima-unique-handcrafted-solid-wood-small-coffee-table_415.jpeg - 404 - - 675.0137ms
info: Microsoft.AspNetCore.Hosting.Diagnostics[2]
      Request finished HTTP/2 GET https://localhost:44376/images/shades/Squareimage/No. 102 Natural.jpg - 404 - - 1305.5725ms
info: Microsoft.AspNetCore.Hosting.Diagnostics[2]
      Request finished HTTP/2 GET https://localhost:44376/images/shades/Squareimage/No. 101 No Stain Natural.jpg - 404 - - 1306.0029ms
info: Microsoft.AspNetCore.Hosting.Diagnostics[2]
      Request finished HTTP/2 GET https://localhost:44376/images/shades/Squareimage/No. 304 Medium Espresso.jpg - 404 - - 1276.9928ms
info: Microsoft.AspNetCore.Hosting.Diagnostics[16]
      Request reached the end of the middleware pipeline without being handled by application code. Request path: GET https://localhost:44376/images/shades/Squareimage/No.%20102%20Natural.jpg, Response status code: 404
info: Microsoft.AspNetCore.Hosting.Diagnostics[16]
      Request reached the end of the middleware pipeline without being handled by application code. Request path: GET https://localhost:44376/images/shades/Squareimage/No.%20202%20Dark%20Natural.jpg, Response status code: 404
info: Microsoft.AspNetCore.Hosting.Diagnostics[16]
      Request reached the end of the middleware pipeline without being handled by application code. Request path: GET https://localhost:44376/images/shades/Squareimage/No.%20101%20No%20Stain%20Natural.jpg, Response status code: 404
info: Microsoft.AspNetCore.Hosting.Diagnostics[16]
      Request reached the end of the middleware pipeline without being handled by application code. Request path: GET https://localhost:44376/images/shades/Squareimage/No.%20304%20Medium%20Espresso.jpg, Response status code: 404
info: Microsoft.AspNetCore.Hosting.Diagnostics[16]
      Request reached the end of the middleware pipeline without being handled by application code. Request path: GET https://localhost:44376/images/thumbs/0390717_yakima-unique-handcrafted-solid-wood-small-coffee-table_415.jpeg, Response status code: 404
info: Microsoft.AspNetCore.Hosting.Diagnostics[2]
      Request finished HTTP/2 GET https://localhost:44376/images/shades/Squareimage/No. 303 Black.jpg - 404 - - 1456.1901ms
info: Microsoft.AspNetCore.Hosting.Diagnostics[16]
      Request reached the end of the middleware pipeline without being handled by application code. Request path: GET https://localhost:44376/images/shades/Squareimage/No.%20303%20Black.jpg, Response status code: 404
info: Microsoft.AspNetCore.Mvc.Infrastructure.ControllerActionInvoker[105]
      Executed action Nop.Web.Controllers.CommonController.GenericUrl (Nop.Web) in 161.1685ms
info: Microsoft.AspNetCore.Routing.EndpointMiddleware[1]
      Executed endpoint 'Nop.Web.Controllers.CommonController.GenericUrl (Nop.Web)'
info: Microsoft.AspNetCore.Hosting.Diagnostics[2]
      Request finished HTTP/2 GET https://localhost:44376/images/pixel.png - 499 - - 1472.8464ms
info: Microsoft.AspNetCore.Hosting.Diagnostics[1]
      Request starting HTTP/2 POST https://localhost:44376/CampaignManagement/ConversionPopup - application/x-www-form-urlencoded;+charset=UTF-8 139
info: Microsoft.AspNetCore.Routing.EndpointMiddleware[0]
      Executing endpoint 'MWT.Plugin.Misc.MwtStorefront.Controllers.CampaignManagementController.ConversionPopup (MWT.Plugin.Misc.MwtStorefront)'
info: Microsoft.AspNetCore.Mvc.Infrastructure.ControllerActionInvoker[102]
      Route matched with {action = "ConversionPopup", controller = "CampaignManagement", area = ""}. Executing controller action with signature System.Threading.Tasks.Task`1[Microsoft.AspNetCore.Mvc.IActionResult] ConversionPopup(Int32, System.String, System.String, System.String, System.String, System.String, Int32, System.String) on controller MWT.Plugin.Misc.MwtStorefront.Controllers.CampaignManagementController (MWT.Plugin.Misc.MwtStorefront).
info: Microsoft.AspNetCore.Mvc.NewtonsoftJson.NewtonsoftJsonResultExecutor[2]
      Executing JsonResult, writing value of type 'MWT.Nop.Core.Domain.Custom.Campaign_Management.CampaignPopupResult'.
info: Microsoft.AspNetCore.Mvc.Infrastructure.ControllerActionInvoker[105]
      Executed action MWT.Plugin.Misc.MwtStorefront.Controllers.CampaignManagementController.ConversionPopup (MWT.Plugin.Misc.MwtStorefront) in 31.1348ms
info: Microsoft.AspNetCore.Routing.EndpointMiddleware[1]
      Executed endpoint 'MWT.Plugin.Misc.MwtStorefront.Controllers.CampaignManagementController.ConversionPopup (MWT.Plugin.Misc.MwtStorefront)'
info: Microsoft.AspNetCore.Hosting.Diagnostics[2]
      Request finished HTTP/2 POST https://localhost:44376/CampaignManagement/ConversionPopup - 200 - application/json;+charset=utf-8 272.0684ms
info: Microsoft.AspNetCore.Hosting.Diagnostics[1]
      Request starting HTTP/2 GET https://localhost:44376/category/products?categoryId=126&&openTabs=&popupOpenTabs=&topOpenTabs=&_=1789982834965 - - -
info: Microsoft.AspNetCore.Hosting.Diagnostics[1]
      Request starting HTTP/2 GET https://localhost:44376/.well-known/appspecific/com.chrome.devtools.json - - -
info: Microsoft.AspNetCore.Routing.EndpointMiddleware[0]
      Executing endpoint 'MWT.Plugin.Misc.MwtStorefront.Controllers.CatalogController.GetCustomCategoryProducts (MWT.Plugin.Misc.MwtStorefront)'
info: Microsoft.AspNetCore.Mvc.Infrastructure.ControllerActionInvoker[102]
      Route matched with {action = "GetCustomCategoryProducts", controller = "Catalog", area = ""}. Executing controller action with signature System.Threading.Tasks.Task`1[Microsoft.AspNetCore.Mvc.IActionResult] GetCustomCategoryProducts(Int32, MWT.Plugin.Misc.MwtStorefront.Models.Catalog.CustomCatalogProductsCommand, System.String) on controller MWT.Plugin.Misc.MwtStorefront.Controllers.CatalogController (MWT.Plugin.Misc.MwtStorefront).
info: Microsoft.AspNetCore.Hosting.Diagnostics[2]
      Request finished HTTP/2 GET https://localhost:44376/.well-known/appspecific/com.chrome.devtools.json - 404 - - 470.0344ms
info: Microsoft.AspNetCore.Hosting.Diagnostics[16]
      Request reached the end of the middleware pipeline without being handled by application code. Request path: GET https://localhost:44376/.well-known/appspecific/com.chrome.devtools.json, Response status code: 404
info: Microsoft.AspNetCore.Mvc.NewtonsoftJson.NewtonsoftJsonResultExecutor[2]
      Executing JsonResult, writing value of type '<>f__AnonymousType32`4[[System.String, System.Private.CoreLib, Version=9.0.0.0, Culture=neutral, PublicKeyToken=7cec85d7bea7798e],[System.String, System.Private.CoreLib, Version=9.0.0.0, Culture=neutral, PublicKeyToken=7cec85d7bea7798e],[System.String, System.Private.CoreLib, Version=9.0.0.0, Culture=neutral, PublicKeyToken=7cec85d7bea7798e],[System.String, System.Private.CoreLib, Version=9.0.0.0, Culture=neutral, PublicKeyToken=7cec85d7bea7798e]]'.
info: Microsoft.AspNetCore.Mvc.Infrastructure.ControllerActionInvoker[105]
      Executed action MWT.Plugin.Misc.MwtStorefront.Controllers.CatalogController.GetCustomCategoryProducts (MWT.Plugin.Misc.MwtStorefront) in 1295.1887ms
info: Microsoft.AspNetCore.Routing.EndpointMiddleware[1]
      Executed endpoint 'MWT.Plugin.Misc.MwtStorefront.Controllers.CatalogController.GetCustomCategoryProducts (MWT.Plugin.Misc.MwtStorefront)'
info: Microsoft.AspNetCore.Hosting.Diagnostics[2]
      Request finished HTTP/2 GET https://localhost:44376/category/products?categoryId=126&&openTabs=&popupOpenTabs=&topOpenTabs=&_=1789982834965 - 200 - application/json;+charset=utf-8 1788.6185ms
info: Microsoft.AspNetCore.Hosting.Diagnostics[1]
      Request starting HTTP/2 GET https://localhost:44376/images/pixel.png - - -
info: Microsoft.AspNetCore.Hosting.Diagnostics[1]
      Request starting HTTP/2 GET https://localhost:44376/images/shades/Squareimage/No. 304 Medium Espresso.jpg - - -
info: Microsoft.AspNetCore.Hosting.Diagnostics[1]
      Request starting HTTP/2 GET https://localhost:44376/images/shades/Squareimage/No. 102 Natural.jpg - - -
info: Microsoft.AspNetCore.Hosting.Diagnostics[1]
      Request starting HTTP/2 GET https://localhost:44376/images/shades/Squareimage/No. 202 Dark Natural.jpg - - -
info: Microsoft.AspNetCore.Hosting.Diagnostics[1]
      Request starting HTTP/2 GET https://localhost:44376/images/shades/Squareimage/No. 101 No Stain Natural.jpg - - -
info: Microsoft.AspNetCore.Hosting.Diagnostics[1]
      Request starting HTTP/2 GET https://localhost:44376/images/shades/Squareimage/No. 303 Black.jpg - - -
info: Microsoft.AspNetCore.Hosting.Diagnostics[1]
      Request starting HTTP/2 GET https://localhost:44376/category/products?categoryId=126&pagenumber=2&openTabs=&popupOpenTabs=&topOpenTabs=&_=1789982834966 - - -
info: Microsoft.AspNetCore.Hosting.Diagnostics[1]
      Request starting HTTP/2 GET https://localhost:44376/.well-known/appspecific/com.chrome.devtools.json - - -
info: Microsoft.AspNetCore.Hosting.Diagnostics[1]
      Request starting HTTP/2 GET https://localhost:44376/images/thumbs/0390695_worcester-hand-carved-trunk-storage-coffee-table_415.jpeg - - -
info: Microsoft.AspNetCore.Hosting.Diagnostics[1]
      Request starting HTTP/2 GET https://localhost:44376/images/thumbs/0429600_kansas-city-rustic-farmhouse-counter-height-square-dining-set_415.jpeg - - -
info: Microsoft.AspNetCore.Hosting.Diagnostics[1]
      Request starting HTTP/2 GET https://localhost:44376/images/thumbs/0390666_houston-solid-wood-home-bar-cabinet-with-fridge-space_415.jpeg - - -
info: Microsoft.AspNetCore.Hosting.Diagnostics[1]
      Request starting HTTP/2 GET https://localhost:44376/images/thumbs/0430083_frisco-modern-rustic-solid-wood-long-sideboard-with-drawers_415.jpeg - - -
info: Microsoft.AspNetCore.Routing.EndpointMiddleware[0]
      Executing endpoint 'MWT.Plugin.Misc.MwtStorefront.Controllers.CatalogController.GetCustomCategoryProducts (MWT.Plugin.Misc.MwtStorefront)'
info: Microsoft.AspNetCore.Hosting.Diagnostics[2]
      Request finished HTTP/2 GET https://localhost:44376/images/shades/Squareimage/No. 102 Natural.jpg - 404 - - 1907.9283ms
info: Microsoft.AspNetCore.Hosting.Diagnostics[16]
      Request reached the end of the middleware pipeline without being handled by application code. Request path: GET https://localhost:44376/images/shades/Squareimage/No.%20102%20Natural.jpg, Response status code: 404
info: Microsoft.AspNetCore.Hosting.Diagnostics[2]
      Request finished HTTP/2 GET https://localhost:44376/images/shades/Squareimage/No. 304 Medium Espresso.jpg - 404 - - 2064.6131ms
info: Microsoft.AspNetCore.Hosting.Diagnostics[16]
      Request reached the end of the middleware pipeline without being handled by application code. Request path: GET https://localhost:44376/images/shades/Squareimage/No.%20304%20Medium%20Espresso.jpg, Response status code: 404
info: Microsoft.AspNetCore.Hosting.Diagnostics[2]
      Request finished HTTP/2 GET https://localhost:44376/images/shades/Squareimage/No. 202 Dark Natural.jpg - 404 - - 2215.7023ms
info: Microsoft.AspNetCore.Mvc.Infrastructure.ControllerActionInvoker[102]
      Route matched with {action = "GetCustomCategoryProducts", controller = "Catalog", area = ""}. Executing controller action with signature System.Threading.Tasks.Task`1[Microsoft.AspNetCore.Mvc.IActionResult] GetCustomCategoryProducts(Int32, MWT.Plugin.Misc.MwtStorefront.Models.Catalog.CustomCatalogProductsCommand, System.String) on controller MWT.Plugin.Misc.MwtStorefront.Controllers.CatalogController (MWT.Plugin.Misc.MwtStorefront).
info: Microsoft.AspNetCore.Hosting.Diagnostics[16]
      Request reached the end of the middleware pipeline without being handled by application code. Request path: GET https://localhost:44376/images/shades/Squareimage/No.%20202%20Dark%20Natural.jpg, Response status code: 404
info: Microsoft.AspNetCore.Hosting.Diagnostics[2]
      Request finished HTTP/2 GET https://localhost:44376/images/thumbs/0429600_kansas-city-rustic-farmhouse-counter-height-square-dining-set_415.jpeg - 404 - - 1480.9636ms
info: Microsoft.AspNetCore.Hosting.Diagnostics[16]
      Request reached the end of the middleware pipeline without being handled by application code. Request path: GET https://localhost:44376/images/thumbs/0429600_kansas-city-rustic-farmhouse-counter-height-square-dining-set_415.jpeg, Response status code: 404
info: Microsoft.AspNetCore.Hosting.Diagnostics[2]
      Request finished HTTP/2 GET https://localhost:44376/images/shades/Squareimage/No. 101 No Stain Natural.jpg - 404 - - 2403.3886ms
info: Microsoft.AspNetCore.Hosting.Diagnostics[2]
      Request finished HTTP/2 GET https://localhost:44376/images/thumbs/0390666_houston-solid-wood-home-bar-cabinet-with-fridge-space_415.jpeg - 404 - - 1276.2557ms
info: Microsoft.AspNetCore.Hosting.Diagnostics[16]
      Request reached the end of the middleware pipeline without being handled by application code. Request path: GET https://localhost:44376/images/shades/Squareimage/No.%20101%20No%20Stain%20Natural.jpg, Response status code: 404
info: Microsoft.AspNetCore.Hosting.Diagnostics[16]
      Request reached the end of the middleware pipeline without being handled by application code. Request path: GET https://localhost:44376/images/thumbs/0390666_houston-solid-wood-home-bar-cabinet-with-fridge-space_415.jpeg, Response status code: 404
info: Microsoft.AspNetCore.Hosting.Diagnostics[2]
      Request finished HTTP/2 GET https://localhost:44376/images/shades/Squareimage/No. 303 Black.jpg - 404 - - 2442.9230ms
info: Microsoft.AspNetCore.Hosting.Diagnostics[16]
      Request reached the end of the middleware pipeline without being handled by application code. Request path: GET https://localhost:44376/images/shades/Squareimage/No.%20303%20Black.jpg, Response status code: 404
info: Microsoft.AspNetCore.Hosting.Diagnostics[2]
      Request finished HTTP/2 GET https://localhost:44376/.well-known/appspecific/com.chrome.devtools.json - 404 - - 2338.5630ms
info: Microsoft.AspNetCore.Hosting.Diagnostics[16]
      Request reached the end of the middleware pipeline without being handled by application code. Request path: GET https://localhost:44376/.well-known/appspecific/com.chrome.devtools.json, Response status code: 404
info: Microsoft.AspNetCore.Routing.EndpointMiddleware[0]
      Executing endpoint 'Nop.Web.Controllers.CommonController.GenericUrl (Nop.Web)'
info: Microsoft.AspNetCore.Hosting.Diagnostics[2]
      Request finished HTTP/2 GET https://localhost:44376/images/thumbs/0430083_frisco-modern-rustic-solid-wood-long-sideboard-with-drawers_415.jpeg - 404 - - 1306.2979ms
info: Microsoft.AspNetCore.Hosting.Diagnostics[16]
      Request reached the end of the middleware pipeline without being handled by application code. Request path: GET https://localhost:44376/images/thumbs/0430083_frisco-modern-rustic-solid-wood-long-sideboard-with-drawers_415.jpeg, Response status code: 404
info: Microsoft.AspNetCore.Hosting.Diagnostics[2]
      Request finished HTTP/2 GET https://localhost:44376/images/thumbs/0390695_worcester-hand-carved-trunk-storage-coffee-table_415.jpeg - 404 - - 1838.9621ms
info: Microsoft.AspNetCore.Hosting.Diagnostics[16]
      Request reached the end of the middleware pipeline without being handled by application code. Request path: GET https://localhost:44376/images/thumbs/0390695_worcester-hand-carved-trunk-storage-coffee-table_415.jpeg, Response status code: 404
info: Microsoft.AspNetCore.Mvc.Infrastructure.ControllerActionInvoker[102]
      Route matched with {action = "GenericUrl", controller = "Common", area = ""}. Executing controller action with signature Microsoft.AspNetCore.Mvc.IActionResult GenericUrl() on controller Nop.Web.Controllers.CommonController (Nop.Web).
info: Microsoft.AspNetCore.Mvc.Infrastructure.ControllerActionInvoker[105]
      Executed action Nop.Web.Controllers.CommonController.GenericUrl (Nop.Web) in 4.5955ms
info: Microsoft.AspNetCore.Routing.EndpointMiddleware[1]
      Executed endpoint 'Nop.Web.Controllers.CommonController.GenericUrl (Nop.Web)'
info: Microsoft.AspNetCore.Hosting.Diagnostics[2]
      Request finished HTTP/2 GET https://localhost:44376/images/pixel.png - 499 - - 2637.2345ms
info: Microsoft.AspNetCore.Mvc.NewtonsoftJson.NewtonsoftJsonResultExecutor[2]
      Executing JsonResult, writing value of type '<>f__AnonymousType32`4[[System.String, System.Private.CoreLib, Version=9.0.0.0, Culture=neutral, PublicKeyToken=7cec85d7bea7798e],[System.String, System.Private.CoreLib, Version=9.0.0.0, Culture=neutral, PublicKeyToken=7cec85d7bea7798e],[System.String, System.Private.CoreLib, Version=9.0.0.0, Culture=neutral, PublicKeyToken=7cec85d7bea7798e],[System.String, System.Private.CoreLib, Version=9.0.0.0, Culture=neutral, PublicKeyToken=7cec85d7bea7798e]]'.
info: Microsoft.AspNetCore.Mvc.Infrastructure.ControllerActionInvoker[105]
      Executed action MWT.Plugin.Misc.MwtStorefront.Controllers.CatalogController.GetCustomCategoryProducts (MWT.Plugin.Misc.MwtStorefront) in 1452.1216ms
info: Microsoft.AspNetCore.Routing.EndpointMiddleware[1]
      Executed endpoint 'MWT.Plugin.Misc.MwtStorefront.Controllers.CatalogController.GetCustomCategoryProducts (MWT.Plugin.Misc.MwtStorefront)'
info: Microsoft.AspNetCore.Hosting.Diagnostics[2]
      Request finished HTTP/2 GET https://localhost:44376/category/products?categoryId=126&pagenumber=2&openTabs=&popupOpenTabs=&topOpenTabs=&_=1789982834966 - 200 - application/json;+charset=utf-8 3640.9950ms
info: Microsoft.AspNetCore.Hosting.Diagnostics[1]
      Request starting HTTP/2 GET https://localhost:44376/images/shades/Squareimage/No. 304 Medium Espresso.jpg - - -
info: Microsoft.AspNetCore.Hosting.Diagnostics[1]
      Request starting HTTP/2 GET https://localhost:44376/images/pixel.png - - -
info: Microsoft.AspNetCore.Hosting.Diagnostics[1]
      Request starting HTTP/2 GET https://localhost:44376/images/shades/Squareimage/No. 102 Natural.jpg - - -
info: Microsoft.AspNetCore.Hosting.Diagnostics[1]
      Request starting HTTP/2 GET https://localhost:44376/images/shades/Squareimage/No. 101 No Stain Natural.jpg - - -
info: Microsoft.AspNetCore.Hosting.Diagnostics[1]
      Request starting HTTP/2 GET https://localhost:44376/images/shades/Squareimage/No. 203 Dark Espresso.jpg - - -
info: Microsoft.AspNetCore.Hosting.Diagnostics[1]
      Request starting HTTP/2 GET https://localhost:44376/images/shades/Squareimage/No. 103 Light Espresso.jpg - - -
info: Microsoft.AspNetCore.Hosting.Diagnostics[1]
      Request starting HTTP/2 GET https://localhost:44376/images/shades/Squareimage/No. 202 Dark Natural.jpg - - -
info: Microsoft.AspNetCore.Hosting.Diagnostics[1]
      Request starting HTTP/2 GET https://localhost:44376/images/shades/Squareimage/No. 303 Black.jpg - - -
info: Microsoft.AspNetCore.Routing.EndpointMiddleware[0]
      Executing endpoint 'Nop.Web.Controllers.CommonController.GenericUrl (Nop.Web)'
info: Microsoft.AspNetCore.Hosting.Diagnostics[2]
      Request finished HTTP/2 GET https://localhost:44376/images/shades/Squareimage/No. 103 Light Espresso.jpg - 404 - - 1287.4793ms
info: Microsoft.AspNetCore.Hosting.Diagnostics[2]
      Request finished HTTP/2 GET https://localhost:44376/images/shades/Squareimage/No. 102 Natural.jpg - 404 - - 1314.3530ms
info: Microsoft.AspNetCore.Hosting.Diagnostics[16]
      Request reached the end of the middleware pipeline without being handled by application code. Request path: GET https://localhost:44376/images/shades/Squareimage/No.%20103%20Light%20Espresso.jpg, Response status code: 404
info: Microsoft.AspNetCore.Hosting.Diagnostics[16]
      Request reached the end of the middleware pipeline without being handled by application code. Request path: GET https://localhost:44376/images/shades/Squareimage/No.%20102%20Natural.jpg, Response status code: 404
info: Microsoft.AspNetCore.Hosting.Diagnostics[2]
      Request finished HTTP/2 GET https://localhost:44376/images/shades/Squareimage/No. 203 Dark Espresso.jpg - 404 - - 1375.6871ms
info: Microsoft.AspNetCore.Hosting.Diagnostics[2]
      Request finished HTTP/2 GET https://localhost:44376/images/shades/Squareimage/No. 202 Dark Natural.jpg - 404 - - 1453.1838ms
info: Microsoft.AspNetCore.Hosting.Diagnostics[16]
      Request reached the end of the middleware pipeline without being handled by application code. Request path: GET https://localhost:44376/images/shades/Squareimage/No.%20203%20Dark%20Espresso.jpg, Response status code: 404
info: Microsoft.AspNetCore.Hosting.Diagnostics[16]
      Request reached the end of the middleware pipeline without being handled by application code. Request path: GET https://localhost:44376/images/shades/Squareimage/No.%20202%20Dark%20Natural.jpg, Response status code: 404
info: Microsoft.AspNetCore.Hosting.Diagnostics[2]
      Request finished HTTP/2 GET https://localhost:44376/images/shades/Squareimage/No. 303 Black.jpg - 404 - - 1556.6562ms
info: Microsoft.AspNetCore.Mvc.Infrastructure.ControllerActionInvoker[102]
      Route matched with {action = "GenericUrl", controller = "Common", area = ""}. Executing controller action with signature Microsoft.AspNetCore.Mvc.IActionResult GenericUrl() on controller Nop.Web.Controllers.CommonController (Nop.Web).
info: Microsoft.AspNetCore.Hosting.Diagnostics[2]
      Request finished HTTP/2 GET https://localhost:44376/images/shades/Squareimage/No. 101 No Stain Natural.jpg - 404 - - 1624.0145ms
info: Microsoft.AspNetCore.Hosting.Diagnostics[2]
      Request finished HTTP/2 GET https://localhost:44376/images/shades/Squareimage/No. 304 Medium Espresso.jpg - 404 - - 1632.8213ms
info: Microsoft.AspNetCore.Hosting.Diagnostics[16]
      Request reached the end of the middleware pipeline without being handled by application code. Request path: GET https://localhost:44376/images/shades/Squareimage/No.%20303%20Black.jpg, Response status code: 404
info: Microsoft.AspNetCore.Hosting.Diagnostics[16]
      Request reached the end of the middleware pipeline without being handled by application code. Request path: GET https://localhost:44376/images/shades/Squareimage/No.%20304%20Medium%20Espresso.jpg, Response status code: 404
info: Microsoft.AspNetCore.Hosting.Diagnostics[16]
      Request reached the end of the middleware pipeline without being handled by application code. Request path: GET https://localhost:44376/images/shades/Squareimage/No.%20101%20No%20Stain%20Natural.jpg, Response status code: 404
info: Microsoft.AspNetCore.Mvc.Infrastructure.ControllerActionInvoker[105]
      Executed action Nop.Web.Controllers.CommonController.GenericUrl (Nop.Web) in 75.5433ms
info: Microsoft.AspNetCore.Routing.EndpointMiddleware[1]
      Executed endpoint 'Nop.Web.Controllers.CommonController.GenericUrl (Nop.Web)'
info: Microsoft.AspNetCore.Hosting.Diagnostics[2]
      Request finished HTTP/2 GET https://localhost:44376/images/pixel.png - 404 - - 1683.6256ms
info: Microsoft.AspNetCore.Hosting.Diagnostics[1]
      Request starting HTTP/2 GET https://localhost:44376/category/products?categoryId=126&Doors=[2-Doors]&openTabs=22117&popupOpenTabs=&topOpenTabs=&_=1789982834967 - - -
info: Microsoft.AspNetCore.Hosting.Diagnostics[1]
      Request starting HTTP/2 GET https://localhost:44376/.well-known/appspecific/com.chrome.devtools.json - - -
info: Microsoft.AspNetCore.Routing.EndpointMiddleware[0]
      Executing endpoint 'MWT.Plugin.Misc.MwtStorefront.Controllers.CatalogController.GetCustomCategoryProducts (MWT.Plugin.Misc.MwtStorefront)'
info: Microsoft.AspNetCore.Mvc.Infrastructure.ControllerActionInvoker[102]
      Route matched with {action = "GetCustomCategoryProducts", controller = "Catalog", area = ""}. Executing controller action with signature System.Threading.Tasks.Task`1[Microsoft.AspNetCore.Mvc.IActionResult] GetCustomCategoryProducts(Int32, MWT.Plugin.Misc.MwtStorefront.Models.Catalog.CustomCatalogProductsCommand, System.String) on controller MWT.Plugin.Misc.MwtStorefront.Controllers.CatalogController (MWT.Plugin.Misc.MwtStorefront).
info: Microsoft.AspNetCore.Hosting.Diagnostics[2]
      Request finished HTTP/2 GET https://localhost:44376/.well-known/appspecific/com.chrome.devtools.json - 404 - - 266.0231ms
info: Microsoft.AspNetCore.Hosting.Diagnostics[16]
      Request reached the end of the middleware pipeline without being handled by application code. Request path: GET https://localhost:44376/.well-known/appspecific/com.chrome.devtools.json, Response status code: 404
info: Microsoft.AspNetCore.Mvc.NewtonsoftJson.NewtonsoftJsonResultExecutor[2]
      Executing JsonResult, writing value of type '<>f__AnonymousType32`4[[System.String, System.Private.CoreLib, Version=9.0.0.0, Culture=neutral, PublicKeyToken=7cec85d7bea7798e],[System.String, System.Private.CoreLib, Version=9.0.0.0, Culture=neutral, PublicKeyToken=7cec85d7bea7798e],[System.String, System.Private.CoreLib, Version=9.0.0.0, Culture=neutral, PublicKeyToken=7cec85d7bea7798e],[System.String, System.Private.CoreLib, Version=9.0.0.0, Culture=neutral, PublicKeyToken=7cec85d7bea7798e]]'.
info: Microsoft.AspNetCore.Mvc.Infrastructure.ControllerActionInvoker[105]
      Executed action MWT.Plugin.Misc.MwtStorefront.Controllers.CatalogController.GetCustomCategoryProducts (MWT.Plugin.Misc.MwtStorefront) in 263.0548ms
info: Microsoft.AspNetCore.Routing.EndpointMiddleware[1]
      Executed endpoint 'MWT.Plugin.Misc.MwtStorefront.Controllers.CatalogController.GetCustomCategoryProducts (MWT.Plugin.Misc.MwtStorefront)'
info: Microsoft.AspNetCore.Hosting.Diagnostics[2]
      Request finished HTTP/2 GET https://localhost:44376/category/products?categoryId=126&Doors=[2-Doors]&openTabs=22117&popupOpenTabs=&topOpenTabs=&_=1789982834967 - 200 - application/json;+charset=utf-8 628.5690ms
info: Microsoft.AspNetCore.Hosting.Diagnostics[1]
      Request starting HTTP/2 GET https://localhost:44376/images/pixel.png - - -
info: Microsoft.AspNetCore.Hosting.Diagnostics[1]
      Request starting HTTP/2 GET https://localhost:44376/images/shades/Squareimage/No. 102 Natural.jpg - - -
info: Microsoft.AspNetCore.Hosting.Diagnostics[1]
      Request starting HTTP/2 GET https://localhost:44376/images/shades/Squareimage/No. 101 No Stain Natural.jpg - - -
info: Microsoft.AspNetCore.Hosting.Diagnostics[1]
      Request starting HTTP/2 GET https://localhost:44376/images/shades/Squareimage/No. 202 Dark Natural.jpg - - -
info: Microsoft.AspNetCore.Hosting.Diagnostics[1]
      Request starting HTTP/2 GET https://localhost:44376/images/shades/Squareimage/No. 303 Black.jpg - - -
info: Microsoft.AspNetCore.Hosting.Diagnostics[1]
      Request starting HTTP/2 GET https://localhost:44376/images/shades/Squareimage/No. 304 Medium Espresso.jpg - - -
info: Microsoft.AspNetCore.Hosting.Diagnostics[2]
      Request finished HTTP/2 GET https://localhost:44376/images/shades/Squareimage/No. 202 Dark Natural.jpg - 404 - - 978.2108ms
info: Microsoft.AspNetCore.Hosting.Diagnostics[2]
      Request finished HTTP/2 GET https://localhost:44376/images/shades/Squareimage/No. 304 Medium Espresso.jpg - 404 - - 971.7857ms
info: Microsoft.AspNetCore.Hosting.Diagnostics[16]
      Request reached the end of the middleware pipeline without being handled by application code. Request path: GET https://localhost:44376/images/shades/Squareimage/No.%20304%20Medium%20Espresso.jpg, Response status code: 404
info: Microsoft.AspNetCore.Hosting.Diagnostics[2]
      Request finished HTTP/2 GET https://localhost:44376/images/shades/Squareimage/No. 303 Black.jpg - 404 - - 1008.1700ms
info: Microsoft.AspNetCore.Routing.EndpointMiddleware[0]
      Executing endpoint 'Nop.Web.Controllers.CommonController.GenericUrl (Nop.Web)'
info: Microsoft.AspNetCore.Hosting.Diagnostics[16]
      Request reached the end of the middleware pipeline without being handled by application code. Request path: GET https://localhost:44376/images/shades/Squareimage/No.%20303%20Black.jpg, Response status code: 404
info: Microsoft.AspNetCore.Hosting.Diagnostics[2]
      Request finished HTTP/2 GET https://localhost:44376/images/shades/Squareimage/No. 101 No Stain Natural.jpg - 404 - - 1042.0794ms
info: Microsoft.AspNetCore.Hosting.Diagnostics[16]
      Request reached the end of the middleware pipeline without being handled by application code. Request path: GET https://localhost:44376/images/shades/Squareimage/No.%20101%20No%20Stain%20Natural.jpg, Response status code: 404
info: Microsoft.AspNetCore.Hosting.Diagnostics[16]
      Request reached the end of the middleware pipeline without being handled by application code. Request path: GET https://localhost:44376/images/shades/Squareimage/No.%20202%20Dark%20Natural.jpg, Response status code: 404
info: Microsoft.AspNetCore.Hosting.Diagnostics[2]
      Request finished HTTP/2 GET https://localhost:44376/images/shades/Squareimage/No. 102 Natural.jpg - 404 - - 1153.6248ms
info: Microsoft.AspNetCore.Hosting.Diagnostics[16]
      Request reached the end of the middleware pipeline without being handled by application code. Request path: GET https://localhost:44376/images/shades/Squareimage/No.%20102%20Natural.jpg, Response status code: 404
info: Microsoft.AspNetCore.Mvc.Infrastructure.ControllerActionInvoker[102]
      Route matched with {action = "GenericUrl", controller = "Common", area = ""}. Executing controller action with signature Microsoft.AspNetCore.Mvc.IActionResult GenericUrl() on controller Nop.Web.Controllers.CommonController (Nop.Web).
info: Microsoft.AspNetCore.Mvc.Infrastructure.ControllerActionInvoker[105]
      Executed action Nop.Web.Controllers.CommonController.GenericUrl (Nop.Web) in 4.1121ms
info: Microsoft.AspNetCore.Routing.EndpointMiddleware[1]
      Executed endpoint 'Nop.Web.Controllers.CommonController.GenericUrl (Nop.Web)'
info: Microsoft.AspNetCore.Hosting.Diagnostics[2]
      Request finished HTTP/2 GET https://localhost:44376/images/pixel.png - 499 - - 1258.6553ms
info: System.Net.Http.HttpClient.default.LogicalHandler[100]
      Start processing HTTP request POST https://localhost:44399/scheduletask/runtask
info: System.Net.Http.HttpClient.default.ClientHandler[100]
      Sending HTTP request POST https://localhost:44399/scheduletask/runtask
info: System.Net.Http.HttpClient.default.ClientHandler[101]
      Received HTTP response headers after 5.8142ms - 404
info: System.Net.Http.HttpClient.default.LogicalHandler[101]
      End processing HTTP request after 13.5794ms - 404
info: Microsoft.AspNetCore.Hosting.Diagnostics[1]
      Request starting HTTP/2 GET https://localhost:44376/images/thumbs/0390391_peoria-solid-wood-square-dining-table-set_415.jpeg - - -
info: Microsoft.AspNetCore.Hosting.Diagnostics[1]
      Request starting HTTP/2 GET https://localhost:44376/images/thumbs/0390489_olancha-contemporary-solid-wood-46-small-tv-stand-with-3-drawers_415.jpeg - - -
info: Microsoft.AspNetCore.Hosting.Diagnostics[1]
      Request starting HTTP/2 GET https://localhost:44376/images/thumbs/0390511_portland-contemporary-rustic-solid-large-tv-stand-media-console_415.jpeg - - -
info: Microsoft.AspNetCore.Hosting.Diagnostics[1]
      Request starting HTTP/2 GET https://localhost:44376/images/thumbs/0429828_quebec-glass-door-solid-wood-media-console-cabinet-6582_415.png - - -
info: Microsoft.AspNetCore.Hosting.Diagnostics[1]
      Request starting HTTP/2 GET https://localhost:44376/images/thumbs/0390519_santa-cruz-solid-wood-75-large-narrow-rustic-media-cabinet_415.jpeg - - -
info: Microsoft.AspNetCore.Hosting.Diagnostics[2]
      Request finished HTTP/2 GET https://localhost:44376/images/thumbs/0390511_portland-contemporary-rustic-solid-large-tv-stand-media-console_415.jpeg - 404 - - 749.3287ms
info: Microsoft.AspNetCore.Hosting.Diagnostics[2]
      Request finished HTTP/2 GET https://localhost:44376/images/thumbs/0390519_santa-cruz-solid-wood-75-large-narrow-rustic-media-cabinet_415.jpeg - 404 - - 718.1938ms
info: Microsoft.AspNetCore.Hosting.Diagnostics[2]
      Request finished HTTP/2 GET https://localhost:44376/images/thumbs/0429828_quebec-glass-door-solid-wood-media-console-cabinet-6582_415.png - 404 - - 749.3229ms
info: Microsoft.AspNetCore.Hosting.Diagnostics[2]
      Request finished HTTP/2 GET https://localhost:44376/images/thumbs/0390391_peoria-solid-wood-square-dining-table-set_415.jpeg - 404 - - 777.7481ms
info: Microsoft.AspNetCore.Hosting.Diagnostics[2]
      Request finished HTTP/2 GET https://localhost:44376/images/thumbs/0390489_olancha-contemporary-solid-wood-46-small-tv-stand-with-3-drawers_415.jpeg - 404 - - 777.7481ms
info: Microsoft.AspNetCore.Hosting.Diagnostics[16]
      Request reached the end of the middleware pipeline without being handled by application code. Request path: GET https://localhost:44376/images/thumbs/0429828_quebec-glass-door-solid-wood-media-console-cabinet-6582_415.png, Response status code: 404
info: Microsoft.AspNetCore.Hosting.Diagnostics[16]
      Request reached the end of the middleware pipeline without being handled by application code. Request path: GET https://localhost:44376/images/thumbs/0390519_santa-cruz-solid-wood-75-large-narrow-rustic-media-cabinet_415.jpeg, Response status code: 404
info: Microsoft.AspNetCore.Hosting.Diagnostics[16]
      Request reached the end of the middleware pipeline without being handled by application code. Request path: GET https://localhost:44376/images/thumbs/0390489_olancha-contemporary-solid-wood-46-small-tv-stand-with-3-drawers_415.jpeg, Response status code: 404
info: Microsoft.AspNetCore.Hosting.Diagnostics[16]
      Request reached the end of the middleware pipeline without being handled by application code. Request path: GET https://localhost:44376/images/thumbs/0390391_peoria-solid-wood-square-dining-table-set_415.jpeg, Response status code: 404
info: Microsoft.AspNetCore.Hosting.Diagnostics[16]
      Request reached the end of the middleware pipeline without being handled by application code. Request path: GET https://localhost:44376/images/thumbs/0390511_portland-contemporary-rustic-solid-large-tv-stand-media-console_415.jpeg, Response status code: 404
info: Microsoft.AspNetCore.Hosting.Diagnostics[1]
      Request starting HTTP/2 GET https://localhost:44376/product/1438/marengo-rustic-solid-wood-large-clothing-armoire-wardrobe-with-drawers - - -
info: Microsoft.AspNetCore.Routing.EndpointMiddleware[0]
      Executing endpoint 'MWT.Plugin.Misc.MwtStorefront.Controllers.ProductController.CustomProductDetails (MWT.Plugin.Misc.MwtStorefront)'
info: Microsoft.AspNetCore.Mvc.Infrastructure.ControllerActionInvoker[102]
      Route matched with {action = "CustomProductDetails", controller = "Product", area = ""}. Executing controller action with signature System.Threading.Tasks.Task`1[Microsoft.AspNetCore.Mvc.IActionResult] CustomProductDetails(Int32, System.String, Int32, Int32, System.String) on controller MWT.Plugin.Misc.MwtStorefront.Controllers.ProductController (MWT.Plugin.Misc.MwtStorefront).
info: Microsoft.AspNetCore.Mvc.ViewFeatures.ViewResultExecutor[1]
      Executing ViewResult, running view ProductTemplate.Version1.
info: Microsoft.AspNetCore.Mvc.ViewFeatures.ViewResultExecutor[4]
      Executed ViewResult - view ProductTemplate.Version1 executed in 7772.9723ms.
info: Microsoft.AspNetCore.Mvc.Infrastructure.ControllerActionInvoker[105]
      Executed action MWT.Plugin.Misc.MwtStorefront.Controllers.ProductController.CustomProductDetails (MWT.Plugin.Misc.MwtStorefront) in 8348.6911ms
info: Microsoft.AspNetCore.Routing.EndpointMiddleware[1]
      Executed endpoint 'MWT.Plugin.Misc.MwtStorefront.Controllers.ProductController.CustomProductDetails (MWT.Plugin.Misc.MwtStorefront)'
info: Microsoft.AspNetCore.Hosting.Diagnostics[2]
      Request finished HTTP/2 GET https://localhost:44376/product/1438/marengo-rustic-solid-wood-large-clothing-armoire-wardrobe-with-drawers - 200 - text/html;+charset=utf-8 8600.9118ms
info: Microsoft.AspNetCore.Hosting.Diagnostics[1]
      Request starting HTTP/2 GET https://localhost:44376/Plugins/MWT.Plugin.Misc.MwtStorefront/Content/css/magiczoomplus.css - - -
info: Microsoft.AspNetCore.Hosting.Diagnostics[1]
      Request starting HTTP/2 GET https://localhost:44376/Plugins/MWT.Plugin.Misc.MwtStorefront/Content/css/jcarousel.responsive.css - - -
info: Microsoft.AspNetCore.Hosting.Diagnostics[1]
      Request starting HTTP/2 GET https://localhost:44376/Plugins/MWT.Plugin.Misc.MwtStorefront/Content/js/jcarousel.responsive.js - - -
info: Microsoft.AspNetCore.StaticFiles.StaticFileMiddleware[2]
      Sending file. Request path: '/MWT.Plugin.Misc.MwtStorefront/Content/css/jcarousel.responsive.css'. Physical path: 'D:\Mind web Tree\Slc4.9\Source Code\Presentation\Nop.Web\Plugins\MWT.Plugin.Misc.MwtStorefront\Content\css\jcarousel.responsive.css'
info: Microsoft.AspNetCore.Hosting.Diagnostics[1]
      Request starting HTTP/2 GET https://localhost:44376/Plugins/MWT.Plugin.Misc.MwtStorefront/Content/js/jquery.jcarousel.min.js - - -
info: Microsoft.AspNetCore.Hosting.Diagnostics[2]
      Request finished HTTP/2 GET https://localhost:44376/Plugins/MWT.Plugin.Misc.MwtStorefront/Content/css/jcarousel.responsive.css - 200 2365 text/css 46.9676ms
info: Microsoft.AspNetCore.StaticFiles.StaticFileMiddleware[2]
      Sending file. Request path: '/MWT.Plugin.Misc.MwtStorefront/Content/css/magiczoomplus.css'. Physical path: 'D:\Mind web Tree\Slc4.9\Source Code\Presentation\Nop.Web\Plugins\MWT.Plugin.Misc.MwtStorefront\Content\css\magiczoomplus.css'
info: Microsoft.AspNetCore.StaticFiles.StaticFileMiddleware[2]
      Sending file. Request path: '/MWT.Plugin.Misc.MwtStorefront/Content/js/jcarousel.responsive.js'. Physical path: 'D:\Mind web Tree\Slc4.9\Source Code\Presentation\Nop.Web\Plugins\MWT.Plugin.Misc.MwtStorefront\Content\js\jcarousel.responsive.js'
info: Microsoft.AspNetCore.Hosting.Diagnostics[2]
      Request finished HTTP/2 GET https://localhost:44376/Plugins/MWT.Plugin.Misc.MwtStorefront/Content/js/jcarousel.responsive.js - 200 1688 text/javascript 70.0411ms
info: Microsoft.AspNetCore.Hosting.Diagnostics[2]
      Request finished HTTP/2 GET https://localhost:44376/Plugins/MWT.Plugin.Misc.MwtStorefront/Content/css/magiczoomplus.css - 200 45702 text/css 86.0033ms
info: Microsoft.AspNetCore.Hosting.Diagnostics[1]
      Request starting HTTP/2 GET https://localhost:44376/Plugins/MWT.Plugin.Misc.MwtStorefront/Content/js/product-gtm.js - - -
info: Microsoft.AspNetCore.Hosting.Diagnostics[1]
      Request starting HTTP/2 GET https://localhost:44376/Plugins/MWT.Plugin.Misc.MwtStorefront/Content/js/magiczoomplus.js - - -
info: Microsoft.AspNetCore.StaticFiles.StaticFileMiddleware[2]
      Sending file. Request path: '/MWT.Plugin.Misc.MwtStorefront/Content/js/jquery.jcarousel.min.js'. Physical path: 'D:\Mind web Tree\Slc4.9\Source Code\Presentation\Nop.Web\Plugins\MWT.Plugin.Misc.MwtStorefront\Content\js\jquery.jcarousel.min.js'
info: Microsoft.AspNetCore.Hosting.Diagnostics[1]
      Request starting HTTP/2 GET https://localhost:44376/images/uploaded/vector-black.png - - -
info: Microsoft.AspNetCore.Hosting.Diagnostics[1]
      Request starting HTTP/2 GET https://localhost:44376/_vs/browserLink - - -
info: Microsoft.AspNetCore.Hosting.Diagnostics[2]
      Request finished HTTP/2 GET https://localhost:44376/Plugins/MWT.Plugin.Misc.MwtStorefront/Content/js/jquery.jcarousel.min.js - 200 18138 text/javascript 124.8921ms
info: Microsoft.AspNetCore.Hosting.Diagnostics[1]
      Request starting HTTP/2 GET https://localhost:44376/images/icons/guaranteeddelivery.png - - -
info: Microsoft.AspNetCore.Hosting.Diagnostics[1]
      Request starting HTTP/2 GET https://localhost:44376/Themes/BlackWhiteTheme/Content/images/top.png - - -
info: Microsoft.AspNetCore.Hosting.Diagnostics[1]
      Request starting HTTP/2 GET https://localhost:44376/images/svg-transparent.svg - - -
info: Microsoft.AspNetCore.StaticFiles.StaticFileMiddleware[2]
      Sending file. Request path: '/MWT.Plugin.Misc.MwtStorefront/Content/js/product-gtm.js'. Physical path: 'D:\Mind web Tree\Slc4.9\Source Code\Presentation\Nop.Web\Plugins\MWT.Plugin.Misc.MwtStorefront\Content\js\product-gtm.js'
info: Microsoft.AspNetCore.Hosting.Diagnostics[1]
      Request starting HTTP/2 GET https://localhost:44376/images/icons/share-std.svg - - -
info: Microsoft.AspNetCore.Hosting.Diagnostics[2]
      Request finished HTTP/2 GET https://localhost:44376/Plugins/MWT.Plugin.Misc.MwtStorefront/Content/js/product-gtm.js - 200 10491 text/javascript 120.6231ms
info: Microsoft.AspNetCore.Hosting.Diagnostics[1]
      Request starting HTTP/2 GET https://localhost:44376/images/pixel.png - - -
info: Microsoft.AspNetCore.Hosting.Diagnostics[1]
      Request starting HTTP/2 GET https://localhost:44376/.well-known/appspecific/com.chrome.devtools.json - - -
info: Microsoft.AspNetCore.Hosting.Diagnostics[1]
      Request starting HTTP/2 GET https://localhost:44376/_framework/aspnetcore-browser-refresh.js - - -
info: Microsoft.AspNetCore.Hosting.Diagnostics[1]
      Request starting HTTP/2 GET https://localhost:44376/images/thumbs/default-image_840.png - - -
info: Microsoft.AspNetCore.Hosting.Diagnostics[1]
      Request starting HTTP/2 GET https://localhost:44376/images/uploaded/gift box ver1.png - - -
info: Microsoft.AspNetCore.Hosting.Diagnostics[1]
      Request starting HTTP/2 GET https://localhost:44376/images/phone.png - - -
info: Microsoft.AspNetCore.StaticFiles.StaticFileMiddleware[2]
      Sending file. Request path: '/images/uploaded/gift box ver1.png'. Physical path: 'D:\Mind web Tree\Slc4.9\Source Code\Presentation\Nop.Web\wwwroot\images\uploaded\gift box ver1.png'
info: Microsoft.AspNetCore.Hosting.Diagnostics[1]
      Request starting HTTP/2 GET https://localhost:44376/images/icons/hand-holding-dollar-solid.svg - - -
info: Microsoft.AspNetCore.StaticFiles.StaticFileMiddleware[2]
      Sending file. Request path: '/images/uploaded/vector-black.png'. Physical path: 'D:\Mind web Tree\Slc4.9\Source Code\Presentation\Nop.Web\wwwroot\images\uploaded\vector-black.png'
info: Microsoft.AspNetCore.StaticFiles.StaticFileMiddleware[2]
      Sending file. Request path: '/MWT.Plugin.Misc.MwtStorefront/Content/js/magiczoomplus.js'. Physical path: 'D:\Mind web Tree\Slc4.9\Source Code\Presentation\Nop.Web\Plugins\MWT.Plugin.Misc.MwtStorefront\Content\js\magiczoomplus.js'
info: Microsoft.AspNetCore.Hosting.Diagnostics[2]
      Request finished HTTP/2 GET https://localhost:44376/_framework/aspnetcore-browser-refresh.js - 200 16499 application/javascript;+charset=utf-8 363.6255ms
info: Microsoft.AspNetCore.Hosting.Diagnostics[2]
      Request finished HTTP/2 GET https://localhost:44376/Plugins/MWT.Plugin.Misc.MwtStorefront/Content/js/magiczoomplus.js - 200 83354 text/javascript 629.3548ms
info: Microsoft.AspNetCore.Hosting.Diagnostics[2]
      Request finished HTTP/2 GET https://localhost:44376/images/uploaded/gift box ver1.png - 200 14002 image/png 461.9399ms
info: Microsoft.AspNetCore.Hosting.Diagnostics[1]
      Request starting HTTP/2 GET https://localhost:44376/Plugins/MWT.Plugin.Misc.MwtStorefront/Content/js/bootstrap.bundle.min.js.map - - -
info: Microsoft.AspNetCore.Hosting.Diagnostics[1]
      Request starting HTTP/2 GET https://localhost:44376/images/default-image.png - - -
info: Microsoft.AspNetCore.Hosting.Diagnostics[2]
      Request finished HTTP/2 GET https://localhost:44376/_vs/browserLink - 200 - text/javascript;+charset=UTF-8 703.3658ms
info: Microsoft.AspNetCore.Hosting.Diagnostics[1]
      Request starting HTTP/2 GET https://localhost:44376/images/uploaded/buymore desktop ver4.jpg - - -
info: Microsoft.AspNetCore.StaticFiles.StaticFileMiddleware[2]
      Sending file. Request path: '/images/default-image.png'. Physical path: 'D:\Mind web Tree\Slc4.9\Source Code\Presentation\Nop.Web\wwwroot\images\default-image.png'
info: Microsoft.AspNetCore.Hosting.Diagnostics[1]
      Request starting HTTP/2 POST https://localhost:44376/shoppingcart/CustomProductDetails_AttributeChange?productId=1438&formId=product_details_form&validateAttributeConditions=False&loadPicture=True&attrid=0 - application/x-www-form-urlencoded;+charset=UTF-8 317
info: Microsoft.AspNetCore.StaticFiles.StaticFileMiddleware[2]
      Sending file. Request path: '/images/thumbs/default-image_840.png'. Physical path: 'D:\Mind web Tree\Slc4.9\Source Code\Presentation\Nop.Web\wwwroot\images\thumbs\default-image_840.png'
info: Microsoft.AspNetCore.Hosting.Diagnostics[2]
      Request finished HTTP/2 GET https://localhost:44376/images/default-image.png - 200 2804 image/png 481.3481ms
info: Microsoft.AspNetCore.Hosting.Diagnostics[2]
      Request finished HTTP/2 GET https://localhost:44376/images/thumbs/default-image_840.png - 200 38496 image/png 1076.3790ms
info: Microsoft.AspNetCore.Hosting.Diagnostics[1]
      Request starting HTTP/2 POST https://localhost:44376/CampaignManagement/showPopup - application/x-www-form-urlencoded;+charset=UTF-8 143
info: Microsoft.AspNetCore.Routing.EndpointMiddleware[0]
      Executing endpoint 'MWT.Plugin.Misc.MwtStorefront.Controllers.ShoppingCartController.CustomProductDetails_AttributeChange (MWT.Plugin.Misc.MwtStorefront)'
info: Microsoft.AspNetCore.StaticFiles.StaticFileMiddleware[2]
      Sending file. Request path: '/images/uploaded/buymore desktop ver4.jpg'. Physical path: 'D:\Mind web Tree\Slc4.9\Source Code\Presentation\Nop.Web\wwwroot\images\uploaded\buymore desktop ver4.jpg'
info: Microsoft.AspNetCore.Hosting.Diagnostics[2]
      Request finished HTTP/2 GET https://localhost:44376/images/uploaded/vector-black.png - 200 393 image/png 1443.0617ms
info: Microsoft.AspNetCore.Hosting.Diagnostics[2]
      Request finished HTTP/2 GET https://localhost:44376/images/uploaded/buymore desktop ver4.jpg - 200 84605 image/jpeg 827.6781ms
info: Microsoft.AspNetCore.Hosting.Diagnostics[1]
      Request starting HTTP/2 GET https://localhost:44376/Plugins/MWT.Plugin.Misc.MwtStorefront/Content/css/bootstrap.min.css.map - - -
info: Microsoft.AspNetCore.Routing.EndpointMiddleware[0]
      Executing endpoint 'Nop.Web.Controllers.CommonController.GenericUrl (Nop.Web)'
info: Microsoft.AspNetCore.Routing.EndpointMiddleware[0]
      Executing endpoint 'MWT.Plugin.Misc.MwtStorefront.Controllers.CampaignManagementController.ShowPopup (MWT.Plugin.Misc.MwtStorefront)'
info: Microsoft.AspNetCore.Hosting.Diagnostics[2]
      Request finished HTTP/2 GET https://localhost:44376/images/icons/share-std.svg - 404 - - 2273.5078ms
info: Microsoft.AspNetCore.Routing.EndpointMiddleware[0]
      Executing endpoint 'Nop.Web.Controllers.CommonController.GenericUrl (Nop.Web)'
info: Microsoft.AspNetCore.Hosting.Diagnostics[2]
      Request finished HTTP/2 GET https://localhost:44376/Themes/BlackWhiteTheme/Content/images/top.png - 404 - - 2376.0690ms
info: Microsoft.AspNetCore.Hosting.Diagnostics[2]
      Request finished HTTP/2 GET https://localhost:44376/images/icons/guaranteeddelivery.png - 404 - - 2442.1548ms
info: Microsoft.AspNetCore.Hosting.Diagnostics[16]
      Request reached the end of the middleware pipeline without being handled by application code. Request path: GET https://localhost:44376/images/icons/share-std.svg, Response status code: 404
info: Microsoft.AspNetCore.Hosting.Diagnostics[16]
      Request reached the end of the middleware pipeline without being handled by application code. Request path: GET https://localhost:44376/images/icons/guaranteeddelivery.png, Response status code: 404
info: Microsoft.AspNetCore.Hosting.Diagnostics[16]
      Request reached the end of the middleware pipeline without being handled by application code. Request path: GET https://localhost:44376/Themes/BlackWhiteTheme/Content/images/top.png, Response status code: 404
info: Microsoft.AspNetCore.Mvc.Infrastructure.ControllerActionInvoker[102]
      Route matched with {action = "ShowPopup", controller = "CampaignManagement", area = ""}. Executing controller action with signature System.Threading.Tasks.Task`1[Microsoft.AspNetCore.Mvc.IActionResult] ShowPopup(System.String, System.String, Boolean) on controller MWT.Plugin.Misc.MwtStorefront.Controllers.CampaignManagementController (MWT.Plugin.Misc.MwtStorefront).
info: Microsoft.AspNetCore.Mvc.Infrastructure.ControllerActionInvoker[102]
      Route matched with {action = "GenericUrl", controller = "Common", area = ""}. Executing controller action with signature Microsoft.AspNetCore.Mvc.IActionResult GenericUrl() on controller Nop.Web.Controllers.CommonController (Nop.Web).
info: Microsoft.AspNetCore.Mvc.Infrastructure.ControllerActionInvoker[102]
      Route matched with {action = "GenericUrl", controller = "Common", area = ""}. Executing controller action with signature Microsoft.AspNetCore.Mvc.IActionResult GenericUrl() on controller Nop.Web.Controllers.CommonController (Nop.Web).
info: Microsoft.AspNetCore.Hosting.Diagnostics[2]
      Request finished HTTP/2 GET https://localhost:44376/.well-known/appspecific/com.chrome.devtools.json - 404 - - 2983.4190ms
info: Microsoft.AspNetCore.Routing.EndpointMiddleware[0]
      Executing endpoint 'Nop.Web.Controllers.CommonController.GenericUrl (Nop.Web)'
info: Microsoft.AspNetCore.Hosting.Diagnostics[16]
      Request reached the end of the middleware pipeline without being handled by application code. Request path: GET https://localhost:44376/.well-known/appspecific/com.chrome.devtools.json, Response status code: 404
info: Microsoft.AspNetCore.Mvc.Infrastructure.ControllerActionInvoker[102]
      Route matched with {action = "GenericUrl", controller = "Common", area = ""}. Executing controller action with signature Microsoft.AspNetCore.Mvc.IActionResult GenericUrl() on controller Nop.Web.Controllers.CommonController (Nop.Web).
info: Microsoft.AspNetCore.Mvc.Infrastructure.ControllerActionInvoker[105]
      Executed action Nop.Web.Controllers.CommonController.GenericUrl (Nop.Web) in 383.4828ms
info: Microsoft.AspNetCore.Routing.EndpointMiddleware[1]
      Executed endpoint 'Nop.Web.Controllers.CommonController.GenericUrl (Nop.Web)'
info: Microsoft.AspNetCore.Hosting.Diagnostics[2]
      Request finished HTTP/2 GET https://localhost:44376/images/pixel.png - 404 - - 3201.1593ms
info: Microsoft.AspNetCore.Mvc.Infrastructure.ControllerActionInvoker[105]
      Executed action Nop.Web.Controllers.CommonController.GenericUrl (Nop.Web) in 216.6361ms
info: Microsoft.AspNetCore.Routing.EndpointMiddleware[1]
      Executed endpoint 'Nop.Web.Controllers.CommonController.GenericUrl (Nop.Web)'
info: Microsoft.AspNetCore.Hosting.Diagnostics[2]
      Request finished HTTP/2 GET https://localhost:44376/images/phone.png - 404 - - 3050.6501ms
info: Microsoft.AspNetCore.Mvc.Infrastructure.ControllerActionInvoker[105]
      Executed action Nop.Web.Controllers.CommonController.GenericUrl (Nop.Web) in 66.7616ms
info: Microsoft.AspNetCore.Mvc.Infrastructure.ControllerActionInvoker[102]
      Route matched with {action = "CustomProductDetails_AttributeChange", controller = "ShoppingCart", area = ""}. Executing controller action with signature System.Threading.Tasks.Task`1[Microsoft.AspNetCore.Mvc.IActionResult] CustomProductDetails_AttributeChange(Int32, Boolean, Boolean, Microsoft.AspNetCore.Http.IFormCollection, System.String, Int32) on controller MWT.Plugin.Misc.MwtStorefront.Controllers.ShoppingCartController (MWT.Plugin.Misc.MwtStorefront).
info: Microsoft.AspNetCore.Hosting.Diagnostics[2]
      Request finished HTTP/2 GET https://localhost:44376/Plugins/MWT.Plugin.Misc.MwtStorefront/Content/js/bootstrap.bundle.min.js.map - 404 - - 2760.4786ms
info: Microsoft.AspNetCore.Hosting.Diagnostics[16]
      Request reached the end of the middleware pipeline without being handled by application code. Request path: GET https://localhost:44376/Plugins/MWT.Plugin.Misc.MwtStorefront/Content/js/bootstrap.bundle.min.js.map, Response status code: 404
info: Microsoft.AspNetCore.Hosting.Diagnostics[2]
      Request finished HTTP/2 GET https://localhost:44376/images/icons/hand-holding-dollar-solid.svg - 404 - - 3025.9768ms
info: Microsoft.AspNetCore.Hosting.Diagnostics[16]
      Request reached the end of the middleware pipeline without being handled by application code. Request path: GET https://localhost:44376/images/icons/hand-holding-dollar-solid.svg, Response status code: 404
info: Microsoft.AspNetCore.Routing.EndpointMiddleware[1]
      Executed endpoint 'Nop.Web.Controllers.CommonController.GenericUrl (Nop.Web)'
info: Microsoft.AspNetCore.Hosting.Diagnostics[2]
      Request finished HTTP/2 GET https://localhost:44376/images/svg-transparent.svg - 404 - - 3349.0593ms
info: Microsoft.AspNetCore.Hosting.Diagnostics[2]
      Request finished HTTP/2 GET https://localhost:44376/Plugins/MWT.Plugin.Misc.MwtStorefront/Content/css/bootstrap.min.css.map - 404 - - 2785.6034ms
info: Microsoft.AspNetCore.Hosting.Diagnostics[16]
      Request reached the end of the middleware pipeline without being handled by application code. Request path: GET https://localhost:44376/Plugins/MWT.Plugin.Misc.MwtStorefront/Content/css/bootstrap.min.css.map, Response status code: 404
info: Microsoft.AspNetCore.Mvc.NewtonsoftJson.NewtonsoftJsonResultExecutor[2]
      Executing JsonResult, writing value of type 'MWT.Plugin.Misc.MwtStorefront.Models.Catalog.Campaign_Management.CampaignPopupResultModel'.
info: Microsoft.AspNetCore.Mvc.Infrastructure.ControllerActionInvoker[105]
      Executed action MWT.Plugin.Misc.MwtStorefront.Controllers.CampaignManagementController.ShowPopup (MWT.Plugin.Misc.MwtStorefront) in 573.7533ms
info: Microsoft.AspNetCore.Routing.EndpointMiddleware[1]
      Executed endpoint 'MWT.Plugin.Misc.MwtStorefront.Controllers.CampaignManagementController.ShowPopup (MWT.Plugin.Misc.MwtStorefront)'
info: Microsoft.AspNetCore.Hosting.Diagnostics[2]
      Request finished HTTP/2 POST https://localhost:44376/CampaignManagement/showPopup - 200 - application/json;+charset=utf-8 2122.6811ms
info: Microsoft.AspNetCore.Mvc.NewtonsoftJson.NewtonsoftJsonResultExecutor[2]
      Executing JsonResult, writing value of type '<>f__AnonymousType67`29[[System.Int32, System.Private.CoreLib, Version=9.0.0.0, Culture=neutral, PublicKeyToken=7cec85d7bea7798e],[System.String, System.Private.CoreLib, Version=9.0.0.0, Culture=neutral, PublicKeyToken=7cec85d7bea7798e],[System.String, System.Private.CoreLib, Version=9.0.0.0, Culture=neutral, PublicKeyToken=7cec85d7bea7798e],[System.String, System.Private.CoreLib, Version=9.0.0.0, Culture=neutral, PublicKeyToken=7cec85d7bea7798e],[System.String, System.Private.CoreLib, Version=9.0.0.0, Culture=neutral, PublicKeyToken=7cec85d7bea7798e],[System.String, System.Private.CoreLib, Version=9.0.0.0, Culture=neutral, PublicKeyToken=7cec85d7bea7798e],[System.String, System.Private.CoreLib, Version=9.0.0.0, Culture=neutral, PublicKeyToken=7cec85d7bea7798e],[System.String, System.Private.CoreLib, Version=9.0.0.0, Culture=neutral, PublicKeyToken=7cec85d7bea7798e],[System.String, System.Private.CoreLib, Version=9.0.0.0, Culture=neutral, PublicKeyToken=7cec85d7bea7798e],[System.Decimal, System.Private.CoreLib, Version=9.0.0.0, Culture=neutral, PublicKeyToken=7cec85d7bea7798e],[System.String, System.Private.CoreLib, Version=9.0.0.0, Culture=neutral, PublicKeyToken=7cec85d7bea7798e],[System.String, System.Private.CoreLib, Version=9.0.0.0, Culture=neutral, PublicKeyToken=7cec85d7bea7798e],[System.String, System.Private.CoreLib, Version=9.0.0.0, Culture=neutral, PublicKeyToken=7cec85d7bea7798e],[System.Int32[], System.Private.CoreLib, Version=9.0.0.0, Culture=neutral, PublicKeyToken=7cec85d7bea7798e],[System.Int32[], System.Private.CoreLib, Version=9.0.0.0, Culture=neutral, PublicKeyToken=7cec85d7bea7798e],[System.String, System.Private.CoreLib, Version=9.0.0.0, Culture=neutral, PublicKeyToken=7cec85d7bea7798e],[System.String, System.Private.CoreLib, Version=9.0.0.0, Culture=neutral, PublicKeyToken=7cec85d7bea7798e],[System.String, System.Private.CoreLib, Version=9.0.0.0, Culture=neutral, PublicKeyToken=7cec85d7bea7798e],[System.Boolean, System.Private.CoreLib, Version=9.0.0.0, Culture=neutral, PublicKeyToken=7cec85d7bea7798e],[System.String[], System.Private.CoreLib, Version=9.0.0.0, Culture=neutral, PublicKeyToken=7cec85d7bea7798e],[System.String, System.Private.CoreLib, Version=9.0.0.0, Culture=neutral, PublicKeyToken=7cec85d7bea7798e],[System.String, System.Private.CoreLib, Version=9.0.0.0, Culture=neutral, PublicKeyToken=7cec85d7bea7798e],[System.Collections.Generic.List`1[[Nop.Web.Models.Media.PictureModel, Nop.Web, Version=4.90.0.0, Culture=neutral, PublicKeyToken=null]], System.Private.CoreLib, Version=9.0.0.0, Culture=neutral, PublicKeyToken=7cec85d7bea7798e],[System.Int32, System.Private.CoreLib, Version=9.0.0.0, Culture=neutral, PublicKeyToken=7cec85d7bea7798e],[System.String, System.Private.CoreLib, Version=9.0.0.0, Culture=neutral, PublicKeyToken=7cec85d7bea7798e],[System.String, System.Private.CoreLib, Version=9.0.0.0, Culture=neutral, PublicKeyToken=7cec85d7bea7798e],[System.String, System.Private.CoreLib, Version=9.0.0.0, Culture=neutral, PublicKeyToken=7cec85d7bea7798e],[System.String, System.Private.CoreLib, Version=9.0.0.0, Culture=neutral, PublicKeyToken=7cec85d7bea7798e],[System.String, System.Private.CoreLib, Version=9.0.0.0, Culture=neutral, PublicKeyToken=7cec85d7bea7798e]]'.
info: Microsoft.AspNetCore.Mvc.Infrastructure.ControllerActionInvoker[105]
      Executed action MWT.Plugin.Misc.MwtStorefront.Controllers.ShoppingCartController.CustomProductDetails_AttributeChange (MWT.Plugin.Misc.MwtStorefront) in 294.3235ms
info: Microsoft.AspNetCore.Routing.EndpointMiddleware[1]
      Executed endpoint 'MWT.Plugin.Misc.MwtStorefront.Controllers.ShoppingCartController.CustomProductDetails_AttributeChange (MWT.Plugin.Misc.MwtStorefront)'
info: Microsoft.AspNetCore.Hosting.Diagnostics[2]
      Request finished HTTP/2 POST https://localhost:44376/shoppingcart/CustomProductDetails_AttributeChange?productId=1438&formId=product_details_form&validateAttributeConditions=False&loadPicture=True&attrid=0 - 200 - application/json;+charset=utf-8 2569.0786ms
info: Microsoft.AspNetCore.Hosting.Diagnostics[1]
      Request starting HTTP/2 GET https://localhost:44376/images/shades/large/No. 202 Dark Natural.jpg - - -
info: Microsoft.AspNetCore.Hosting.Diagnostics[1]
      Request starting HTTP/2 GET https://localhost:44376/images/shades/large/No. 303 Black.jpg - - -
info: Microsoft.AspNetCore.Hosting.Diagnostics[1]
      Request starting HTTP/2 GET https://localhost:44376/images/shades/large/No. 102 Natural.jpg - - -
info: Microsoft.AspNetCore.Hosting.Diagnostics[1]
      Request starting HTTP/2 GET https://localhost:44376/images/shades/large/No. 101 No Stain Natural.jpg - - -
info: Microsoft.AspNetCore.Hosting.Diagnostics[1]
      Request starting HTTP/2 GET https://localhost:44376/images/shades/large/No. 304 Medium Espresso.jpg - - -
info: Microsoft.AspNetCore.StaticFiles.StaticFileMiddleware[2]
      Sending file. Request path: '/images/shades/large/No. 304 Medium Espresso.jpg'. Physical path: 'D:\Mind web Tree\Slc4.9\Source Code\Presentation\Nop.Web\wwwroot\images\shades\large\No. 304 Medium Espresso.jpg'
info: Microsoft.AspNetCore.StaticFiles.StaticFileMiddleware[2]
      Sending file. Request path: '/images/shades/large/No. 102 Natural.jpg'. Physical path: 'D:\Mind web Tree\Slc4.9\Source Code\Presentation\Nop.Web\wwwroot\images\shades\large\No. 102 Natural.jpg'
info: Microsoft.AspNetCore.StaticFiles.StaticFileMiddleware[2]
      Sending file. Request path: '/images/shades/large/No. 101 No Stain Natural.jpg'. Physical path: 'D:\Mind web Tree\Slc4.9\Source Code\Presentation\Nop.Web\wwwroot\images\shades\large\No. 101 No Stain Natural.jpg'
info: Microsoft.AspNetCore.Hosting.Diagnostics[2]
      Request finished HTTP/2 GET https://localhost:44376/images/shades/large/No. 102 Natural.jpg - 200 69250 image/jpeg 178.5441ms
info: Microsoft.AspNetCore.Hosting.Diagnostics[2]
      Request finished HTTP/2 GET https://localhost:44376/images/shades/large/No. 101 No Stain Natural.jpg - 200 77793 image/jpeg 211.5049ms
info: Microsoft.AspNetCore.Hosting.Diagnostics[2]
      Request finished HTTP/2 GET https://localhost:44376/images/shades/large/No. 304 Medium Espresso.jpg - 200 13623 image/jpeg 209.7593ms
info: Microsoft.AspNetCore.StaticFiles.StaticFileMiddleware[2]
      Sending file. Request path: '/images/shades/large/No. 202 Dark Natural.jpg'. Physical path: 'D:\Mind web Tree\Slc4.9\Source Code\Presentation\Nop.Web\wwwroot\images\shades\large\No. 202 Dark Natural.jpg'
info: Microsoft.AspNetCore.Hosting.Diagnostics[2]
      Request finished HTTP/2 GET https://localhost:44376/images/shades/large/No. 202 Dark Natural.jpg - 200 61316 image/jpeg 329.4004ms
info: Microsoft.AspNetCore.Hosting.Diagnostics[2]
      Request finished HTTP/2 GET https://localhost:44376/images/shades/large/No. 303 Black.jpg - 404 - - 335.2271ms
info: Microsoft.AspNetCore.Hosting.Diagnostics[16]
      Request reached the end of the middleware pipeline without being handled by application code. Request path: GET https://localhost:44376/images/shades/large/No.%20303%20Black.jpg, Response status code: 404
info: Microsoft.AspNetCore.Hosting.Diagnostics[1]
      Request starting HTTP/2 POST https://localhost:44376/addproducttocart/details/1438/1/product_details_form - application/x-www-form-urlencoded;+charset=UTF-8 317
info: Microsoft.AspNetCore.Routing.EndpointMiddleware[0]
      Executing endpoint 'MWT.Plugin.Misc.MwtStorefront.Controllers.ShoppingCartController.CustomAddProductToCart_Details (MWT.Plugin.Misc.MwtStorefront)'
info: Microsoft.AspNetCore.Mvc.Infrastructure.ControllerActionInvoker[102]
      Route matched with {action = "CustomAddProductToCart_Details", controller = "ShoppingCart", area = ""}. Executing controller action with signature System.Threading.Tasks.Task`1[Microsoft.AspNetCore.Mvc.IActionResult] CustomAddProductToCart_Details(Int32, Int32, Microsoft.AspNetCore.Http.IFormCollection, System.String) on controller MWT.Plugin.Misc.MwtStorefront.Controllers.ShoppingCartController (MWT.Plugin.Misc.MwtStorefront).
info: Microsoft.AspNetCore.Mvc.NewtonsoftJson.NewtonsoftJsonResultExecutor[2]
      Executing JsonResult, writing value of type '<>f__AnonymousType62`5[[System.Boolean, System.Private.CoreLib, Version=9.0.0.0, Culture=neutral, PublicKeyToken=7cec85d7bea7798e],[System.String, System.Private.CoreLib, Version=9.0.0.0, Culture=neutral, PublicKeyToken=7cec85d7bea7798e],[System.String, System.Private.CoreLib, Version=9.0.0.0, Culture=neutral, PublicKeyToken=7cec85d7bea7798e],[System.String, System.Private.CoreLib, Version=9.0.0.0, Culture=neutral, PublicKeyToken=7cec85d7bea7798e],[System.String, System.Private.CoreLib, Version=9.0.0.0, Culture=neutral, PublicKeyToken=7cec85d7bea7798e]]'.
info: Microsoft.AspNetCore.Mvc.Infrastructure.ControllerActionInvoker[105]
      Executed action MWT.Plugin.Misc.MwtStorefront.Controllers.ShoppingCartController.CustomAddProductToCart_Details (MWT.Plugin.Misc.MwtStorefront) in 586.332ms
info: Microsoft.AspNetCore.Routing.EndpointMiddleware[1]
      Executed endpoint 'MWT.Plugin.Misc.MwtStorefront.Controllers.ShoppingCartController.CustomAddProductToCart_Details (MWT.Plugin.Misc.MwtStorefront)'
info: Microsoft.AspNetCore.Hosting.Diagnostics[2]
      Request finished HTTP/2 POST https://localhost:44376/addproducttocart/details/1438/1/product_details_form - 200 - application/json;+charset=utf-8 770.6724ms
info: Microsoft.AspNetCore.Hosting.Diagnostics[1]
      Request starting HTTP/2 GET https://localhost:44376/images/pixel.png - - -
info: Microsoft.AspNetCore.Hosting.Diagnostics[1]
      Request starting HTTP/2 GET https://localhost:44376/images/thumbs/default-image_100.png - - -
info: Microsoft.AspNetCore.StaticFiles.StaticFileMiddleware[2]
      Sending file. Request path: '/images/thumbs/default-image_100.png'. Physical path: 'D:\Mind web Tree\Slc4.9\Source Code\Presentation\Nop.Web\wwwroot\images\thumbs\default-image_100.png'
info: Microsoft.AspNetCore.Hosting.Diagnostics[2]
      Request finished HTTP/2 GET https://localhost:44376/images/thumbs/default-image_100.png - 200 2942 image/png 224.4877ms
info: Microsoft.AspNetCore.Routing.EndpointMiddleware[0]
      Executing endpoint 'Nop.Web.Controllers.CommonController.GenericUrl (Nop.Web)'
info: Microsoft.AspNetCore.Mvc.Infrastructure.ControllerActionInvoker[102]
      Route matched with {action = "GenericUrl", controller = "Common", area = ""}. Executing controller action with signature Microsoft.AspNetCore.Mvc.IActionResult GenericUrl() on controller Nop.Web.Controllers.CommonController (Nop.Web).
info: Microsoft.AspNetCore.Mvc.Infrastructure.ControllerActionInvoker[105]
      Executed action Nop.Web.Controllers.CommonController.GenericUrl (Nop.Web) in 1.843ms
info: Microsoft.AspNetCore.Routing.EndpointMiddleware[1]
      Executed endpoint 'Nop.Web.Controllers.CommonController.GenericUrl (Nop.Web)'
info: Microsoft.AspNetCore.Hosting.Diagnostics[2]
      Request finished HTTP/2 GET https://localhost:44376/images/pixel.png - 499 - - 441.6521ms
info: Microsoft.AspNetCore.Hosting.Diagnostics[1]
      Request starting HTTP/2 POST https://localhost:44376/addproducttocart/details/1438/1/product_details_form - application/x-www-form-urlencoded;+charset=UTF-8 317
info: Microsoft.AspNetCore.Routing.EndpointMiddleware[0]
      Executing endpoint 'MWT.Plugin.Misc.MwtStorefront.Controllers.ShoppingCartController.CustomAddProductToCart_Details (MWT.Plugin.Misc.MwtStorefront)'
info: Microsoft.AspNetCore.Mvc.Infrastructure.ControllerActionInvoker[102]
      Route matched with {action = "CustomAddProductToCart_Details", controller = "ShoppingCart", area = ""}. Executing controller action with signature System.Threading.Tasks.Task`1[Microsoft.AspNetCore.Mvc.IActionResult] CustomAddProductToCart_Details(Int32, Int32, Microsoft.AspNetCore.Http.IFormCollection, System.String) on controller MWT.Plugin.Misc.MwtStorefront.Controllers.ShoppingCartController (MWT.Plugin.Misc.MwtStorefront).
info: Microsoft.AspNetCore.Mvc.NewtonsoftJson.NewtonsoftJsonResultExecutor[2]
      Executing JsonResult, writing value of type '<>f__AnonymousType62`5[[System.Boolean, System.Private.CoreLib, Version=9.0.0.0, Culture=neutral, PublicKeyToken=7cec85d7bea7798e],[System.String, System.Private.CoreLib, Version=9.0.0.0, Culture=neutral, PublicKeyToken=7cec85d7bea7798e],[System.String, System.Private.CoreLib, Version=9.0.0.0, Culture=neutral, PublicKeyToken=7cec85d7bea7798e],[System.String, System.Private.CoreLib, Version=9.0.0.0, Culture=neutral, PublicKeyToken=7cec85d7bea7798e],[System.String, System.Private.CoreLib, Version=9.0.0.0, Culture=neutral, PublicKeyToken=7cec85d7bea7798e]]'.
info: Microsoft.AspNetCore.Mvc.Infrastructure.ControllerActionInvoker[105]
      Executed action MWT.Plugin.Misc.MwtStorefront.Controllers.ShoppingCartController.CustomAddProductToCart_Details (MWT.Plugin.Misc.MwtStorefront) in 583.394ms
info: Microsoft.AspNetCore.Routing.EndpointMiddleware[1]
      Executed endpoint 'MWT.Plugin.Misc.MwtStorefront.Controllers.ShoppingCartController.CustomAddProductToCart_Details (MWT.Plugin.Misc.MwtStorefront)'
info: Microsoft.AspNetCore.Hosting.Diagnostics[2]
      Request finished HTTP/2 POST https://localhost:44376/addproducttocart/details/1438/1/product_details_form - 200 - application/json;+charset=utf-8 750.7885ms
info: Microsoft.AspNetCore.Hosting.Diagnostics[1]
      Request starting HTTP/2 GET https://localhost:44376/images/pixel.png - - -
info: Microsoft.AspNetCore.Routing.EndpointMiddleware[0]
      Executing endpoint 'Nop.Web.Controllers.CommonController.GenericUrl (Nop.Web)'
info: Microsoft.AspNetCore.Mvc.Infrastructure.ControllerActionInvoker[102]
      Route matched with {action = "GenericUrl", controller = "Common", area = ""}. Executing controller action with signature Microsoft.AspNetCore.Mvc.IActionResult GenericUrl() on controller Nop.Web.Controllers.CommonController (Nop.Web).
info: Microsoft.AspNetCore.Mvc.Infrastructure.ControllerActionInvoker[105]
      Executed action Nop.Web.Controllers.CommonController.GenericUrl (Nop.Web) in 3.6932ms
info: Microsoft.AspNetCore.Routing.EndpointMiddleware[1]
      Executed endpoint 'Nop.Web.Controllers.CommonController.GenericUrl (Nop.Web)'
info: Microsoft.AspNetCore.Hosting.Diagnostics[2]
      Request finished HTTP/2 GET https://localhost:44376/images/pixel.png - 499 - - 246.4824ms
info: Microsoft.AspNetCore.Hosting.Diagnostics[1]
      Request starting HTTP/2 POST https://localhost:44376/addproducttocart/details/1438/1/product_details_form - application/x-www-form-urlencoded;+charset=UTF-8 317
info: Microsoft.AspNetCore.Routing.EndpointMiddleware[0]
      Executing endpoint 'MWT.Plugin.Misc.MwtStorefront.Controllers.ShoppingCartController.CustomAddProductToCart_Details (MWT.Plugin.Misc.MwtStorefront)'
info: Microsoft.AspNetCore.Mvc.Infrastructure.ControllerActionInvoker[102]
      Route matched with {action = "CustomAddProductToCart_Details", controller = "ShoppingCart", area = ""}. Executing controller action with signature System.Threading.Tasks.Task`1[Microsoft.AspNetCore.Mvc.IActionResult] CustomAddProductToCart_Details(Int32, Int32, Microsoft.AspNetCore.Http.IFormCollection, System.String) on controller MWT.Plugin.Misc.MwtStorefront.Controllers.ShoppingCartController (MWT.Plugin.Misc.MwtStorefront).
info: Microsoft.AspNetCore.Mvc.NewtonsoftJson.NewtonsoftJsonResultExecutor[2]
      Executing JsonResult, writing value of type '<>f__AnonymousType62`5[[System.Boolean, System.Private.CoreLib, Version=9.0.0.0, Culture=neutral, PublicKeyToken=7cec85d7bea7798e],[System.String, System.Private.CoreLib, Version=9.0.0.0, Culture=neutral, PublicKeyToken=7cec85d7bea7798e],[System.String, System.Private.CoreLib, Version=9.0.0.0, Culture=neutral, PublicKeyToken=7cec85d7bea7798e],[System.String, System.Private.CoreLib, Version=9.0.0.0, Culture=neutral, PublicKeyToken=7cec85d7bea7798e],[System.String, System.Private.CoreLib, Version=9.0.0.0, Culture=neutral, PublicKeyToken=7cec85d7bea7798e]]'.
info: Microsoft.AspNetCore.Mvc.Infrastructure.ControllerActionInvoker[105]
      Executed action MWT.Plugin.Misc.MwtStorefront.Controllers.ShoppingCartController.CustomAddProductToCart_Details (MWT.Plugin.Misc.MwtStorefront) in 592.7056ms
info: Microsoft.AspNetCore.Routing.EndpointMiddleware[1]
      Executed endpoint 'MWT.Plugin.Misc.MwtStorefront.Controllers.ShoppingCartController.CustomAddProductToCart_Details (MWT.Plugin.Misc.MwtStorefront)'
info: Microsoft.AspNetCore.Hosting.Diagnostics[2]
      Request finished HTTP/2 POST https://localhost:44376/addproducttocart/details/1438/1/product_details_form - 200 - application/json;+charset=utf-8 774.8796ms
info: Microsoft.AspNetCore.Hosting.Diagnostics[1]
      Request starting HTTP/2 GET https://localhost:44376/images/pixel.png - - -
info: Microsoft.AspNetCore.Routing.EndpointMiddleware[0]
      Executing endpoint 'Nop.Web.Controllers.CommonController.GenericUrl (Nop.Web)'
info: Microsoft.AspNetCore.Mvc.Infrastructure.ControllerActionInvoker[102]
      Route matched with {action = "GenericUrl", controller = "Common", area = ""}. Executing controller action with signature Microsoft.AspNetCore.Mvc.IActionResult GenericUrl() on controller Nop.Web.Controllers.CommonController (Nop.Web).
info: Microsoft.AspNetCore.Mvc.Infrastructure.ControllerActionInvoker[105]
      Executed action Nop.Web.Controllers.CommonController.GenericUrl (Nop.Web) in 4.0232ms
info: Microsoft.AspNetCore.Routing.EndpointMiddleware[1]
      Executed endpoint 'Nop.Web.Controllers.CommonController.GenericUrl (Nop.Web)'
info: Microsoft.AspNetCore.Hosting.Diagnostics[2]
      Request finished HTTP/2 GET https://localhost:44376/images/pixel.png - 499 - - 303.4079ms
info: Microsoft.AspNetCore.Hosting.Diagnostics[1]
      Request starting HTTP/2 GET https://localhost:44376/cart - - -
info: Microsoft.AspNetCore.Routing.EndpointMiddleware[0]
      Executing endpoint 'Nop.Web.Controllers.ShoppingCartController.Cart (Nop.Web)'
info: Microsoft.AspNetCore.Mvc.Infrastructure.ControllerActionInvoker[102]
      Route matched with {action = "Cart", controller = "ShoppingCart", area = ""}. Executing controller action with signature System.Threading.Tasks.Task`1[Microsoft.AspNetCore.Mvc.IActionResult] Cart() on controller Nop.Web.Controllers.ShoppingCartController (Nop.Web).
info: Microsoft.AspNetCore.Mvc.ViewFeatures.ViewResultExecutor[1]
      Executing ViewResult, running view Cart.
info: System.Net.Http.HttpClient.default.LogicalHandler[100]
      Start processing HTTP request POST https://localhost:44399/scheduletask/runtask
info: System.Net.Http.HttpClient.default.ClientHandler[100]
      Sending HTTP request POST https://localhost:44399/scheduletask/runtask
info: System.Net.Http.HttpClient.default.ClientHandler[101]
      Received HTTP response headers after 6.0007ms - 404
info: System.Net.Http.HttpClient.default.LogicalHandler[101]
      End processing HTTP request after 14.0063ms - 404
info: Microsoft.AspNetCore.Mvc.ViewFeatures.ViewResultExecutor[4]
      Executed ViewResult - view Cart executed in 7211.3283ms.
info: Microsoft.AspNetCore.Mvc.Infrastructure.ControllerActionInvoker[105]
      Executed action Nop.Web.Controllers.ShoppingCartController.Cart (Nop.Web) in 7493.6792ms
info: Microsoft.AspNetCore.Routing.EndpointMiddleware[1]
      Executed endpoint 'Nop.Web.Controllers.ShoppingCartController.Cart (Nop.Web)'
info: Microsoft.AspNetCore.Hosting.Diagnostics[2]
      Request finished HTTP/2 GET https://localhost:44376/cart - 200 - text/html;+charset=utf-8 7731.4149ms
info: Microsoft.AspNetCore.Hosting.Diagnostics[1]
      Request starting HTTP/2 GET https://localhost:44376/images/pixel.png - - -
info: Microsoft.AspNetCore.Hosting.Diagnostics[1]
      Request starting HTTP/2 GET https://localhost:44376/Plugins/MWT.Plugin.Misc.MwtStorefront/Content/js/cart.js?639255995109062760 - - -
info: Microsoft.AspNetCore.Hosting.Diagnostics[1]
      Request starting HTTP/2 GET https://localhost:44376/images/icons/hand-holding-dollar-solid.svg - - -
info: Microsoft.AspNetCore.Hosting.Diagnostics[1]
      Request starting HTTP/2 GET https://localhost:44376/_vs/browserLink - - -
info: Microsoft.AspNetCore.Hosting.Diagnostics[1]
      Request starting HTTP/2 GET https://localhost:44376/Themes/BlackWhiteTheme/Content/images/top.png - - -
info: Microsoft.AspNetCore.Hosting.Diagnostics[1]
      Request starting HTTP/2 GET https://localhost:44376/images/phone.png - - -
info: Microsoft.AspNetCore.Hosting.Diagnostics[1]
      Request starting HTTP/2 GET https://localhost:44376/images/thumbs/default-image_80.png - - -
info: Microsoft.AspNetCore.StaticFiles.StaticFileMiddleware[2]
      Sending file. Request path: '/images/thumbs/default-image_80.png'. Physical path: 'D:\Mind web Tree\Slc4.9\Source Code\Presentation\Nop.Web\wwwroot\images\thumbs\default-image_80.png'
info: Microsoft.AspNetCore.Hosting.Diagnostics[2]
      Request finished HTTP/2 GET https://localhost:44376/images/thumbs/default-image_80.png - 200 2333 image/png 163.1590ms
info: Microsoft.AspNetCore.Hosting.Diagnostics[1]
      Request starting HTTP/2 GET https://localhost:44376/_framework/aspnetcore-browser-refresh.js - - -
info: Microsoft.AspNetCore.Hosting.Diagnostics[2]
      Request finished HTTP/2 GET https://localhost:44376/_framework/aspnetcore-browser-refresh.js - 200 16499 application/javascript;+charset=utf-8 104.2909ms
info: Microsoft.AspNetCore.Hosting.Diagnostics[1]
      Request starting HTTP/2 GET https://localhost:44376/.well-known/appspecific/com.chrome.devtools.json - - -
info: Microsoft.AspNetCore.StaticFiles.StaticFileMiddleware[2]
      Sending file. Request path: '/MWT.Plugin.Misc.MwtStorefront/Content/js/cart.js'. Physical path: 'D:\Mind web Tree\Slc4.9\Source Code\Presentation\Nop.Web\Plugins\MWT.Plugin.Misc.MwtStorefront\Content\js\cart.js'
info: Microsoft.AspNetCore.Hosting.Diagnostics[1]
      Request starting HTTP/2 GET https://localhost:44376/Plugins/MWT.Plugin.Misc.MwtStorefront/Content/css/bootstrap.min.css.map - - -
info: Microsoft.AspNetCore.Hosting.Diagnostics[2]
      Request finished HTTP/2 GET https://localhost:44376/Plugins/MWT.Plugin.Misc.MwtStorefront/Content/js/cart.js?639255995109062760 - 200 4291 text/javascript 856.6347ms
info: Microsoft.AspNetCore.Hosting.Diagnostics[1]
      Request starting HTTP/2 GET https://localhost:44376/Plugins/MWT.Plugin.Misc.MwtStorefront/Content/js/bootstrap.bundle.min.js.map - - -
info: Microsoft.AspNetCore.Hosting.Diagnostics[1]
      Request starting HTTP/2 POST https://localhost:44376/CampaignManagement/showPopup - application/x-www-form-urlencoded;+charset=UTF-8 60
info: Microsoft.AspNetCore.Hosting.Diagnostics[2]
      Request finished HTTP/2 GET https://localhost:44376/_vs/browserLink - 200 - text/javascript;+charset=UTF-8 1581.1829ms
info: Microsoft.AspNetCore.Routing.EndpointMiddleware[0]
      Executing endpoint 'Nop.Web.Controllers.CommonController.GenericUrl (Nop.Web)'
info: Microsoft.AspNetCore.Hosting.Diagnostics[1]
      Request starting HTTP/2 POST https://localhost:44376/shoppingcart/Customcheckoutattributechange?isEditable=True - application/x-www-form-urlencoded;+charset=UTF-8 274
info: Microsoft.AspNetCore.Routing.EndpointMiddleware[0]
      Executing endpoint 'Nop.Web.Controllers.CommonController.GenericUrl (Nop.Web)'
info: Microsoft.AspNetCore.Mvc.Infrastructure.ControllerActionInvoker[102]
      Route matched with {action = "GenericUrl", controller = "Common", area = ""}. Executing controller action with signature Microsoft.AspNetCore.Mvc.IActionResult GenericUrl() on controller Nop.Web.Controllers.CommonController (Nop.Web).
info: Microsoft.AspNetCore.Hosting.Diagnostics[2]
      Request finished HTTP/2 GET https://localhost:44376/Themes/BlackWhiteTheme/Content/images/top.png - 404 - - 2699.8367ms
info: Microsoft.AspNetCore.Hosting.Diagnostics[2]
      Request finished HTTP/2 GET https://localhost:44376/.well-known/appspecific/com.chrome.devtools.json - 404 - - 2193.4576ms
info: Microsoft.AspNetCore.Hosting.Diagnostics[16]
      Request reached the end of the middleware pipeline without being handled by application code. Request path: GET https://localhost:44376/Themes/BlackWhiteTheme/Content/images/top.png, Response status code: 404
info: Microsoft.AspNetCore.Hosting.Diagnostics[16]
      Request reached the end of the middleware pipeline without being handled by application code. Request path: GET https://localhost:44376/.well-known/appspecific/com.chrome.devtools.json, Response status code: 404
info: Microsoft.AspNetCore.Routing.EndpointMiddleware[0]
      Executing endpoint 'MWT.Plugin.Misc.MwtStorefront.Controllers.CampaignManagementController.ShowPopup (MWT.Plugin.Misc.MwtStorefront)'
info: Microsoft.AspNetCore.Hosting.Diagnostics[2]
      Request finished HTTP/2 GET https://localhost:44376/Plugins/MWT.Plugin.Misc.MwtStorefront/Content/js/bootstrap.bundle.min.js.map - 404 - - 2038.2235ms
info: Microsoft.AspNetCore.Hosting.Diagnostics[16]
      Request reached the end of the middleware pipeline without being handled by application code. Request path: GET https://localhost:44376/Plugins/MWT.Plugin.Misc.MwtStorefront/Content/js/bootstrap.bundle.min.js.map, Response status code: 404
info: Microsoft.AspNetCore.Hosting.Diagnostics[2]
      Request finished HTTP/2 GET https://localhost:44376/images/icons/hand-holding-dollar-solid.svg - 404 - - 2940.9504ms
info: Microsoft.AspNetCore.Hosting.Diagnostics[16]
      Request reached the end of the middleware pipeline without being handled by application code. Request path: GET https://localhost:44376/images/icons/hand-holding-dollar-solid.svg, Response status code: 404
info: Microsoft.AspNetCore.Routing.EndpointMiddleware[0]
      Executing endpoint 'MWT.Plugin.Misc.MwtStorefront.Controllers.ShoppingCartController.CustomCheckoutAttributeChange (MWT.Plugin.Misc.MwtStorefront)'
info: Microsoft.AspNetCore.Mvc.Infrastructure.ControllerActionInvoker[102]
      Route matched with {action = "ShowPopup", controller = "CampaignManagement", area = ""}. Executing controller action with signature System.Threading.Tasks.Task`1[Microsoft.AspNetCore.Mvc.IActionResult] ShowPopup(System.String, System.String, Boolean) on controller MWT.Plugin.Misc.MwtStorefront.Controllers.CampaignManagementController (MWT.Plugin.Misc.MwtStorefront).
info: Microsoft.AspNetCore.Mvc.Infrastructure.ControllerActionInvoker[102]
      Route matched with {action = "GenericUrl", controller = "Common", area = ""}. Executing controller action with signature Microsoft.AspNetCore.Mvc.IActionResult GenericUrl() on controller Nop.Web.Controllers.CommonController (Nop.Web).
info: Microsoft.AspNetCore.Hosting.Diagnostics[2]
      Request finished HTTP/2 GET https://localhost:44376/Plugins/MWT.Plugin.Misc.MwtStorefront/Content/css/bootstrap.min.css.map - 404 - - 2504.9980ms
info: Microsoft.AspNetCore.Hosting.Diagnostics[16]
      Request reached the end of the middleware pipeline without being handled by application code. Request path: GET https://localhost:44376/Plugins/MWT.Plugin.Misc.MwtStorefront/Content/css/bootstrap.min.css.map, Response status code: 404
info: Microsoft.AspNetCore.Mvc.Infrastructure.ControllerActionInvoker[105]
      Executed action Nop.Web.Controllers.CommonController.GenericUrl (Nop.Web) in 677.9095ms
info: Microsoft.AspNetCore.Routing.EndpointMiddleware[1]
      Executed endpoint 'Nop.Web.Controllers.CommonController.GenericUrl (Nop.Web)'
info: Microsoft.AspNetCore.Hosting.Diagnostics[2]
      Request finished HTTP/2 GET https://localhost:44376/images/pixel.png - 404 - - 3444.8513ms
info: Microsoft.AspNetCore.Mvc.Infrastructure.ControllerActionInvoker[102]
      Route matched with {action = "CustomCheckoutAttributeChange", controller = "ShoppingCart", area = ""}. Executing controller action with signature System.Threading.Tasks.Task`1[Microsoft.AspNetCore.Mvc.IActionResult] CustomCheckoutAttributeChange(Microsoft.AspNetCore.Http.IFormCollection, Boolean) on controller MWT.Plugin.Misc.MwtStorefront.Controllers.ShoppingCartController (MWT.Plugin.Misc.MwtStorefront).
info: Microsoft.AspNetCore.Mvc.Infrastructure.ControllerActionInvoker[105]
      Executed action Nop.Web.Controllers.CommonController.GenericUrl (Nop.Web) in 113.234ms
info: Microsoft.AspNetCore.Routing.EndpointMiddleware[1]
      Executed endpoint 'Nop.Web.Controllers.CommonController.GenericUrl (Nop.Web)'
info: Microsoft.AspNetCore.Mvc.NewtonsoftJson.NewtonsoftJsonResultExecutor[2]
      Executing JsonResult, writing value of type 'MWT.Plugin.Misc.MwtStorefront.Models.Catalog.Campaign_Management.CampaignPopupResultModel'.
info: Microsoft.AspNetCore.Mvc.Infrastructure.ControllerActionInvoker[105]
      Executed action MWT.Plugin.Misc.MwtStorefront.Controllers.CampaignManagementController.ShowPopup (MWT.Plugin.Misc.MwtStorefront) in 116.708ms
info: Microsoft.AspNetCore.Hosting.Diagnostics[2]
      Request finished HTTP/2 GET https://localhost:44376/images/phone.png - 404 - - 3393.4192ms
info: Microsoft.AspNetCore.Routing.EndpointMiddleware[1]
      Executed endpoint 'MWT.Plugin.Misc.MwtStorefront.Controllers.CampaignManagementController.ShowPopup (MWT.Plugin.Misc.MwtStorefront)'
info: Microsoft.AspNetCore.Hosting.Diagnostics[2]
      Request finished HTTP/2 POST https://localhost:44376/CampaignManagement/showPopup - 200 - application/json;+charset=utf-8 1954.8561ms
info: Microsoft.AspNetCore.Mvc.NewtonsoftJson.NewtonsoftJsonResultExecutor[2]
      Executing JsonResult, writing value of type '<>f__AnonymousType59`4[[System.String, System.Private.CoreLib, Version=9.0.0.0, Culture=neutral, PublicKeyToken=7cec85d7bea7798e],[System.String, System.Private.CoreLib, Version=9.0.0.0, Culture=neutral, PublicKeyToken=7cec85d7bea7798e],[System.Int32[], System.Private.CoreLib, Version=9.0.0.0, Culture=neutral, PublicKeyToken=7cec85d7bea7798e],[System.Int32[], System.Private.CoreLib, Version=9.0.0.0, Culture=neutral, PublicKeyToken=7cec85d7bea7798e]]'.
info: Microsoft.AspNetCore.Mvc.Infrastructure.ControllerActionInvoker[105]
      Executed action MWT.Plugin.Misc.MwtStorefront.Controllers.ShoppingCartController.CustomCheckoutAttributeChange (MWT.Plugin.Misc.MwtStorefront) in 1497.346ms
info: Microsoft.AspNetCore.Routing.EndpointMiddleware[1]
      Executed endpoint 'MWT.Plugin.Misc.MwtStorefront.Controllers.ShoppingCartController.CustomCheckoutAttributeChange (MWT.Plugin.Misc.MwtStorefront)'
info: Microsoft.AspNetCore.Hosting.Diagnostics[2]
      Request finished HTTP/2 POST https://localhost:44376/shoppingcart/Customcheckoutattributechange?isEditable=True - 200 - application/json;+charset=utf-8 2796.2144ms
info: Microsoft.AspNetCore.Hosting.Diagnostics[1]
      Request starting HTTP/2 POST https://localhost:44376/CustomerExtended/CustomRegister - application/x-www-form-urlencoded;+charset=UTF-8 2724
info: Microsoft.AspNetCore.Routing.EndpointMiddleware[0]
      Executing endpoint 'MWT.Plugin.Misc.MwtStorefront.Controllers.CustomerExtendedController.CustomRegister (MWT.Plugin.Misc.MwtStorefront)'
info: Microsoft.AspNetCore.Mvc.Infrastructure.ControllerActionInvoker[102]
      Route matched with {action = "CustomRegister", controller = "CustomerExtended", area = ""}. Executing controller action with signature System.Threading.Tasks.Task`1[Microsoft.AspNetCore.Mvc.IActionResult] CustomRegister(Nop.Web.Models.Customer.RegisterModel, System.String, Microsoft.AspNetCore.Http.IFormCollection, Boolean) on controller MWT.Plugin.Misc.MwtStorefront.Controllers.CustomerExtendedController (MWT.Plugin.Misc.MwtStorefront).
info: System.Net.Http.HttpClient.CaptchaHttpClient.LogicalHandler[100]
      Start processing HTTP request GET https://www.google.com/recaptcha/api/siteverify?*
info: System.Net.Http.HttpClient.CaptchaHttpClient.ClientHandler[100]
      Sending HTTP request GET https://www.google.com/recaptcha/api/siteverify?*
info: System.Net.Http.HttpClient.CaptchaHttpClient.ClientHandler[101]
      Received HTTP response headers after 183.1771ms - 200
info: System.Net.Http.HttpClient.CaptchaHttpClient.LogicalHandler[101]
      End processing HTTP request after 187.6083ms - 200
info: Microsoft.AspNetCore.Mvc.NewtonsoftJson.NewtonsoftJsonResultExecutor[2]
      Executing JsonResult, writing value of type '<>f__AnonymousType43`3[[System.Int32, System.Private.CoreLib, Version=9.0.0.0, Culture=neutral, PublicKeyToken=7cec85d7bea7798e],[System.String, System.Private.CoreLib, Version=9.0.0.0, Culture=neutral, PublicKeyToken=7cec85d7bea7798e],[System.String, System.Private.CoreLib, Version=9.0.0.0, Culture=neutral, PublicKeyToken=7cec85d7bea7798e]]'.
info: Microsoft.AspNetCore.Mvc.Infrastructure.ControllerActionInvoker[105]
      Executed action MWT.Plugin.Misc.MwtStorefront.Controllers.CustomerExtendedController.CustomRegister (MWT.Plugin.Misc.MwtStorefront) in 318.6133ms
info: Microsoft.AspNetCore.Routing.EndpointMiddleware[1]
      Executed endpoint 'MWT.Plugin.Misc.MwtStorefront.Controllers.CustomerExtendedController.CustomRegister (MWT.Plugin.Misc.MwtStorefront)'
info: Microsoft.AspNetCore.Hosting.Diagnostics[2]
      Request finished HTTP/2 POST https://localhost:44376/CustomerExtended/CustomRegister - 200 - application/json;+charset=utf-8 523.1023ms
info: Microsoft.AspNetCore.Hosting.Diagnostics[1]
      Request starting HTTP/2 POST https://localhost:44376/CustomerExtended/CustomRegister - application/x-www-form-urlencoded;+charset=UTF-8 2748
info: Microsoft.AspNetCore.Routing.EndpointMiddleware[0]
      Executing endpoint 'MWT.Plugin.Misc.MwtStorefront.Controllers.CustomerExtendedController.CustomRegister (MWT.Plugin.Misc.MwtStorefront)'
info: Microsoft.AspNetCore.Mvc.Infrastructure.ControllerActionInvoker[102]
      Route matched with {action = "CustomRegister", controller = "CustomerExtended", area = ""}. Executing controller action with signature System.Threading.Tasks.Task`1[Microsoft.AspNetCore.Mvc.IActionResult] CustomRegister(Nop.Web.Models.Customer.RegisterModel, System.String, Microsoft.AspNetCore.Http.IFormCollection, Boolean) on controller MWT.Plugin.Misc.MwtStorefront.Controllers.CustomerExtendedController (MWT.Plugin.Misc.MwtStorefront).
info: System.Net.Http.HttpClient.CaptchaHttpClient.LogicalHandler[100]
      Start processing HTTP request GET https://www.google.com/recaptcha/api/siteverify?*
info: System.Net.Http.HttpClient.CaptchaHttpClient.ClientHandler[100]
      Sending HTTP request GET https://www.google.com/recaptcha/api/siteverify?*
info: System.Net.Http.HttpClient.CaptchaHttpClient.ClientHandler[101]
      Received HTTP response headers after 146.9871ms - 200
info: System.Net.Http.HttpClient.CaptchaHttpClient.LogicalHandler[101]
      End processing HTTP request after 152.2326ms - 200
info: System.Net.Http.HttpClient.default.LogicalHandler[100]
      Start processing HTTP request PUT https://us1.api.mailchimp.com/3.0/lists/05a2f8885a/members/1D777D2F3170C89DF8418725B09FEE0A
info: System.Net.Http.HttpClient.default.ClientHandler[100]
      Sending HTTP request PUT https://us1.api.mailchimp.com/3.0/lists/05a2f8885a/members/1D777D2F3170C89DF8418725B09FEE0A
info: Microsoft.AspNetCore.Authentication.Cookies.CookieAuthenticationHandler[10]
      AuthenticationScheme: Authentication signed in.
info: Microsoft.AspNetCore.Mvc.NewtonsoftJson.NewtonsoftJsonResultExecutor[2]
      Executing JsonResult, writing value of type '<>f__AnonymousType43`3[[System.Int32, System.Private.CoreLib, Version=9.0.0.0, Culture=neutral, PublicKeyToken=7cec85d7bea7798e],[System.String, System.Private.CoreLib, Version=9.0.0.0, Culture=neutral, PublicKeyToken=7cec85d7bea7798e],[System.String, System.Private.CoreLib, Version=9.0.0.0, Culture=neutral, PublicKeyToken=7cec85d7bea7798e]]'.
info: Microsoft.AspNetCore.Mvc.Infrastructure.ControllerActionInvoker[105]
      Executed action MWT.Plugin.Misc.MwtStorefront.Controllers.CustomerExtendedController.CustomRegister (MWT.Plugin.Misc.MwtStorefront) in 521.6488ms
info: Microsoft.AspNetCore.Routing.EndpointMiddleware[1]
      Executed endpoint 'MWT.Plugin.Misc.MwtStorefront.Controllers.CustomerExtendedController.CustomRegister (MWT.Plugin.Misc.MwtStorefront)'
info: Microsoft.AspNetCore.Hosting.Diagnostics[2]
      Request finished HTTP/2 POST https://localhost:44376/CustomerExtended/CustomRegister - 200 - application/json;+charset=utf-8 697.4421ms
info: Microsoft.AspNetCore.Hosting.Diagnostics[1]
      Request starting HTTP/2 GET https://localhost:44376/cart - - -
info: Microsoft.AspNetCore.Routing.EndpointMiddleware[0]
      Executing endpoint 'Nop.Web.Controllers.ShoppingCartController.Cart (Nop.Web)'
info: Microsoft.AspNetCore.Mvc.Infrastructure.ControllerActionInvoker[102]
      Route matched with {action = "Cart", controller = "ShoppingCart", area = ""}. Executing controller action with signature System.Threading.Tasks.Task`1[Microsoft.AspNetCore.Mvc.IActionResult] Cart() on controller Nop.Web.Controllers.ShoppingCartController (Nop.Web).
info: Microsoft.AspNetCore.Mvc.ViewFeatures.ViewResultExecutor[1]
      Executing ViewResult, running view Cart.
info: System.Net.Http.HttpClient.default.ClientHandler[101]
      Received HTTP response headers after 740.2693ms - 400
info: System.Net.Http.HttpClient.default.LogicalHandler[101]
      End processing HTTP request after 745.9784ms - 400
info: System.Net.Http.HttpClient.default.LogicalHandler[100]
      Start processing HTTP request POST https://us1.api.mailchimp.com/3.0/lists/05a2f8885a/segments/369
info: System.Net.Http.HttpClient.default.ClientHandler[100]
      Sending HTTP request POST https://us1.api.mailchimp.com/3.0/lists/05a2f8885a/segments/369
info: System.Net.Http.HttpClient.default.LogicalHandler[100]
      Start processing HTTP request POST https://localhost:44399/scheduletask/runtask
info: System.Net.Http.HttpClient.default.ClientHandler[100]
      Sending HTTP request POST https://localhost:44399/scheduletask/runtask
info: System.Net.Http.HttpClient.default.ClientHandler[101]
      Received HTTP response headers after 69.1676ms - 404
info: System.Net.Http.HttpClient.default.LogicalHandler[101]
      End processing HTTP request after 96.6709ms - 404
info: System.Net.Http.HttpClient.default.ClientHandler[101]
      Received HTTP response headers after 1700.3097ms - 400
info: System.Net.Http.HttpClient.default.LogicalHandler[101]
      End processing HTTP request after 1733.8395ms - 400
info: System.Net.Http.HttpClient.default.LogicalHandler[100]
      Start processing HTTP request POST https://us1.api.mailchimp.com/3.0/lists/05a2f8885a/segments/2269
info: System.Net.Http.HttpClient.default.ClientHandler[100]
      Sending HTTP request POST https://us1.api.mailchimp.com/3.0/lists/05a2f8885a/segments/2269
info: System.Net.Http.HttpClient.default.ClientHandler[101]
      Received HTTP response headers after 579.9988ms - 400
info: System.Net.Http.HttpClient.default.LogicalHandler[101]
      End processing HTTP request after 585.2524ms - 400
info: System.Net.Http.HttpClient.default.LogicalHandler[100]
      Start processing HTTP request POST https://us1.api.mailchimp.com/3.0/lists/05a2f8885a/segments/2069
info: System.Net.Http.HttpClient.default.ClientHandler[100]
      Sending HTTP request POST https://us1.api.mailchimp.com/3.0/lists/05a2f8885a/segments/2069
info: Microsoft.AspNetCore.Mvc.ViewFeatures.ViewResultExecutor[4]
      Executed ViewResult - view Cart executed in 3944.5359ms.
info: Microsoft.AspNetCore.Mvc.Infrastructure.ControllerActionInvoker[105]
      Executed action Nop.Web.Controllers.ShoppingCartController.Cart (Nop.Web) in 4183.5849ms
info: Microsoft.AspNetCore.Routing.EndpointMiddleware[1]
      Executed endpoint 'Nop.Web.Controllers.ShoppingCartController.Cart (Nop.Web)'
info: Microsoft.AspNetCore.Hosting.Diagnostics[2]
      Request finished HTTP/2 GET https://localhost:44376/cart - 200 - text/html;+charset=utf-8 4421.1136ms
info: Microsoft.AspNetCore.Hosting.Diagnostics[1]
      Request starting HTTP/2 GET https://localhost:44376/images/pixel.png - - -
info: Microsoft.AspNetCore.Hosting.Diagnostics[1]
      Request starting HTTP/2 GET https://localhost:44376/Plugins/MWT.Plugin.Misc.MwtStorefront/Content/js/cart.js?639255995382262790 - - -
info: Microsoft.AspNetCore.Hosting.Diagnostics[1]
      Request starting HTTP/2 GET https://localhost:44376/_framework/aspnetcore-browser-refresh.js - - -
info: Microsoft.AspNetCore.Hosting.Diagnostics[1]
      Request starting HTTP/2 GET https://localhost:44376/images/icons/hand-holding-dollar-solid.svg - - -
info: Microsoft.AspNetCore.Hosting.Diagnostics[2]
      Request finished HTTP/2 GET https://localhost:44376/_framework/aspnetcore-browser-refresh.js - 200 16499 application/javascript;+charset=utf-8 4.3772ms
info: Microsoft.AspNetCore.Hosting.Diagnostics[1]
      Request starting HTTP/2 GET https://localhost:44376/_vs/browserLink - - -
info: Microsoft.AspNetCore.StaticFiles.StaticFileMiddleware[2]
      Sending file. Request path: '/MWT.Plugin.Misc.MwtStorefront/Content/js/cart.js'. Physical path: 'D:\Mind web Tree\Slc4.9\Source Code\Presentation\Nop.Web\Plugins\MWT.Plugin.Misc.MwtStorefront\Content\js\cart.js'
info: Microsoft.AspNetCore.Hosting.Diagnostics[2]
      Request finished HTTP/2 GET https://localhost:44376/Plugins/MWT.Plugin.Misc.MwtStorefront/Content/js/cart.js?639255995382262790 - 200 4291 text/javascript 25.2687ms
info: Microsoft.AspNetCore.Hosting.Diagnostics[1]
      Request starting HTTP/2 GET https://localhost:44376/images/phone.png - - -
info: Microsoft.AspNetCore.Hosting.Diagnostics[1]
      Request starting HTTP/2 GET https://localhost:44376/Themes/BlackWhiteTheme/Content/images/top.png - - -
info: System.Net.Http.HttpClient.default.ClientHandler[101]
      Received HTTP response headers after 651.8354ms - 400
info: System.Net.Http.HttpClient.default.LogicalHandler[101]
      End processing HTTP request after 657.3728ms - 400
info: Microsoft.AspNetCore.Hosting.Diagnostics[2]
      Request finished HTTP/2 GET https://localhost:44376/_vs/browserLink - 200 - text/javascript;+charset=UTF-8 197.9497ms
info: Microsoft.AspNetCore.Hosting.Diagnostics[1]
      Request starting HTTP/2 GET https://localhost:44376/Plugins/MWT.Plugin.Misc.MwtStorefront/Content/js/bootstrap.bundle.min.js.map - - -
info: Microsoft.AspNetCore.Hosting.Diagnostics[1]
      Request starting HTTP/2 POST https://localhost:44376/CampaignManagement/showPopup - application/x-www-form-urlencoded;+charset=UTF-8 60
info: Microsoft.AspNetCore.Hosting.Diagnostics[1]
      Request starting HTTP/2 POST https://localhost:44376/shoppingcart/Customcheckoutattributechange?isEditable=True - application/x-www-form-urlencoded;+charset=UTF-8 317
info: Microsoft.AspNetCore.Hosting.Diagnostics[1]
      Request starting HTTP/2 GET https://localhost:44376/Plugins/MWT.Plugin.Misc.MwtStorefront/Content/css/bootstrap.min.css.map - - -
info: Microsoft.AspNetCore.Hosting.Diagnostics[1]
      Request starting HTTP/2 GET https://localhost:44376/.well-known/appspecific/com.chrome.devtools.json - - -
info: Microsoft.AspNetCore.Routing.EndpointMiddleware[0]
      Executing endpoint 'MWT.Plugin.Misc.MwtStorefront.Controllers.ShoppingCartController.CustomCheckoutAttributeChange (MWT.Plugin.Misc.MwtStorefront)'
info: Microsoft.AspNetCore.Routing.EndpointMiddleware[0]
      Executing endpoint 'MWT.Plugin.Misc.MwtStorefront.Controllers.CampaignManagementController.ShowPopup (MWT.Plugin.Misc.MwtStorefront)'
info: Microsoft.AspNetCore.Mvc.Infrastructure.ControllerActionInvoker[102]
      Route matched with {action = "ShowPopup", controller = "CampaignManagement", area = ""}. Executing controller action with signature System.Threading.Tasks.Task`1[Microsoft.AspNetCore.Mvc.IActionResult] ShowPopup(System.String, System.String, Boolean) on controller MWT.Plugin.Misc.MwtStorefront.Controllers.CampaignManagementController (MWT.Plugin.Misc.MwtStorefront).
info: Microsoft.AspNetCore.Mvc.Infrastructure.ControllerActionInvoker[102]
      Route matched with {action = "CustomCheckoutAttributeChange", controller = "ShoppingCart", area = ""}. Executing controller action with signature System.Threading.Tasks.Task`1[Microsoft.AspNetCore.Mvc.IActionResult] CustomCheckoutAttributeChange(Microsoft.AspNetCore.Http.IFormCollection, Boolean) on controller MWT.Plugin.Misc.MwtStorefront.Controllers.ShoppingCartController (MWT.Plugin.Misc.MwtStorefront).
info: Microsoft.AspNetCore.Routing.EndpointMiddleware[0]
      Executing endpoint 'Nop.Web.Controllers.CommonController.GenericUrl (Nop.Web)'
info: Microsoft.AspNetCore.Routing.EndpointMiddleware[0]
      Executing endpoint 'Nop.Web.Controllers.CommonController.GenericUrl (Nop.Web)'
info: Microsoft.AspNetCore.Hosting.Diagnostics[2]
      Request finished HTTP/2 GET https://localhost:44376/images/icons/hand-holding-dollar-solid.svg - 404 - - 1742.8921ms
info: Microsoft.AspNetCore.Hosting.Diagnostics[2]
      Request finished HTTP/2 GET https://localhost:44376/.well-known/appspecific/com.chrome.devtools.json - 404 - - 755.7509ms
info: Microsoft.AspNetCore.Hosting.Diagnostics[2]
      Request finished HTTP/2 GET https://localhost:44376/Themes/BlackWhiteTheme/Content/images/top.png - 404 - - 1728.6002ms
info: Microsoft.AspNetCore.Hosting.Diagnostics[16]
      Request reached the end of the middleware pipeline without being handled by application code. Request path: GET https://localhost:44376/.well-known/appspecific/com.chrome.devtools.json, Response status code: 404
info: Microsoft.AspNetCore.Hosting.Diagnostics[16]
      Request reached the end of the middleware pipeline without being handled by application code. Request path: GET https://localhost:44376/images/icons/hand-holding-dollar-solid.svg, Response status code: 404
info: Microsoft.AspNetCore.Hosting.Diagnostics[16]
      Request reached the end of the middleware pipeline without being handled by application code. Request path: GET https://localhost:44376/Themes/BlackWhiteTheme/Content/images/top.png, Response status code: 404
info: Microsoft.AspNetCore.Mvc.Infrastructure.ControllerActionInvoker[102]
      Route matched with {action = "GenericUrl", controller = "Common", area = ""}. Executing controller action with signature Microsoft.AspNetCore.Mvc.IActionResult GenericUrl() on controller Nop.Web.Controllers.CommonController (Nop.Web).
info: Microsoft.AspNetCore.Mvc.Infrastructure.ControllerActionInvoker[102]
      Route matched with {action = "GenericUrl", controller = "Common", area = ""}. Executing controller action with signature Microsoft.AspNetCore.Mvc.IActionResult GenericUrl() on controller Nop.Web.Controllers.CommonController (Nop.Web).
info: Microsoft.AspNetCore.Hosting.Diagnostics[2]
      Request finished HTTP/2 GET https://localhost:44376/Plugins/MWT.Plugin.Misc.MwtStorefront/Content/js/bootstrap.bundle.min.js.map - 404 - - 1774.1648ms
info: Microsoft.AspNetCore.Hosting.Diagnostics[16]
      Request reached the end of the middleware pipeline without being handled by application code. Request path: GET https://localhost:44376/Plugins/MWT.Plugin.Misc.MwtStorefront/Content/js/bootstrap.bundle.min.js.map, Response status code: 404
info: Microsoft.AspNetCore.Mvc.Infrastructure.ControllerActionInvoker[105]
      Executed action Nop.Web.Controllers.CommonController.GenericUrl (Nop.Web) in 137.3461ms
info: Microsoft.AspNetCore.Routing.EndpointMiddleware[1]
      Executed endpoint 'Nop.Web.Controllers.CommonController.GenericUrl (Nop.Web)'
info: Microsoft.AspNetCore.Hosting.Diagnostics[2]
      Request finished HTTP/2 GET https://localhost:44376/images/phone.png - 404 - - 2031.5837ms
info: Microsoft.AspNetCore.Mvc.Infrastructure.ControllerActionInvoker[105]
      Executed action Nop.Web.Controllers.CommonController.GenericUrl (Nop.Web) in 35.406ms
info: Microsoft.AspNetCore.Hosting.Diagnostics[2]
      Request finished HTTP/2 GET https://localhost:44376/Plugins/MWT.Plugin.Misc.MwtStorefront/Content/css/bootstrap.min.css.map - 404 - - 1633.2460ms
info: Microsoft.AspNetCore.Hosting.Diagnostics[16]
      Request reached the end of the middleware pipeline without being handled by application code. Request path: GET https://localhost:44376/Plugins/MWT.Plugin.Misc.MwtStorefront/Content/css/bootstrap.min.css.map, Response status code: 404
info: Microsoft.AspNetCore.Routing.EndpointMiddleware[1]
      Executed endpoint 'Nop.Web.Controllers.CommonController.GenericUrl (Nop.Web)'
info: Microsoft.AspNetCore.Hosting.Diagnostics[2]
      Request finished HTTP/2 GET https://localhost:44376/images/pixel.png - 404 - - 2158.8401ms
info: Microsoft.AspNetCore.Mvc.NewtonsoftJson.NewtonsoftJsonResultExecutor[2]
      Executing JsonResult, writing value of type 'MWT.Plugin.Misc.MwtStorefront.Models.Catalog.Campaign_Management.CampaignPopupResultModel'.
info: Microsoft.AspNetCore.Mvc.Infrastructure.ControllerActionInvoker[105]
      Executed action MWT.Plugin.Misc.MwtStorefront.Controllers.CampaignManagementController.ShowPopup (MWT.Plugin.Misc.MwtStorefront) in 508.5016ms
info: Microsoft.AspNetCore.Routing.EndpointMiddleware[1]
      Executed endpoint 'MWT.Plugin.Misc.MwtStorefront.Controllers.CampaignManagementController.ShowPopup (MWT.Plugin.Misc.MwtStorefront)'
info: Microsoft.AspNetCore.Hosting.Diagnostics[2]
      Request finished HTTP/2 POST https://localhost:44376/CampaignManagement/showPopup - 200 - application/json;+charset=utf-8 1973.0715ms
info: Microsoft.AspNetCore.Mvc.NewtonsoftJson.NewtonsoftJsonResultExecutor[2]
      Executing JsonResult, writing value of type '<>f__AnonymousType59`4[[System.String, System.Private.CoreLib, Version=9.0.0.0, Culture=neutral, PublicKeyToken=7cec85d7bea7798e],[System.String, System.Private.CoreLib, Version=9.0.0.0, Culture=neutral, PublicKeyToken=7cec85d7bea7798e],[System.Int32[], System.Private.CoreLib, Version=9.0.0.0, Culture=neutral, PublicKeyToken=7cec85d7bea7798e],[System.Int32[], System.Private.CoreLib, Version=9.0.0.0, Culture=neutral, PublicKeyToken=7cec85d7bea7798e]]'.
info: Microsoft.AspNetCore.Mvc.Infrastructure.ControllerActionInvoker[105]
      Executed action MWT.Plugin.Misc.MwtStorefront.Controllers.ShoppingCartController.CustomCheckoutAttributeChange (MWT.Plugin.Misc.MwtStorefront) in 1835.9936ms
info: Microsoft.AspNetCore.Routing.EndpointMiddleware[1]
      Executed endpoint 'MWT.Plugin.Misc.MwtStorefront.Controllers.ShoppingCartController.CustomCheckoutAttributeChange (MWT.Plugin.Misc.MwtStorefront)'
info: Microsoft.AspNetCore.Hosting.Diagnostics[2]
      Request finished HTTP/2 POST https://localhost:44376/shoppingcart/Customcheckoutattributechange?isEditable=True - 200 - application/json;+charset=utf-8 3298.8507ms
info: Microsoft.AspNetCore.Hosting.Diagnostics[1]
      Request starting HTTP/2 POST https://localhost:44376/cart - multipart/form-data;+boundary=----WebKitFormBoundaryYZG58K1k5NHd0AHG 902
info: Microsoft.AspNetCore.Routing.EndpointMiddleware[0]
      Executing endpoint 'MWT.Plugin.Misc.MwtStorefront.Controllers.ShoppingCartController.CustomStartCheckout (MWT.Plugin.Misc.MwtStorefront)'
info: Microsoft.AspNetCore.Mvc.Infrastructure.ControllerActionInvoker[102]
      Route matched with {action = "Cart", controller = "ShoppingCart", area = ""}. Executing controller action with signature System.Threading.Tasks.Task`1[Microsoft.AspNetCore.Mvc.IActionResult] CustomStartCheckout(Microsoft.AspNetCore.Http.IFormCollection) on controller MWT.Plugin.Misc.MwtStorefront.Controllers.ShoppingCartController (MWT.Plugin.Misc.MwtStorefront).
info: Microsoft.AspNetCore.Mvc.Infrastructure.RedirectResultExecutor[1]
      Executing RedirectResult, redirecting to /onepagecheckout.
info: Microsoft.AspNetCore.Mvc.Infrastructure.ControllerActionInvoker[105]
      Executed action MWT.Plugin.Misc.MwtStorefront.Controllers.ShoppingCartController.CustomStartCheckout (MWT.Plugin.Misc.MwtStorefront) in 29.4835ms
info: Microsoft.AspNetCore.Routing.EndpointMiddleware[1]
      Executed endpoint 'MWT.Plugin.Misc.MwtStorefront.Controllers.ShoppingCartController.CustomStartCheckout (MWT.Plugin.Misc.MwtStorefront)'
info: Microsoft.AspNetCore.Hosting.Diagnostics[2]
      Request finished HTTP/2 POST https://localhost:44376/cart - 302 - - 298.3980ms
info: Microsoft.AspNetCore.Hosting.Diagnostics[1]
      Request starting HTTP/2 GET https://localhost:44376/onepagecheckout - - -
info: Microsoft.AspNetCore.Routing.EndpointMiddleware[0]
      Executing endpoint 'MWT.Plugin.Misc.MwtStorefront.Controllers.CheckoutExtendedController.CustomOnePageCheckout (MWT.Plugin.Misc.MwtStorefront)'
info: Microsoft.AspNetCore.Mvc.Infrastructure.ControllerActionInvoker[102]
      Route matched with {action = "CustomOnePageCheckout", controller = "CheckoutExtended", area = ""}. Executing controller action with signature System.Threading.Tasks.Task`1[Microsoft.AspNetCore.Mvc.IActionResult] CustomOnePageCheckout() on controller MWT.Plugin.Misc.MwtStorefront.Controllers.CheckoutExtendedController (MWT.Plugin.Misc.MwtStorefront).
info: Microsoft.AspNetCore.Mvc.ViewFeatures.ViewResultExecutor[1]
      Executing ViewResult, running view onePageCheckout.
info: Microsoft.AspNetCore.Mvc.ViewFeatures.ViewResultExecutor[4]
      Executed ViewResult - view onePageCheckout executed in 3949.7653ms.
info: Microsoft.AspNetCore.Mvc.Infrastructure.ControllerActionInvoker[105]
      Executed action MWT.Plugin.Misc.MwtStorefront.Controllers.CheckoutExtendedController.CustomOnePageCheckout (MWT.Plugin.Misc.MwtStorefront) in 4245.5493ms
info: Microsoft.AspNetCore.Routing.EndpointMiddleware[1]
      Executed endpoint 'MWT.Plugin.Misc.MwtStorefront.Controllers.CheckoutExtendedController.CustomOnePageCheckout (MWT.Plugin.Misc.MwtStorefront)'
info: Microsoft.AspNetCore.Hosting.Diagnostics[2]
      Request finished HTTP/2 GET https://localhost:44376/onepagecheckout - 200 - text/html;+charset=utf-8 4500.7947ms
info: Microsoft.AspNetCore.Hosting.Diagnostics[1]
      Request starting HTTP/2 GET https://localhost:44376/Plugins/MWT.Plugin.Misc.MwtStorefront/Content/css/checkout.css?ver=205 - - -
info: Microsoft.AspNetCore.Hosting.Diagnostics[1]
      Request starting HTTP/2 GET https://localhost:44376/Plugins/MWT.Plugin.Misc.MwtStorefront/Content/js/public.custom.accordion.js?version=2 - - -
info: Microsoft.AspNetCore.Hosting.Diagnostics[1]
      Request starting HTTP/2 GET https://localhost:44376/Plugins/MWT.Plugin.Misc.MwtStorefront/Content/js/public.Custom.onepagecheckout.js?version=126 - - -
info: Microsoft.AspNetCore.StaticFiles.StaticFileMiddleware[2]
      Sending file. Request path: '/MWT.Plugin.Misc.MwtStorefront/Content/css/checkout.css'. Physical path: 'D:\Mind web Tree\Slc4.9\Source Code\Presentation\Nop.Web\Plugins\MWT.Plugin.Misc.MwtStorefront\Content\css\checkout.css'
info: Microsoft.AspNetCore.Hosting.Diagnostics[2]
      Request finished HTTP/2 GET https://localhost:44376/Plugins/MWT.Plugin.Misc.MwtStorefront/Content/css/checkout.css?ver=205 - 200 47092 text/css 25.3350ms
info: Microsoft.AspNetCore.StaticFiles.StaticFileMiddleware[2]
      Sending file. Request path: '/MWT.Plugin.Misc.MwtStorefront/Content/js/public.custom.accordion.js'. Physical path: 'D:\Mind web Tree\Slc4.9\Source Code\Presentation\Nop.Web\Plugins\MWT.Plugin.Misc.MwtStorefront\Content\js\public.custom.accordion.js'
info: Microsoft.AspNetCore.Hosting.Diagnostics[2]
      Request finished HTTP/2 GET https://localhost:44376/Plugins/MWT.Plugin.Misc.MwtStorefront/Content/js/public.custom.accordion.js?version=2 - 200 6318 text/javascript 25.3029ms
info: Microsoft.AspNetCore.Hosting.Diagnostics[1]
      Request starting HTTP/2 GET https://localhost:44376/.well-known/appspecific/com.chrome.devtools.json - - -
info: Microsoft.AspNetCore.Hosting.Diagnostics[1]
      Request starting HTTP/2 GET https://localhost:44376/images/uploaded/call-check-page.svg - - -
info: Microsoft.AspNetCore.StaticFiles.StaticFileMiddleware[2]
      Sending file. Request path: '/MWT.Plugin.Misc.MwtStorefront/Content/js/public.Custom.onepagecheckout.js'. Physical path: 'D:\Mind web Tree\Slc4.9\Source Code\Presentation\Nop.Web\Plugins\MWT.Plugin.Misc.MwtStorefront\Content\js\public.Custom.onepagecheckout.js'
info: Microsoft.AspNetCore.StaticFiles.StaticFileMiddleware[2]
      Sending file. Request path: '/images/uploaded/call-check-page.svg'. Physical path: 'D:\Mind web Tree\Slc4.9\Source Code\Presentation\Nop.Web\wwwroot\images\uploaded\call-check-page.svg'
info: Microsoft.AspNetCore.Hosting.Diagnostics[2]
      Request finished HTTP/2 GET https://localhost:44376/images/uploaded/call-check-page.svg - 200 1858 image/svg+xml 77.5599ms
info: Microsoft.AspNetCore.Hosting.Diagnostics[1]
      Request starting HTTP/2 GET https://localhost:44376/Plugins/MWT.Plugin.Misc.MwtStorefront/Content/css/bootstrap.min.css.map - - -
info: Microsoft.AspNetCore.Hosting.Diagnostics[2]
      Request finished HTTP/2 GET https://localhost:44376/Plugins/MWT.Plugin.Misc.MwtStorefront/Content/js/public.Custom.onepagecheckout.js?version=126 - 200 49839 text/javascript 188.7906ms
info: Microsoft.AspNetCore.Hosting.Diagnostics[1]
      Request starting HTTP/2 GET https://localhost:44376/images/phone.png - - -
info: Microsoft.AspNetCore.Hosting.Diagnostics[1]
      Request starting HTTP/2 GET https://localhost:44376/js/public.common.js?ver=4 - - -
info: Microsoft.AspNetCore.Hosting.Diagnostics[1]
      Request starting HTTP/2 GET https://localhost:44376/_framework/aspnetcore-browser-refresh.js - - -
info: Microsoft.AspNetCore.Hosting.Diagnostics[1]
      Request starting HTTP/2 GET https://localhost:44376/Themes/BlackWhiteTheme/Content/images/top.png - - -
info: Microsoft.AspNetCore.Hosting.Diagnostics[2]
      Request finished HTTP/2 GET https://localhost:44376/_framework/aspnetcore-browser-refresh.js - 200 16499 application/javascript;+charset=utf-8 137.5019ms
info: Microsoft.AspNetCore.Hosting.Diagnostics[1]
      Request starting HTTP/2 GET https://localhost:44376/_vs/browserLink - - -
info: Microsoft.AspNetCore.StaticFiles.StaticFileMiddleware[2]
      Sending file. Request path: '/js/public.common.js'. Physical path: 'D:\Mind web Tree\Slc4.9\Source Code\Presentation\Nop.Web\wwwroot\js\public.common.js'
info: Microsoft.AspNetCore.Hosting.Diagnostics[2]
      Request finished HTTP/2 GET https://localhost:44376/js/public.common.js?ver=4 - 200 5451 text/javascript 285.2039ms
info: Microsoft.AspNetCore.Hosting.Diagnostics[1]
      Request starting HTTP/2 GET https://localhost:44376/images/uploaded/securecheckout.svg - - -
info: Microsoft.AspNetCore.Hosting.Diagnostics[1]
      Request starting HTTP/2 GET https://localhost:44376/images/uploaded/emailcheck-page.svg - - -
info: Microsoft.AspNetCore.StaticFiles.StaticFileMiddleware[2]
      Sending file. Request path: '/images/uploaded/emailcheck-page.svg'. Physical path: 'D:\Mind web Tree\Slc4.9\Source Code\Presentation\Nop.Web\wwwroot\images\uploaded\emailcheck-page.svg'
info: Microsoft.AspNetCore.StaticFiles.StaticFileMiddleware[2]
      Sending file. Request path: '/images/uploaded/securecheckout.svg'. Physical path: 'D:\Mind web Tree\Slc4.9\Source Code\Presentation\Nop.Web\wwwroot\images\uploaded\securecheckout.svg'
info: Microsoft.AspNetCore.Hosting.Diagnostics[2]
      Request finished HTTP/2 GET https://localhost:44376/images/uploaded/emailcheck-page.svg - 200 1148 image/svg+xml 646.4245ms
info: Microsoft.AspNetCore.Hosting.Diagnostics[1]
      Request starting HTTP/2 GET https://localhost:44376/images/uploaded/arrow_forward_ios.png - - -
info: Microsoft.AspNetCore.Hosting.Diagnostics[1]
      Request starting HTTP/2 GET https://localhost:44376/images/uploaded/phone_iphone.png - - -
info: Microsoft.AspNetCore.Hosting.Diagnostics[1]
      Request starting HTTP/2 GET https://localhost:44376/images/uploaded/search-checkout.png - - -
info: Microsoft.AspNetCore.Hosting.Diagnostics[1]
      Request starting HTTP/2 GET https://localhost:44376/images/uploaded/down-arrow-checkout.png - - -
info: Microsoft.AspNetCore.StaticFiles.StaticFileMiddleware[2]
      Sending file. Request path: '/images/uploaded/phone_iphone.png'. Physical path: 'D:\Mind web Tree\Slc4.9\Source Code\Presentation\Nop.Web\wwwroot\images\uploaded\phone_iphone.png'
info: Microsoft.AspNetCore.Hosting.Diagnostics[1]
      Request starting HTTP/2 GET https://localhost:44376/Plugins/MWT.Plugin.Misc.MwtStorefront/Content/js/bootstrap.bundle.min.js.map - - -
info: Microsoft.AspNetCore.Hosting.Diagnostics[1]
      Request starting HTTP/2 POST https://localhost:44376/CampaignManagement/showPopup - application/x-www-form-urlencoded;+charset=UTF-8 90
info: Microsoft.AspNetCore.Hosting.Diagnostics[2]
      Request finished HTTP/2 GET https://localhost:44376/images/uploaded/phone_iphone.png - 200 281 image/png 121.7354ms
info: Microsoft.AspNetCore.StaticFiles.StaticFileMiddleware[2]
      Sending file. Request path: '/images/uploaded/arrow_forward_ios.png'. Physical path: 'D:\Mind web Tree\Slc4.9\Source Code\Presentation\Nop.Web\wwwroot\images\uploaded\arrow_forward_ios.png'
info: Microsoft.AspNetCore.StaticFiles.StaticFileMiddleware[2]
      Sending file. Request path: '/images/uploaded/down-arrow-checkout.png'. Physical path: 'D:\Mind web Tree\Slc4.9\Source Code\Presentation\Nop.Web\wwwroot\images\uploaded\down-arrow-checkout.png'
info: Microsoft.AspNetCore.Hosting.Diagnostics[2]
      Request finished HTTP/2 GET https://localhost:44376/images/uploaded/arrow_forward_ios.png - 200 288 image/png 216.4494ms
info: Microsoft.AspNetCore.Hosting.Diagnostics[2]
      Request finished HTTP/2 GET https://localhost:44376/images/uploaded/down-arrow-checkout.png - 200 244 image/png 239.7959ms
info: Microsoft.AspNetCore.StaticFiles.StaticFileMiddleware[2]
      Sending file. Request path: '/images/uploaded/search-checkout.png'. Physical path: 'D:\Mind web Tree\Slc4.9\Source Code\Presentation\Nop.Web\wwwroot\images\uploaded\search-checkout.png'
info: Microsoft.AspNetCore.Hosting.Diagnostics[2]
      Request finished HTTP/2 GET https://localhost:44376/images/uploaded/securecheckout.svg - 200 49425 image/svg+xml 1039.9685ms
info: Microsoft.AspNetCore.Hosting.Diagnostics[2]
      Request finished HTTP/2 GET https://localhost:44376/images/uploaded/search-checkout.png - 200 359 image/png 346.3533ms
info: Microsoft.AspNetCore.Hosting.Diagnostics[2]
      Request finished HTTP/2 GET https://localhost:44376/_vs/browserLink - 200 - text/javascript;+charset=UTF-8 1214.9218ms
info: Microsoft.AspNetCore.Routing.EndpointMiddleware[0]
      Executing endpoint 'Nop.Web.Controllers.CommonController.GenericUrl (Nop.Web)'
info: Microsoft.AspNetCore.Routing.EndpointMiddleware[0]
      Executing endpoint 'MWT.Plugin.Misc.MwtStorefront.Controllers.CampaignManagementController.ShowPopup (MWT.Plugin.Misc.MwtStorefront)'
info: Microsoft.AspNetCore.Hosting.Diagnostics[2]
      Request finished HTTP/2 GET https://localhost:44376/.well-known/appspecific/com.chrome.devtools.json - 404 - - 1960.2188ms
info: Microsoft.AspNetCore.Hosting.Diagnostics[2]
      Request finished HTTP/2 GET https://localhost:44376/Themes/BlackWhiteTheme/Content/images/top.png - 404 - - 1727.0681ms
info: Microsoft.AspNetCore.Hosting.Diagnostics[16]
      Request reached the end of the middleware pipeline without being handled by application code. Request path: GET https://localhost:44376/.well-known/appspecific/com.chrome.devtools.json, Response status code: 404
info: Microsoft.AspNetCore.Hosting.Diagnostics[1]
      Request starting HTTP/2 GET https://localhost:44376/.well-known/appspecific/com.chrome.devtools.json - - -
info: Microsoft.AspNetCore.Hosting.Diagnostics[16]
      Request reached the end of the middleware pipeline without being handled by application code. Request path: GET https://localhost:44376/Themes/BlackWhiteTheme/Content/images/top.png, Response status code: 404
info: Microsoft.AspNetCore.Hosting.Diagnostics[2]
      Request finished HTTP/2 GET https://localhost:44376/Plugins/MWT.Plugin.Misc.MwtStorefront/Content/css/bootstrap.min.css.map - 404 - - 1904.5976ms
info: Microsoft.AspNetCore.Hosting.Diagnostics[16]
      Request reached the end of the middleware pipeline without being handled by application code. Request path: GET https://localhost:44376/Plugins/MWT.Plugin.Misc.MwtStorefront/Content/css/bootstrap.min.css.map, Response status code: 404
info: Microsoft.AspNetCore.Mvc.Infrastructure.ControllerActionInvoker[102]
      Route matched with {action = "ShowPopup", controller = "CampaignManagement", area = ""}. Executing controller action with signature System.Threading.Tasks.Task`1[Microsoft.AspNetCore.Mvc.IActionResult] ShowPopup(System.String, System.String, Boolean) on controller MWT.Plugin.Misc.MwtStorefront.Controllers.CampaignManagementController (MWT.Plugin.Misc.MwtStorefront).
info: Microsoft.AspNetCore.Mvc.Infrastructure.ControllerActionInvoker[102]
      Route matched with {action = "GenericUrl", controller = "Common", area = ""}. Executing controller action with signature Microsoft.AspNetCore.Mvc.IActionResult GenericUrl() on controller Nop.Web.Controllers.CommonController (Nop.Web).
info: Microsoft.AspNetCore.Hosting.Diagnostics[2]
      Request finished HTTP/2 GET https://localhost:44376/Plugins/MWT.Plugin.Misc.MwtStorefront/Content/js/bootstrap.bundle.min.js.map - 404 - - 1045.9505ms
info: Microsoft.AspNetCore.Hosting.Diagnostics[16]
      Request reached the end of the middleware pipeline without being handled by application code. Request path: GET https://localhost:44376/Plugins/MWT.Plugin.Misc.MwtStorefront/Content/js/bootstrap.bundle.min.js.map, Response status code: 404
info: Microsoft.AspNetCore.Mvc.Infrastructure.ControllerActionInvoker[105]
      Executed action Nop.Web.Controllers.CommonController.GenericUrl (Nop.Web) in 8.4397ms
info: Microsoft.AspNetCore.Routing.EndpointMiddleware[1]
      Executed endpoint 'Nop.Web.Controllers.CommonController.GenericUrl (Nop.Web)'
info: Microsoft.AspNetCore.Mvc.NewtonsoftJson.NewtonsoftJsonResultExecutor[2]
      Executing JsonResult, writing value of type 'MWT.Plugin.Misc.MwtStorefront.Models.Catalog.Campaign_Management.CampaignPopupResultModel'.
info: Microsoft.AspNetCore.Hosting.Diagnostics[2]
      Request finished HTTP/2 GET https://localhost:44376/images/phone.png - 404 - - 2272.0456ms
info: Microsoft.AspNetCore.Mvc.Infrastructure.ControllerActionInvoker[105]
      Executed action MWT.Plugin.Misc.MwtStorefront.Controllers.CampaignManagementController.ShowPopup (MWT.Plugin.Misc.MwtStorefront) in 140.7911ms
info: Microsoft.AspNetCore.Routing.EndpointMiddleware[1]
      Executed endpoint 'MWT.Plugin.Misc.MwtStorefront.Controllers.CampaignManagementController.ShowPopup (MWT.Plugin.Misc.MwtStorefront)'
info: Microsoft.AspNetCore.Hosting.Diagnostics[2]
      Request finished HTTP/2 POST https://localhost:44376/CampaignManagement/showPopup - 200 - application/json;+charset=utf-8 1123.0511ms
info: Microsoft.AspNetCore.Hosting.Diagnostics[2]
      Request finished HTTP/2 GET https://localhost:44376/.well-known/appspecific/com.chrome.devtools.json - 404 - - 521.9095ms
info: Microsoft.AspNetCore.Hosting.Diagnostics[16]
      Request reached the end of the middleware pipeline without being handled by application code. Request path: GET https://localhost:44376/.well-known/appspecific/com.chrome.devtools.json, Response status code: 404
info: Microsoft.AspNetCore.Hosting.Diagnostics[1]
      Request starting HTTP/2 GET https://localhost:44376/country/getstatesbycountryid?countryId=1&addSelectStateItem=true&_=1789982952141 - - -
info: Microsoft.AspNetCore.Hosting.Diagnostics[1]
      Request starting HTTP/2 GET https://localhost:44376/country/getstatesbycountryid?countryId=1&addSelectStateItem=true&_=1789982952142 - - -
info: Microsoft.AspNetCore.Routing.EndpointMiddleware[0]
      Executing endpoint 'Nop.Web.Controllers.CountryController.GetStatesByCountryId (Nop.Web)'
info: Microsoft.AspNetCore.Routing.EndpointMiddleware[0]
      Executing endpoint 'Nop.Web.Controllers.CountryController.GetStatesByCountryId (Nop.Web)'
info: Microsoft.AspNetCore.Mvc.Infrastructure.ControllerActionInvoker[102]
      Route matched with {action = "GetStatesByCountryId", controller = "Country", area = ""}. Executing controller action with signature System.Threading.Tasks.Task`1[Microsoft.AspNetCore.Mvc.IActionResult] GetStatesByCountryId(Int32, Boolean) on controller Nop.Web.Controllers.CountryController (Nop.Web).
info: Microsoft.AspNetCore.Mvc.Infrastructure.ControllerActionInvoker[102]
      Route matched with {action = "GetStatesByCountryId", controller = "Country", area = ""}. Executing controller action with signature System.Threading.Tasks.Task`1[Microsoft.AspNetCore.Mvc.IActionResult] GetStatesByCountryId(Int32, Boolean) on controller Nop.Web.Controllers.CountryController (Nop.Web).
info: Microsoft.AspNetCore.Mvc.NewtonsoftJson.NewtonsoftJsonResultExecutor[2]
      Executing JsonResult, writing value of type 'System.Collections.Generic.List`1[[Nop.Web.Models.Directory.StateProvinceModel, Nop.Web, Version=4.90.0.0, Culture=neutral, PublicKeyToken=null]]'.
info: Microsoft.AspNetCore.Mvc.NewtonsoftJson.NewtonsoftJsonResultExecutor[2]
      Executing JsonResult, writing value of type 'System.Collections.Generic.List`1[[Nop.Web.Models.Directory.StateProvinceModel, Nop.Web, Version=4.90.0.0, Culture=neutral, PublicKeyToken=null]]'.
info: Microsoft.AspNetCore.Mvc.Infrastructure.ControllerActionInvoker[105]
      Executed action Nop.Web.Controllers.CountryController.GetStatesByCountryId (Nop.Web) in 34.9101ms
info: Microsoft.AspNetCore.Mvc.Infrastructure.ControllerActionInvoker[105]
      Executed action Nop.Web.Controllers.CountryController.GetStatesByCountryId (Nop.Web) in 32.3494ms
info: Microsoft.AspNetCore.Routing.EndpointMiddleware[1]
      Executed endpoint 'Nop.Web.Controllers.CountryController.GetStatesByCountryId (Nop.Web)'
info: Microsoft.AspNetCore.Routing.EndpointMiddleware[1]
      Executed endpoint 'Nop.Web.Controllers.CountryController.GetStatesByCountryId (Nop.Web)'
info: Microsoft.AspNetCore.Hosting.Diagnostics[2]
      Request finished HTTP/2 GET https://localhost:44376/country/getstatesbycountryid?countryId=1&addSelectStateItem=true&_=1789982952141 - 200 - application/json;+charset=utf-8 482.3939ms
info: Microsoft.AspNetCore.Hosting.Diagnostics[2]
      Request finished HTTP/2 GET https://localhost:44376/country/getstatesbycountryid?countryId=1&addSelectStateItem=true&_=1789982952142 - 200 - application/json;+charset=utf-8 482.3779ms
info: Microsoft.AspNetCore.Hosting.Diagnostics[1]
      Request starting HTTP/2 POST https://localhost:44376/Common/MailchimpEvents - application/x-www-form-urlencoded;+charset=UTF-8 255
info: Microsoft.AspNetCore.Hosting.Diagnostics[1]
      Request starting HTTP/2 POST https://localhost:44376/checkoutextended/OpcSaveCustomerInfo/ - application/x-www-form-urlencoded;+charset=UTF-8 579
info: Microsoft.AspNetCore.Routing.EndpointMiddleware[0]
      Executing endpoint 'MWT.Plugin.Misc.MwtStorefront.Controllers.CommonController.MailchimpEvents (MWT.Plugin.Misc.MwtStorefront)'
info: Microsoft.AspNetCore.Routing.EndpointMiddleware[0]
      Executing endpoint 'MWT.Plugin.Misc.MwtStorefront.Controllers.CheckoutExtendedController.OpcSaveCustomerInfo (MWT.Plugin.Misc.MwtStorefront)'
info: Microsoft.AspNetCore.Mvc.Infrastructure.ControllerActionInvoker[102]
      Route matched with {action = "OpcSaveCustomerInfo", controller = "CheckoutExtended", area = ""}. Executing controller action with signature System.Threading.Tasks.Task`1[Microsoft.AspNetCore.Mvc.IActionResult] OpcSaveCustomerInfo(Nop.Web.Models.Checkout.CheckoutAddressModel, Microsoft.AspNetCore.Http.IFormCollection, Boolean, Boolean) on controller MWT.Plugin.Misc.MwtStorefront.Controllers.CheckoutExtendedController (MWT.Plugin.Misc.MwtStorefront).
info: Microsoft.AspNetCore.Mvc.Infrastructure.ControllerActionInvoker[102]
      Route matched with {action = "MailchimpEvents", controller = "Common", area = ""}. Executing controller action with signature System.Threading.Tasks.Task`1[Microsoft.AspNetCore.Mvc.IActionResult] MailchimpEvents(System.String, System.String) on controller MWT.Plugin.Misc.MwtStorefront.Controllers.CommonController (MWT.Plugin.Misc.MwtStorefront).
info: Microsoft.AspNetCore.Mvc.NewtonsoftJson.NewtonsoftJsonResultExecutor[2]
      Executing JsonResult, writing value of type '<>f__AnonymousType30`1[[System.Net.HttpStatusCode, System.Net.Primitives, Version=9.0.0.0, Culture=neutral, PublicKeyToken=b03f5f7f11d50a3a]]'.
info: Microsoft.AspNetCore.Mvc.Infrastructure.ControllerActionInvoker[105]
      Executed action MWT.Plugin.Misc.MwtStorefront.Controllers.CommonController.MailchimpEvents (MWT.Plugin.Misc.MwtStorefront) in 23.4232ms
info: Microsoft.AspNetCore.Routing.EndpointMiddleware[1]
      Executed endpoint 'MWT.Plugin.Misc.MwtStorefront.Controllers.CommonController.MailchimpEvents (MWT.Plugin.Misc.MwtStorefront)'
info: System.Net.Http.HttpClient.default.LogicalHandler[100]
      Start processing HTTP request PUT https://us1.api.mailchimp.com/3.0/lists/05a2f8885a/members/1D777D2F3170C89DF8418725B09FEE0A
info: System.Net.Http.HttpClient.default.ClientHandler[100]
      Sending HTTP request PUT https://us1.api.mailchimp.com/3.0/lists/05a2f8885a/members/1D777D2F3170C89DF8418725B09FEE0A
info: Microsoft.AspNetCore.Hosting.Diagnostics[2]
      Request finished HTTP/2 POST https://localhost:44376/Common/MailchimpEvents - 200 - application/json;+charset=utf-8 516.8740ms
info: System.Net.Http.HttpClient.default.LogicalHandler[100]
      Start processing HTTP request PUT https://us1.api.mailchimp.com/3.0/lists/05a2f8885a/members/1D777D2F3170C89DF8418725B09FEE0A
info: System.Net.Http.HttpClient.default.ClientHandler[100]
      Sending HTTP request PUT https://us1.api.mailchimp.com/3.0/lists/05a2f8885a/members/1D777D2F3170C89DF8418725B09FEE0A
info: Microsoft.AspNetCore.Mvc.NewtonsoftJson.NewtonsoftJsonResultExecutor[2]
      Executing JsonResult, writing value of type '<>f__AnonymousType39`2[[Nop.Web.Models.Checkout.Customizations.CustomUpdateSectionJsonModel, Nop.Web, Version=4.90.0.0, Culture=neutral, PublicKeyToken=null],[System.String, System.Private.CoreLib, Version=9.0.0.0, Culture=neutral, PublicKeyToken=7cec85d7bea7798e]]'.
info: Microsoft.AspNetCore.Mvc.Infrastructure.ControllerActionInvoker[105]
      Executed action MWT.Plugin.Misc.MwtStorefront.Controllers.CheckoutExtendedController.OpcSaveCustomerInfo (MWT.Plugin.Misc.MwtStorefront) in 1075.3086ms
info: Microsoft.AspNetCore.Routing.EndpointMiddleware[1]
      Executed endpoint 'MWT.Plugin.Misc.MwtStorefront.Controllers.CheckoutExtendedController.OpcSaveCustomerInfo (MWT.Plugin.Misc.MwtStorefront)'
info: Microsoft.AspNetCore.Hosting.Diagnostics[2]
      Request finished HTTP/2 POST https://localhost:44376/checkoutextended/OpcSaveCustomerInfo/ - 200 - application/json;+charset=utf-8 1525.2458ms
info: Microsoft.AspNetCore.Hosting.Diagnostics[1]
      Request starting HTTP/2 GET https://localhost:44376/images/uploaded/group-tick.png - - -
info: Microsoft.AspNetCore.Hosting.Diagnostics[1]
      Request starting HTTP/2 GET https://localhost:44376/images/uploaded/Edit-check-white.png - - -
info: Microsoft.AspNetCore.Hosting.Diagnostics[1]
      Request starting HTTP/2 GET https://localhost:44376/images/uploaded/grrentick.svg - - -
info: Microsoft.AspNetCore.Hosting.Diagnostics[1]
      Request starting HTTP/2 GET https://localhost:44376/images/uploaded/Edit-check.png - - -
info: Microsoft.AspNetCore.StaticFiles.StaticFileMiddleware[2]
      Sending file. Request path: '/images/uploaded/Edit-check-white.png'. Physical path: 'D:\Mind web Tree\Slc4.9\Source Code\Presentation\Nop.Web\wwwroot\images\uploaded\Edit-check-white.png'
info: Microsoft.AspNetCore.StaticFiles.StaticFileMiddleware[2]
      Sending file. Request path: '/images/uploaded/group-tick.png'. Physical path: 'D:\Mind web Tree\Slc4.9\Source Code\Presentation\Nop.Web\wwwroot\images\uploaded\group-tick.png'
info: Microsoft.AspNetCore.StaticFiles.StaticFileMiddleware[2]
      Sending file. Request path: '/images/uploaded/grrentick.svg'. Physical path: 'D:\Mind web Tree\Slc4.9\Source Code\Presentation\Nop.Web\wwwroot\images\uploaded\grrentick.svg'
info: Microsoft.AspNetCore.Hosting.Diagnostics[2]
      Request finished HTTP/2 GET https://localhost:44376/images/uploaded/grrentick.svg - 200 374 image/svg+xml 47.4444ms
info: Microsoft.AspNetCore.Hosting.Diagnostics[1]
      Request starting HTTP/2 GET https://localhost:44376/images/uploaded/checkout-tick.svg - - -
info: Microsoft.AspNetCore.Hosting.Diagnostics[1]
      Request starting HTTP/2 GET https://localhost:44376/images/uploaded/checked-radio-img2.svg - - -
info: Microsoft.AspNetCore.Hosting.Diagnostics[1]
      Request starting HTTP/2 GET https://localhost:44376/CheckoutExtended/CheckoutOrderSummary - - -
info: Microsoft.AspNetCore.Hosting.Diagnostics[1]
      Request starting HTTP/2 GET https://localhost:44376/images/uploaded/radio-img.svg - - -
info: Microsoft.AspNetCore.StaticFiles.StaticFileMiddleware[2]
      Sending file. Request path: '/images/uploaded/Edit-check.png'. Physical path: 'D:\Mind web Tree\Slc4.9\Source Code\Presentation\Nop.Web\wwwroot\images\uploaded\Edit-check.png'
info: Microsoft.AspNetCore.Hosting.Diagnostics[2]
      Request finished HTTP/2 GET https://localhost:44376/images/uploaded/group-tick.png - 200 455 image/png 72.3613ms
info: Microsoft.AspNetCore.Hosting.Diagnostics[1]
      Request starting HTTP/2 GET https://localhost:44376/images/uploaded/checkout-close.svg - - -
info: Microsoft.AspNetCore.Hosting.Diagnostics[2]
      Request finished HTTP/2 GET https://localhost:44376/images/uploaded/Edit-check.png - 200 252 image/png 112.2543ms
info: Microsoft.AspNetCore.StaticFiles.StaticFileMiddleware[2]
      Sending file. Request path: '/images/uploaded/checked-radio-img2.svg'. Physical path: 'D:\Mind web Tree\Slc4.9\Source Code\Presentation\Nop.Web\wwwroot\images\uploaded\checked-radio-img2.svg'
info: Microsoft.AspNetCore.Hosting.Diagnostics[2]
      Request finished HTTP/2 GET https://localhost:44376/images/uploaded/Edit-check-white.png - 200 279 image/png 142.9223ms
info: Microsoft.AspNetCore.StaticFiles.StaticFileMiddleware[2]
      Sending file. Request path: '/images/uploaded/radio-img.svg'. Physical path: 'D:\Mind web Tree\Slc4.9\Source Code\Presentation\Nop.Web\wwwroot\images\uploaded\radio-img.svg'
info: Microsoft.AspNetCore.Hosting.Diagnostics[2]
      Request finished HTTP/2 GET https://localhost:44376/images/uploaded/radio-img.svg - 200 152 image/svg+xml 114.5405ms
info: Microsoft.AspNetCore.Hosting.Diagnostics[1]
      Request starting HTTP/2 GET https://localhost:44376/.well-known/appspecific/com.chrome.devtools.json - - -
info: Microsoft.AspNetCore.StaticFiles.StaticFileMiddleware[2]
      Sending file. Request path: '/images/uploaded/checkout-close.svg'. Physical path: 'D:\Mind web Tree\Slc4.9\Source Code\Presentation\Nop.Web\wwwroot\images\uploaded\checkout-close.svg'
info: Microsoft.AspNetCore.StaticFiles.StaticFileMiddleware[2]
      Sending file. Request path: '/images/uploaded/checkout-tick.svg'. Physical path: 'D:\Mind web Tree\Slc4.9\Source Code\Presentation\Nop.Web\wwwroot\images\uploaded\checkout-tick.svg'
info: Microsoft.AspNetCore.Hosting.Diagnostics[2]
      Request finished HTTP/2 GET https://localhost:44376/images/uploaded/checked-radio-img2.svg - 200 371 image/svg+xml 121.9571ms
info: Microsoft.AspNetCore.Hosting.Diagnostics[2]
      Request finished HTTP/2 GET https://localhost:44376/images/uploaded/checkout-close.svg - 200 424 image/svg+xml 104.4195ms
info: Microsoft.AspNetCore.Hosting.Diagnostics[2]
      Request finished HTTP/2 GET https://localhost:44376/images/uploaded/checkout-tick.svg - 200 484 image/svg+xml 242.3724ms
info: System.Net.Http.HttpClient.default.ClientHandler[101]
      Received HTTP response headers after 1315.6358ms - 400
info: System.Net.Http.HttpClient.default.LogicalHandler[101]
      End processing HTTP request after 1387.8051ms - 400
info: System.Net.Http.HttpClient.default.ClientHandler[101]
      Received HTTP response headers after 1145.5704ms - 400
info: System.Net.Http.HttpClient.default.LogicalHandler[101]
      End processing HTTP request after 1234.2257ms - 400
info: System.Net.Http.HttpClient.default.LogicalHandler[100]
      Start processing HTTP request POST https://us1.api.mailchimp.com/3.0/lists/05a2f8885a/segments/2097
info: System.Net.Http.HttpClient.default.LogicalHandler[100]
      Start processing HTTP request POST https://us1.api.mailchimp.com/3.0/lists/05a2f8885a/segments/369
info: System.Net.Http.HttpClient.default.ClientHandler[100]
      Sending HTTP request POST https://us1.api.mailchimp.com/3.0/lists/05a2f8885a/segments/2097
info: System.Net.Http.HttpClient.default.ClientHandler[100]
      Sending HTTP request POST https://us1.api.mailchimp.com/3.0/lists/05a2f8885a/segments/369
info: Microsoft.AspNetCore.Routing.EndpointMiddleware[0]
      Executing endpoint 'MWT.Plugin.Misc.MwtStorefront.Controllers.CheckoutExtendedController.CheckoutOrderSummary (MWT.Plugin.Misc.MwtStorefront)'
info: Microsoft.AspNetCore.Hosting.Diagnostics[2]
      Request finished HTTP/2 GET https://localhost:44376/.well-known/appspecific/com.chrome.devtools.json - 404 - - 716.1120ms
info: Microsoft.AspNetCore.Hosting.Diagnostics[16]
      Request reached the end of the middleware pipeline without being handled by application code. Request path: GET https://localhost:44376/.well-known/appspecific/com.chrome.devtools.json, Response status code: 404
info: Microsoft.AspNetCore.Mvc.Infrastructure.ControllerActionInvoker[102]
      Route matched with {action = "CheckoutOrderSummary", controller = "CheckoutExtended", area = ""}. Executing controller action with signature System.Threading.Tasks.Task`1[Microsoft.AspNetCore.Mvc.IActionResult] CheckoutOrderSummary(Boolean) on controller MWT.Plugin.Misc.MwtStorefront.Controllers.CheckoutExtendedController (MWT.Plugin.Misc.MwtStorefront).
info: Microsoft.AspNetCore.Mvc.ViewFeatures.ViewResultExecutor[1]
      Executing ViewResult, running view CheckoutOrderSummary.
info: System.Net.Http.HttpClient.default.LogicalHandler[100]
      Start processing HTTP request GET https://api.zip-tax.com/request/v40?*
info: System.Net.Http.HttpClient.default.ClientHandler[100]
      Sending HTTP request GET https://api.zip-tax.com/request/v40?*
info: System.Net.Http.HttpClient.default.ClientHandler[101]
      Received HTTP response headers after 984.567ms - 400
info: System.Net.Http.HttpClient.default.LogicalHandler[101]
      End processing HTTP request after 1028.4973ms - 400
info: System.Net.Http.HttpClient.default.LogicalHandler[100]
      Start processing HTTP request POST https://us1.api.mailchimp.com/3.0/lists/05a2f8885a/segments/2065
info: System.Net.Http.HttpClient.default.ClientHandler[100]
      Sending HTTP request POST https://us1.api.mailchimp.com/3.0/lists/05a2f8885a/segments/2065
info: System.Net.Http.HttpClient.default.ClientHandler[101]
      Received HTTP response headers after 1210.9724ms - 400
info: System.Net.Http.HttpClient.default.LogicalHandler[101]
      End processing HTTP request after 1253.9746ms - 400
info: System.Net.Http.HttpClient.default.LogicalHandler[100]
      Start processing HTTP request POST https://us1.api.mailchimp.com/3.0/lists/05a2f8885a/segments/2065
info: System.Net.Http.HttpClient.default.ClientHandler[100]
      Sending HTTP request POST https://us1.api.mailchimp.com/3.0/lists/05a2f8885a/segments/2065
info: System.Net.Http.HttpClient.default.ClientHandler[101]
      Received HTTP response headers after 931.0052ms - 400
info: System.Net.Http.HttpClient.default.LogicalHandler[101]
      End processing HTTP request after 936.0046ms - 400
info: System.Net.Http.HttpClient.default.LogicalHandler[100]
      Start processing HTTP request POST https://us1.api.mailchimp.com/3.0/lists/05a2f8885a/segments/2069
info: System.Net.Http.HttpClient.default.ClientHandler[100]
      Sending HTTP request POST https://us1.api.mailchimp.com/3.0/lists/05a2f8885a/segments/2069
info: System.Net.Http.HttpClient.default.ClientHandler[101]
      Received HTTP response headers after 1696.2984ms - 200
info: System.Net.Http.HttpClient.default.LogicalHandler[101]
      End processing HTTP request after 1700.4824ms - 200
info: System.Net.Http.HttpClient.default.ClientHandler[101]
      Received HTTP response headers after 930.6044ms - 400
info: System.Net.Http.HttpClient.default.LogicalHandler[101]
      End processing HTTP request after 934.5908ms - 400
info: System.Net.Http.HttpClient.default.LogicalHandler[100]
      Start processing HTTP request POST https://us1.api.mailchimp.com/3.0/lists/05a2f8885a/segments/2069
info: System.Net.Http.HttpClient.default.ClientHandler[100]
      Sending HTTP request POST https://us1.api.mailchimp.com/3.0/lists/05a2f8885a/segments/2069
info: System.Net.Http.HttpClient.default.LogicalHandler[100]
      Start processing HTTP request GET https://api.zip-tax.com/request/v40?*
info: System.Net.Http.HttpClient.default.ClientHandler[100]
      Sending HTTP request GET https://api.zip-tax.com/request/v40?*
info: System.Net.Http.HttpClient.default.ClientHandler[101]
      Received HTTP response headers after 437.8742ms - 200
info: System.Net.Http.HttpClient.default.LogicalHandler[101]
      End processing HTTP request after 444.4189ms - 200
info: Microsoft.AspNetCore.Mvc.ViewFeatures.ViewResultExecutor[4]
      Executed ViewResult - view CheckoutOrderSummary executed in 2814.2807ms.
info: Microsoft.AspNetCore.Mvc.Infrastructure.ControllerActionInvoker[105]
      Executed action MWT.Plugin.Misc.MwtStorefront.Controllers.CheckoutExtendedController.CheckoutOrderSummary (MWT.Plugin.Misc.MwtStorefront) in 2820.8939ms
info: Microsoft.AspNetCore.Routing.EndpointMiddleware[1]
      Executed endpoint 'MWT.Plugin.Misc.MwtStorefront.Controllers.CheckoutExtendedController.CheckoutOrderSummary (MWT.Plugin.Misc.MwtStorefront)'
info: System.Net.Http.HttpClient.default.ClientHandler[101]
      Received HTTP response headers after 920.1243ms - 400
info: System.Net.Http.HttpClient.default.LogicalHandler[101]
      End processing HTTP request after 924.4113ms - 400
warn: Microsoft.WebTools.BrowserLink.Net.BrowserLinkMiddleware[3]
      Unable to configure Browser Link script injection on the response. 
info: Microsoft.AspNetCore.Hosting.Diagnostics[2]
      Request finished HTTP/2 GET https://localhost:44376/CheckoutExtended/CheckoutOrderSummary - 200 - text/html;+charset=utf-8 3837.9600ms
info: System.Net.Http.HttpClient.default.ClientHandler[101]
      Received HTTP response headers after 1369.5229ms - 400
info: System.Net.Http.HttpClient.default.LogicalHandler[101]
      End processing HTTP request after 1385.9126ms - 400
info: Microsoft.AspNetCore.Hosting.Diagnostics[1]
      Request starting HTTP/2 POST https://localhost:44376/Common/MailchimpEvents - application/x-www-form-urlencoded;+charset=UTF-8 251
info: Microsoft.AspNetCore.Hosting.Diagnostics[1]
      Request starting HTTP/2 POST https://localhost:44376/checkoutextended/OpcCustomSaveShippingMethod/ - application/x-www-form-urlencoded;+charset=UTF-8 317
info: Microsoft.AspNetCore.Routing.EndpointMiddleware[0]
      Executing endpoint 'MWT.Plugin.Misc.MwtStorefront.Controllers.CommonController.MailchimpEvents (MWT.Plugin.Misc.MwtStorefront)'
info: Microsoft.AspNetCore.Routing.EndpointMiddleware[0]
      Executing endpoint 'MWT.Plugin.Misc.MwtStorefront.Controllers.CheckoutExtendedController.OpcCustomSaveShippingMethod (MWT.Plugin.Misc.MwtStorefront)'
info: Microsoft.AspNetCore.Mvc.Infrastructure.ControllerActionInvoker[102]
      Route matched with {action = "MailchimpEvents", controller = "Common", area = ""}. Executing controller action with signature System.Threading.Tasks.Task`1[Microsoft.AspNetCore.Mvc.IActionResult] MailchimpEvents(System.String, System.String) on controller MWT.Plugin.Misc.MwtStorefront.Controllers.CommonController (MWT.Plugin.Misc.MwtStorefront).
info: Microsoft.AspNetCore.Mvc.Infrastructure.ControllerActionInvoker[102]
      Route matched with {action = "OpcCustomSaveShippingMethod", controller = "CheckoutExtended", area = ""}. Executing controller action with signature System.Threading.Tasks.Task`1[Microsoft.AspNetCore.Mvc.IActionResult] OpcCustomSaveShippingMethod(System.String, Microsoft.AspNetCore.Http.IFormCollection, Boolean) on controller MWT.Plugin.Misc.MwtStorefront.Controllers.CheckoutExtendedController (MWT.Plugin.Misc.MwtStorefront).
info: Microsoft.AspNetCore.Mvc.NewtonsoftJson.NewtonsoftJsonResultExecutor[2]
      Executing JsonResult, writing value of type '<>f__AnonymousType30`1[[System.Net.HttpStatusCode, System.Net.Primitives, Version=9.0.0.0, Culture=neutral, PublicKeyToken=b03f5f7f11d50a3a]]'.
info: Microsoft.AspNetCore.Mvc.Infrastructure.ControllerActionInvoker[105]
      Executed action MWT.Plugin.Misc.MwtStorefront.Controllers.CommonController.MailchimpEvents (MWT.Plugin.Misc.MwtStorefront) in 64.1616ms
info: Microsoft.AspNetCore.Routing.EndpointMiddleware[1]
      Executed endpoint 'MWT.Plugin.Misc.MwtStorefront.Controllers.CommonController.MailchimpEvents (MWT.Plugin.Misc.MwtStorefront)'
info: System.Net.Http.HttpClient.default.LogicalHandler[100]
      Start processing HTTP request PUT https://us1.api.mailchimp.com/3.0/lists/05a2f8885a/members/1D777D2F3170C89DF8418725B09FEE0A
info: System.Net.Http.HttpClient.default.ClientHandler[100]
      Sending HTTP request PUT https://us1.api.mailchimp.com/3.0/lists/05a2f8885a/members/1D777D2F3170C89DF8418725B09FEE0A
info: Microsoft.AspNetCore.Hosting.Diagnostics[2]
      Request finished HTTP/2 POST https://localhost:44376/Common/MailchimpEvents - 200 - application/json;+charset=utf-8 569.9442ms
info: Microsoft.AspNetCore.Mvc.NewtonsoftJson.NewtonsoftJsonResultExecutor[2]
      Executing JsonResult, writing value of type '<>f__AnonymousType39`2[[Nop.Web.Models.Checkout.Customizations.CustomUpdateSectionJsonModel, Nop.Web, Version=4.90.0.0, Culture=neutral, PublicKeyToken=null],[System.String, System.Private.CoreLib, Version=9.0.0.0, Culture=neutral, PublicKeyToken=7cec85d7bea7798e]]'.
info: Microsoft.AspNetCore.Mvc.Infrastructure.ControllerActionInvoker[105]
      Executed action MWT.Plugin.Misc.MwtStorefront.Controllers.CheckoutExtendedController.OpcCustomSaveShippingMethod (MWT.Plugin.Misc.MwtStorefront) in 255.2778ms
info: Microsoft.AspNetCore.Routing.EndpointMiddleware[1]
      Executed endpoint 'MWT.Plugin.Misc.MwtStorefront.Controllers.CheckoutExtendedController.OpcCustomSaveShippingMethod (MWT.Plugin.Misc.MwtStorefront)'
info: Microsoft.AspNetCore.Hosting.Diagnostics[2]
      Request finished HTTP/2 POST https://localhost:44376/checkoutextended/OpcCustomSaveShippingMethod/ - 200 - application/json;+charset=utf-8 753.3944ms
info: Microsoft.AspNetCore.Hosting.Diagnostics[1]
      Request starting HTTP/2 GET https://localhost:44376/CheckoutExtended/CheckoutOrderSummary?isConfirmationPage=true - - -
info: Microsoft.AspNetCore.Routing.EndpointMiddleware[0]
      Executing endpoint 'MWT.Plugin.Misc.MwtStorefront.Controllers.CheckoutExtendedController.CheckoutOrderSummary (MWT.Plugin.Misc.MwtStorefront)'
info: Microsoft.AspNetCore.Mvc.Infrastructure.ControllerActionInvoker[102]
      Route matched with {action = "CheckoutOrderSummary", controller = "CheckoutExtended", area = ""}. Executing controller action with signature System.Threading.Tasks.Task`1[Microsoft.AspNetCore.Mvc.IActionResult] CheckoutOrderSummary(Boolean) on controller MWT.Plugin.Misc.MwtStorefront.Controllers.CheckoutExtendedController (MWT.Plugin.Misc.MwtStorefront).
info: Microsoft.AspNetCore.Mvc.ViewFeatures.ViewResultExecutor[1]
      Executing ViewResult, running view CheckoutOrderSummary.
info: Microsoft.AspNetCore.Mvc.ViewFeatures.ViewResultExecutor[4]
      Executed ViewResult - view CheckoutOrderSummary executed in 178.0401ms.
info: Microsoft.AspNetCore.Mvc.Infrastructure.ControllerActionInvoker[105]
      Executed action MWT.Plugin.Misc.MwtStorefront.Controllers.CheckoutExtendedController.CheckoutOrderSummary (MWT.Plugin.Misc.MwtStorefront) in 185.2884ms
info: Microsoft.AspNetCore.Routing.EndpointMiddleware[1]
      Executed endpoint 'MWT.Plugin.Misc.MwtStorefront.Controllers.CheckoutExtendedController.CheckoutOrderSummary (MWT.Plugin.Misc.MwtStorefront)'
warn: Microsoft.WebTools.BrowserLink.Net.BrowserLinkMiddleware[3]
      Unable to configure Browser Link script injection on the response. 
info: Microsoft.AspNetCore.Hosting.Diagnostics[2]
      Request finished HTTP/2 GET https://localhost:44376/CheckoutExtended/CheckoutOrderSummary?isConfirmationPage=true - 200 - text/html;+charset=utf-8 392.1596ms
info: System.Net.Http.HttpClient.default.ClientHandler[101]
      Received HTTP response headers after 1151.6338ms - 400
info: System.Net.Http.HttpClient.default.LogicalHandler[101]
      End processing HTTP request after 1182.4457ms - 400
info: System.Net.Http.HttpClient.default.LogicalHandler[100]
      Start processing HTTP request POST https://us1.api.mailchimp.com/3.0/lists/05a2f8885a/segments/2169
info: System.Net.Http.HttpClient.default.ClientHandler[100]
      Sending HTTP request POST https://us1.api.mailchimp.com/3.0/lists/05a2f8885a/segments/2169
info: System.Net.Http.HttpClient.default.ClientHandler[101]
      Received HTTP response headers after 926.3387ms - 400
info: System.Net.Http.HttpClient.default.LogicalHandler[101]
      End processing HTTP request after 936.1484ms - 400
info: System.Net.Http.HttpClient.default.LogicalHandler[100]
      Start processing HTTP request POST https://us1.api.mailchimp.com/3.0/lists/05a2f8885a/segments/2065
info: System.Net.Http.HttpClient.default.ClientHandler[100]
      Sending HTTP request POST https://us1.api.mailchimp.com/3.0/lists/05a2f8885a/segments/2065
info: System.Net.Http.HttpClient.default.ClientHandler[101]
      Received HTTP response headers after 881.8196ms - 400
info: System.Net.Http.HttpClient.default.LogicalHandler[101]
      End processing HTTP request after 886.5566ms - 400
info: System.Net.Http.HttpClient.default.LogicalHandler[100]
      Start processing HTTP request POST https://us1.api.mailchimp.com/3.0/lists/05a2f8885a/segments/2069
info: System.Net.Http.HttpClient.default.ClientHandler[100]
      Sending HTTP request POST https://us1.api.mailchimp.com/3.0/lists/05a2f8885a/segments/2069
info: System.Net.Http.HttpClient.default.ClientHandler[101]
      Received HTTP response headers after 1110.7446ms - 400
info: System.Net.Http.HttpClient.default.LogicalHandler[101]
      End processing HTTP request after 1116.2022ms - 400
info: Microsoft.AspNetCore.Hosting.Diagnostics[1]
      Request starting HTTP/2 POST https://localhost:44376/Common/MailchimpEvents - application/x-www-form-urlencoded;+charset=UTF-8 251
info: Microsoft.AspNetCore.Hosting.Diagnostics[1]
      Request starting HTTP/2 POST https://localhost:44376/checkoutextended/OpcCustomSaveShippingMethod/ - application/x-www-form-urlencoded;+charset=UTF-8 321
info: Microsoft.AspNetCore.Routing.EndpointMiddleware[0]
      Executing endpoint 'MWT.Plugin.Misc.MwtStorefront.Controllers.CommonController.MailchimpEvents (MWT.Plugin.Misc.MwtStorefront)'
info: Microsoft.AspNetCore.Routing.EndpointMiddleware[0]
      Executing endpoint 'MWT.Plugin.Misc.MwtStorefront.Controllers.CheckoutExtendedController.OpcCustomSaveShippingMethod (MWT.Plugin.Misc.MwtStorefront)'
info: Microsoft.AspNetCore.Mvc.Infrastructure.ControllerActionInvoker[102]
      Route matched with {action = "OpcCustomSaveShippingMethod", controller = "CheckoutExtended", area = ""}. Executing controller action with signature System.Threading.Tasks.Task`1[Microsoft.AspNetCore.Mvc.IActionResult] OpcCustomSaveShippingMethod(System.String, Microsoft.AspNetCore.Http.IFormCollection, Boolean) on controller MWT.Plugin.Misc.MwtStorefront.Controllers.CheckoutExtendedController (MWT.Plugin.Misc.MwtStorefront).
info: Microsoft.AspNetCore.Mvc.Infrastructure.ControllerActionInvoker[102]
      Route matched with {action = "MailchimpEvents", controller = "Common", area = ""}. Executing controller action with signature System.Threading.Tasks.Task`1[Microsoft.AspNetCore.Mvc.IActionResult] MailchimpEvents(System.String, System.String) on controller MWT.Plugin.Misc.MwtStorefront.Controllers.CommonController (MWT.Plugin.Misc.MwtStorefront).
info: Microsoft.AspNetCore.Mvc.NewtonsoftJson.NewtonsoftJsonResultExecutor[2]
      Executing JsonResult, writing value of type '<>f__AnonymousType30`1[[System.Net.HttpStatusCode, System.Net.Primitives, Version=9.0.0.0, Culture=neutral, PublicKeyToken=b03f5f7f11d50a3a]]'.
info: Microsoft.AspNetCore.Mvc.Infrastructure.ControllerActionInvoker[105]
      Executed action MWT.Plugin.Misc.MwtStorefront.Controllers.CommonController.MailchimpEvents (MWT.Plugin.Misc.MwtStorefront) in 81.8658ms
info: Microsoft.AspNetCore.Routing.EndpointMiddleware[1]
      Executed endpoint 'MWT.Plugin.Misc.MwtStorefront.Controllers.CommonController.MailchimpEvents (MWT.Plugin.Misc.MwtStorefront)'
info: System.Net.Http.HttpClient.default.LogicalHandler[100]
      Start processing HTTP request PUT https://us1.api.mailchimp.com/3.0/lists/05a2f8885a/members/1D777D2F3170C89DF8418725B09FEE0A
info: Microsoft.AspNetCore.Hosting.Diagnostics[2]
      Request finished HTTP/2 POST https://localhost:44376/Common/MailchimpEvents - 200 - application/json;+charset=utf-8 641.0948ms
info: System.Net.Http.HttpClient.default.ClientHandler[100]
      Sending HTTP request PUT https://us1.api.mailchimp.com/3.0/lists/05a2f8885a/members/1D777D2F3170C89DF8418725B09FEE0A
info: System.Net.Http.HttpClient.default.ClientHandler[101]
      Received HTTP response headers after 1132.4336ms - 400
info: System.Net.Http.HttpClient.default.LogicalHandler[101]
      End processing HTTP request after 1218.1034ms - 400
info: System.Net.Http.HttpClient.default.LogicalHandler[100]
      Start processing HTTP request POST https://us1.api.mailchimp.com/3.0/lists/05a2f8885a/segments/2169
info: System.Net.Http.HttpClient.default.ClientHandler[100]
      Sending HTTP request POST https://us1.api.mailchimp.com/3.0/lists/05a2f8885a/segments/2169
info: System.Net.Http.HttpClient.default.LogicalHandler[100]
      Start processing HTTP request POST https://apitest.authorize.net/xml/v1/request.api
info: System.Net.Http.HttpClient.default.ClientHandler[100]
      Sending HTTP request POST https://apitest.authorize.net/xml/v1/request.api
info: System.Net.Http.HttpClient.default.ClientHandler[101]
      Received HTTP response headers after 909.8707ms - 400
info: System.Net.Http.HttpClient.default.LogicalHandler[101]
      End processing HTTP request after 914.1152ms - 400
info: System.Net.Http.HttpClient.default.LogicalHandler[100]
      Start processing HTTP request POST https://us1.api.mailchimp.com/3.0/lists/05a2f8885a/segments/2065
info: System.Net.Http.HttpClient.default.ClientHandler[100]
      Sending HTTP request POST https://us1.api.mailchimp.com/3.0/lists/05a2f8885a/segments/2065
info: System.Net.Http.HttpClient.default.LogicalHandler[100]
      Start processing HTTP request POST https://localhost:44399/scheduletask/runtask
info: System.Net.Http.HttpClient.default.ClientHandler[100]
      Sending HTTP request POST https://localhost:44399/scheduletask/runtask
info: System.Net.Http.HttpClient.default.ClientHandler[101]
      Received HTTP response headers after 5.9091ms - 404
info: System.Net.Http.HttpClient.default.LogicalHandler[101]
      End processing HTTP request after 10.4268ms - 404
info: System.Net.Http.HttpClient.default.ClientHandler[101]
      Received HTTP response headers after 1214.7386ms - 200
info: System.Net.Http.HttpClient.default.LogicalHandler[101]
      End processing HTTP request after 1218.6826ms - 200
info: Microsoft.AspNetCore.Mvc.NewtonsoftJson.NewtonsoftJsonResultExecutor[2]
      Executing JsonResult, writing value of type '<>f__AnonymousType39`2[[Nop.Web.Models.Checkout.Customizations.CustomUpdateSectionJsonModel, Nop.Web, Version=4.90.0.0, Culture=neutral, PublicKeyToken=null],[System.String, System.Private.CoreLib, Version=9.0.0.0, Culture=neutral, PublicKeyToken=7cec85d7bea7798e]]'.
info: Microsoft.AspNetCore.Mvc.Infrastructure.ControllerActionInvoker[105]
      Executed action MWT.Plugin.Misc.MwtStorefront.Controllers.CheckoutExtendedController.OpcCustomSaveShippingMethod (MWT.Plugin.Misc.MwtStorefront) in 3352.8043ms
info: Microsoft.AspNetCore.Routing.EndpointMiddleware[1]
      Executed endpoint 'MWT.Plugin.Misc.MwtStorefront.Controllers.CheckoutExtendedController.OpcCustomSaveShippingMethod (MWT.Plugin.Misc.MwtStorefront)'
info: Microsoft.AspNetCore.Hosting.Diagnostics[2]
      Request finished HTTP/2 POST https://localhost:44376/checkoutextended/OpcCustomSaveShippingMethod/ - 200 - application/json;+charset=utf-8 3904.2528ms
info: Microsoft.AspNetCore.Hosting.Diagnostics[1]
      Request starting HTTP/2 GET https://localhost:44376/images/uploaded/checked-radio-img.svg - - -
info: Microsoft.AspNetCore.StaticFiles.StaticFileMiddleware[2]
      Sending file. Request path: '/images/uploaded/checked-radio-img.svg'. Physical path: 'D:\Mind web Tree\Slc4.9\Source Code\Presentation\Nop.Web\wwwroot\images\uploaded\checked-radio-img.svg'
info: Microsoft.AspNetCore.Hosting.Diagnostics[2]
      Request finished HTTP/2 GET https://localhost:44376/images/uploaded/checked-radio-img.svg - 200 197 image/svg+xml 17.3629ms
info: Microsoft.AspNetCore.Hosting.Diagnostics[1]
      Request starting HTTP/2 GET https://localhost:44376/CheckoutExtended/CheckoutOrderSummary?isConfirmationPage=true - - -
info: System.Net.Http.HttpClient.default.ClientHandler[101]
      Received HTTP response headers after 1125.2927ms - 400
info: System.Net.Http.HttpClient.default.LogicalHandler[101]
      End processing HTTP request after 1157.6963ms - 400
info: Microsoft.AspNetCore.Hosting.Diagnostics[1]
      Request starting HTTP/2 GET https://localhost:44376/Plugins/Payments.PayPalCommerce/logo.svg - - -
info: Microsoft.AspNetCore.Hosting.Diagnostics[1]
      Request starting HTTP/2 GET https://localhost:44376/.well-known/appspecific/com.chrome.devtools.json - - -
info: System.Net.Http.HttpClient.default.LogicalHandler[100]
      Start processing HTTP request POST https://us1.api.mailchimp.com/3.0/lists/05a2f8885a/segments/2069
info: System.Net.Http.HttpClient.default.ClientHandler[100]
      Sending HTTP request POST https://us1.api.mailchimp.com/3.0/lists/05a2f8885a/segments/2069
info: Microsoft.AspNetCore.Hosting.Diagnostics[2]
      Request finished HTTP/2 GET https://localhost:44376/.well-known/appspecific/com.chrome.devtools.json - 404 - - 502.3127ms
info: Microsoft.AspNetCore.Hosting.Diagnostics[16]
      Request reached the end of the middleware pipeline without being handled by application code. Request path: GET https://localhost:44376/.well-known/appspecific/com.chrome.devtools.json, Response status code: 404
info: Microsoft.AspNetCore.Routing.EndpointMiddleware[0]
      Executing endpoint 'MWT.Plugin.Misc.MwtStorefront.Controllers.CheckoutExtendedController.CheckoutOrderSummary (MWT.Plugin.Misc.MwtStorefront)'
info: Microsoft.AspNetCore.Hosting.Diagnostics[2]
      Request finished HTTP/2 GET https://localhost:44376/Plugins/Payments.PayPalCommerce/logo.svg - 404 - - 572.2899ms
info: Microsoft.AspNetCore.Hosting.Diagnostics[16]
      Request reached the end of the middleware pipeline without being handled by application code. Request path: GET https://localhost:44376/Plugins/Payments.PayPalCommerce/logo.svg, Response status code: 404
info: Microsoft.AspNetCore.Mvc.Infrastructure.ControllerActionInvoker[102]
      Route matched with {action = "CheckoutOrderSummary", controller = "CheckoutExtended", area = ""}. Executing controller action with signature System.Threading.Tasks.Task`1[Microsoft.AspNetCore.Mvc.IActionResult] CheckoutOrderSummary(Boolean) on controller MWT.Plugin.Misc.MwtStorefront.Controllers.CheckoutExtendedController (MWT.Plugin.Misc.MwtStorefront).
info: Microsoft.AspNetCore.Mvc.ViewFeatures.ViewResultExecutor[1]
      Executing ViewResult, running view CheckoutOrderSummary.
info: Microsoft.AspNetCore.Mvc.ViewFeatures.ViewResultExecutor[4]
      Executed ViewResult - view CheckoutOrderSummary executed in 208.7979ms.
info: Microsoft.AspNetCore.Mvc.Infrastructure.ControllerActionInvoker[105]
      Executed action MWT.Plugin.Misc.MwtStorefront.Controllers.CheckoutExtendedController.CheckoutOrderSummary (MWT.Plugin.Misc.MwtStorefront) in 216.5844ms
info: Microsoft.AspNetCore.Routing.EndpointMiddleware[1]
      Executed endpoint 'MWT.Plugin.Misc.MwtStorefront.Controllers.CheckoutExtendedController.CheckoutOrderSummary (MWT.Plugin.Misc.MwtStorefront)'
warn: Microsoft.WebTools.BrowserLink.Net.BrowserLinkMiddleware[3]
      Unable to configure Browser Link script injection on the response. 
info: Microsoft.AspNetCore.Hosting.Diagnostics[2]
      Request finished HTTP/2 GET https://localhost:44376/CheckoutExtended/CheckoutOrderSummary?isConfirmationPage=true - 200 - text/html;+charset=utf-8 902.3448ms
info: System.Net.Http.HttpClient.default.ClientHandler[101]
      Received HTTP response headers after 1325.3166ms - 400
info: System.Net.Http.HttpClient.default.LogicalHandler[101]
      End processing HTTP request after 1344.4555ms - 400
info: Microsoft.AspNetCore.Hosting.Diagnostics[1]
      Request starting HTTP/2 POST https://localhost:44376/PayPalCommercePublic/CreateOrder?invoiceid=0 - application/x-www-form-urlencoded;+charset=UTF-8 273
info: Microsoft.AspNetCore.Routing.EndpointMiddleware[0]
      Executing endpoint 'Nop.Plugin.Payments.PayPalCommerce.Controllers.PayPalCommercePublicController.CreateOrder (Nop.Plugin.Payments.PayPalCommerce)'
info: Microsoft.AspNetCore.Mvc.Infrastructure.ControllerActionInvoker[102]
      Route matched with {action = "CreateOrder", controller = "PayPalCommercePublic", area = ""}. Executing controller action with signature System.Threading.Tasks.Task`1[Microsoft.AspNetCore.Mvc.IActionResult] CreateOrder(Int32, System.String, Int32, Boolean, Int32) on controller Nop.Plugin.Payments.PayPalCommerce.Controllers.PayPalCommercePublicController (Nop.Plugin.Payments.PayPalCommerce).
info: System.Net.Http.HttpClient.PayPalCommerceHttpClient.LogicalHandler[100]
      Start processing HTTP request POST https://api-m.sandbox.paypal.com/v1/oauth2/token
info: System.Net.Http.HttpClient.PayPalCommerceHttpClient.ClientHandler[100]
      Sending HTTP request POST https://api-m.sandbox.paypal.com/v1/oauth2/token
info: System.Net.Http.HttpClient.PayPalCommerceHttpClient.ClientHandler[101]
      Received HTTP response headers after 1140.4951ms - 200
info: System.Net.Http.HttpClient.PayPalCommerceHttpClient.LogicalHandler[101]
      End processing HTTP request after 1145.6793ms - 200
info: System.Net.Http.HttpClient.PayPalCommerceHttpClient.LogicalHandler[100]
      Start processing HTTP request POST https://api-m.sandbox.paypal.com/v2/checkout/orders?
info: System.Net.Http.HttpClient.PayPalCommerceHttpClient.ClientHandler[100]
      Sending HTTP request POST https://api-m.sandbox.paypal.com/v2/checkout/orders?
info: System.Net.Http.HttpClient.PayPalCommerceHttpClient.ClientHandler[101]
      Received HTTP response headers after 1524.2495ms - 200
info: System.Net.Http.HttpClient.PayPalCommerceHttpClient.LogicalHandler[101]
      End processing HTTP request after 1530.7523ms - 200
info: Microsoft.AspNetCore.Mvc.NewtonsoftJson.NewtonsoftJsonResultExecutor[2]
      Executing JsonResult, writing value of type '<>f__AnonymousType6`2[[System.String, System.Private.CoreLib, Version=9.0.0.0, Culture=neutral, PublicKeyToken=7cec85d7bea7798e],[System.String, System.Private.CoreLib, Version=9.0.0.0, Culture=neutral, PublicKeyToken=7cec85d7bea7798e]]'.
info: Microsoft.AspNetCore.Mvc.Infrastructure.ControllerActionInvoker[105]
      Executed action Nop.Plugin.Payments.PayPalCommerce.Controllers.PayPalCommercePublicController.CreateOrder (Nop.Plugin.Payments.PayPalCommerce) in 2870.6708ms
info: Microsoft.AspNetCore.Routing.EndpointMiddleware[1]
      Executed endpoint 'Nop.Plugin.Payments.PayPalCommerce.Controllers.PayPalCommercePublicController.CreateOrder (Nop.Plugin.Payments.PayPalCommerce)'
info: Microsoft.AspNetCore.Hosting.Diagnostics[2]
      Request finished HTTP/2 POST https://localhost:44376/PayPalCommercePublic/CreateOrder?invoiceid=0 - 200 - application/json;+charset=utf-8 3103.2856ms
info: System.Net.Http.HttpClient.default.LogicalHandler[100]
      Start processing HTTP request POST https://localhost:44399/scheduletask/runtask
info: System.Net.Http.HttpClient.default.ClientHandler[100]
      Sending HTTP request POST https://localhost:44399/scheduletask/runtask
info: System.Net.Http.HttpClient.default.ClientHandler[101]
      Received HTTP response headers after 5.4048ms - 404
info: System.Net.Http.HttpClient.default.LogicalHandler[101]
      End processing HTTP request after 14.334ms - 404
info: System.Net.Http.HttpClient.default.LogicalHandler[100]
      Start processing HTTP request POST https://localhost:44399/scheduletask/runtask
info: System.Net.Http.HttpClient.default.ClientHandler[100]
      Sending HTTP request POST https://localhost:44399/scheduletask/runtask
info: System.Net.Http.HttpClient.default.ClientHandler[101]
      Received HTTP response headers after 11.5548ms - 404
info: System.Net.Http.HttpClient.default.LogicalHandler[101]
      End processing HTTP request after 20.004ms - 404
info: System.Net.Http.HttpClient.default.LogicalHandler[100]
      Start processing HTTP request POST https://localhost:44399/scheduletask/runtask
info: System.Net.Http.HttpClient.default.ClientHandler[100]
      Sending HTTP request POST https://localhost:44399/scheduletask/runtask
info: System.Net.Http.HttpClient.default.ClientHandler[101]
      Received HTTP response headers after 9.1074ms - 404
info: System.Net.Http.HttpClient.default.LogicalHandler[101]
      End processing HTTP request after 16.6207ms - 404
info: Microsoft.AspNetCore.Hosting.Diagnostics[1]
      Request starting HTTP/2 GET https://localhost:44376/onepagecheckout - - -
info: Microsoft.AspNetCore.Routing.EndpointMiddleware[0]
      Executing endpoint 'MWT.Plugin.Misc.MwtStorefront.Controllers.CheckoutExtendedController.CustomOnePageCheckout (MWT.Plugin.Misc.MwtStorefront)'
info: Microsoft.AspNetCore.Mvc.Infrastructure.ControllerActionInvoker[102]
      Route matched with {action = "CustomOnePageCheckout", controller = "CheckoutExtended", area = ""}. Executing controller action with signature System.Threading.Tasks.Task`1[Microsoft.AspNetCore.Mvc.IActionResult] CustomOnePageCheckout() on controller MWT.Plugin.Misc.MwtStorefront.Controllers.CheckoutExtendedController (MWT.Plugin.Misc.MwtStorefront).
info: Microsoft.AspNetCore.Mvc.ViewFeatures.ViewResultExecutor[1]
      Executing ViewResult, running view onePageCheckout.
info: System.Net.Http.HttpClient.default.LogicalHandler[100]
      Start processing HTTP request POST https://apitest.authorize.net/xml/v1/request.api
info: System.Net.Http.HttpClient.default.ClientHandler[100]
      Sending HTTP request POST https://apitest.authorize.net/xml/v1/request.api
info: System.Net.Http.HttpClient.default.ClientHandler[101]
      Received HTTP response headers after 953.8248ms - 200
info: System.Net.Http.HttpClient.default.LogicalHandler[101]
      End processing HTTP request after 958.5991ms - 200
info: Microsoft.AspNetCore.Mvc.ViewFeatures.ViewResultExecutor[4]
      Executed ViewResult - view onePageCheckout executed in 1325.4606ms.
info: Microsoft.AspNetCore.Mvc.Infrastructure.ControllerActionInvoker[105]
      Executed action MWT.Plugin.Misc.MwtStorefront.Controllers.CheckoutExtendedController.CustomOnePageCheckout (MWT.Plugin.Misc.MwtStorefront) in 1573.4516ms
info: Microsoft.AspNetCore.Routing.EndpointMiddleware[1]
      Executed endpoint 'MWT.Plugin.Misc.MwtStorefront.Controllers.CheckoutExtendedController.CustomOnePageCheckout (MWT.Plugin.Misc.MwtStorefront)'
info: Microsoft.AspNetCore.Hosting.Diagnostics[2]
      Request finished HTTP/2 GET https://localhost:44376/onepagecheckout - 200 - text/html;+charset=utf-8 1829.1916ms
info: Microsoft.AspNetCore.Hosting.Diagnostics[1]
      Request starting HTTP/2 GET https://localhost:44376/Plugins/Payments.PayPalCommerce/logo.svg - - -
info: Microsoft.AspNetCore.Hosting.Diagnostics[1]
      Request starting HTTP/2 GET https://localhost:44376/_vs/browserLink - - -
info: Microsoft.AspNetCore.Hosting.Diagnostics[1]
      Request starting HTTP/2 GET https://localhost:44376/images/phone.png - - -
info: Microsoft.AspNetCore.Hosting.Diagnostics[1]
      Request starting HTTP/2 GET https://localhost:44376/Themes/BlackWhiteTheme/Content/images/top.png - - -
info: Microsoft.AspNetCore.Hosting.Diagnostics[1]
      Request starting HTTP/2 GET https://localhost:44376/_framework/aspnetcore-browser-refresh.js - - -
info: Microsoft.AspNetCore.Hosting.Diagnostics[1]
      Request starting HTTP/2 GET https://localhost:44376/.well-known/appspecific/com.chrome.devtools.json - - -
info: Microsoft.AspNetCore.Hosting.Diagnostics[2]
      Request finished HTTP/2 GET https://localhost:44376/_framework/aspnetcore-browser-refresh.js - 200 16499 application/javascript;+charset=utf-8 195.1597ms
info: Microsoft.AspNetCore.Hosting.Diagnostics[1]
      Request starting HTTP/2 GET https://localhost:44376/Plugins/MWT.Plugin.Misc.MwtStorefront/Content/css/bootstrap.min.css.map - - -
info: Microsoft.AspNetCore.Hosting.Diagnostics[1]
      Request starting HTTP/2 GET https://localhost:44376/Plugins/MWT.Plugin.Misc.MwtStorefront/Content/js/bootstrap.bundle.min.js.map - - -
info: Microsoft.AspNetCore.Hosting.Diagnostics[1]
      Request starting HTTP/2 POST https://localhost:44376/CampaignManagement/showPopup - application/x-www-form-urlencoded;+charset=UTF-8 92
info: Microsoft.AspNetCore.Routing.EndpointMiddleware[0]
      Executing endpoint 'MWT.Plugin.Misc.MwtStorefront.Controllers.CampaignManagementController.ShowPopup (MWT.Plugin.Misc.MwtStorefront)'
info: Microsoft.AspNetCore.Hosting.Diagnostics[2]
      Request finished HTTP/2 GET https://localhost:44376/_vs/browserLink - 200 - text/javascript;+charset=UTF-8 1699.9993ms
info: Microsoft.AspNetCore.Mvc.Infrastructure.ControllerActionInvoker[102]
      Route matched with {action = "ShowPopup", controller = "CampaignManagement", area = ""}. Executing controller action with signature System.Threading.Tasks.Task`1[Microsoft.AspNetCore.Mvc.IActionResult] ShowPopup(System.String, System.String, Boolean) on controller MWT.Plugin.Misc.MwtStorefront.Controllers.CampaignManagementController (MWT.Plugin.Misc.MwtStorefront).
info: Microsoft.AspNetCore.Hosting.Diagnostics[2]
      Request finished HTTP/2 GET https://localhost:44376/Themes/BlackWhiteTheme/Content/images/top.png - 404 - - 1704.7257ms
info: Microsoft.AspNetCore.Hosting.Diagnostics[16]
      Request reached the end of the middleware pipeline without being handled by application code. Request path: GET https://localhost:44376/Themes/BlackWhiteTheme/Content/images/top.png, Response status code: 404
info: Microsoft.AspNetCore.Routing.EndpointMiddleware[0]
      Executing endpoint 'Nop.Web.Controllers.CommonController.GenericUrl (Nop.Web)'
info: Microsoft.AspNetCore.Hosting.Diagnostics[2]
      Request finished HTTP/2 GET https://localhost:44376/.well-known/appspecific/com.chrome.devtools.json - 404 - - 1214.0748ms
info: Microsoft.AspNetCore.Hosting.Diagnostics[16]
      Request reached the end of the middleware pipeline without being handled by application code. Request path: GET https://localhost:44376/.well-known/appspecific/com.chrome.devtools.json, Response status code: 404
info: Microsoft.AspNetCore.Mvc.Infrastructure.ControllerActionInvoker[102]
      Route matched with {action = "GenericUrl", controller = "Common", area = ""}. Executing controller action with signature Microsoft.AspNetCore.Mvc.IActionResult GenericUrl() on controller Nop.Web.Controllers.CommonController (Nop.Web).
info: Microsoft.AspNetCore.Hosting.Diagnostics[2]
      Request finished HTTP/2 GET https://localhost:44376/Plugins/Payments.PayPalCommerce/logo.svg - 404 - - 1851.2815ms
info: Microsoft.AspNetCore.Hosting.Diagnostics[16]
      Request reached the end of the middleware pipeline without being handled by application code. Request path: GET https://localhost:44376/Plugins/Payments.PayPalCommerce/logo.svg, Response status code: 404
info: Microsoft.AspNetCore.Hosting.Diagnostics[2]
      Request finished HTTP/2 GET https://localhost:44376/Plugins/MWT.Plugin.Misc.MwtStorefront/Content/css/bootstrap.min.css.map - 404 - - 1239.9978ms
info: Microsoft.AspNetCore.Hosting.Diagnostics[16]
      Request reached the end of the middleware pipeline without being handled by application code. Request path: GET https://localhost:44376/Plugins/MWT.Plugin.Misc.MwtStorefront/Content/css/bootstrap.min.css.map, Response status code: 404
info: Microsoft.AspNetCore.Hosting.Diagnostics[2]
      Request finished HTTP/2 GET https://localhost:44376/Plugins/MWT.Plugin.Misc.MwtStorefront/Content/js/bootstrap.bundle.min.js.map - 404 - - 724.1350ms
info: Microsoft.AspNetCore.Hosting.Diagnostics[16]
      Request reached the end of the middleware pipeline without being handled by application code. Request path: GET https://localhost:44376/Plugins/MWT.Plugin.Misc.MwtStorefront/Content/js/bootstrap.bundle.min.js.map, Response status code: 404
info: Microsoft.AspNetCore.Mvc.Infrastructure.ControllerActionInvoker[105]
      Executed action Nop.Web.Controllers.CommonController.GenericUrl (Nop.Web) in 41.7074ms
info: Microsoft.AspNetCore.Routing.EndpointMiddleware[1]
      Executed endpoint 'Nop.Web.Controllers.CommonController.GenericUrl (Nop.Web)'
info: Microsoft.AspNetCore.Mvc.NewtonsoftJson.NewtonsoftJsonResultExecutor[2]
      Executing JsonResult, writing value of type 'MWT.Plugin.Misc.MwtStorefront.Models.Catalog.Campaign_Management.CampaignPopupResultModel'.
info: Microsoft.AspNetCore.Hosting.Diagnostics[2]
      Request finished HTTP/2 GET https://localhost:44376/images/phone.png - 404 - - 1874.9253ms
info: Microsoft.AspNetCore.Mvc.Infrastructure.ControllerActionInvoker[105]
      Executed action MWT.Plugin.Misc.MwtStorefront.Controllers.CampaignManagementController.ShowPopup (MWT.Plugin.Misc.MwtStorefront) in 205.2595ms
info: Microsoft.AspNetCore.Routing.EndpointMiddleware[1]
      Executed endpoint 'MWT.Plugin.Misc.MwtStorefront.Controllers.CampaignManagementController.ShowPopup (MWT.Plugin.Misc.MwtStorefront)'
info: Microsoft.AspNetCore.Hosting.Diagnostics[2]
      Request finished HTTP/2 POST https://localhost:44376/CampaignManagement/showPopup - 200 - application/json;+charset=utf-8 694.1915ms
info: Microsoft.AspNetCore.Hosting.Diagnostics[1]
      Request starting HTTP/2 POST https://localhost:44376/PayPalCommercePublic/CreateOrder?invoiceid=0 - application/x-www-form-urlencoded;+charset=UTF-8 273
info: Microsoft.AspNetCore.Routing.EndpointMiddleware[0]
      Executing endpoint 'Nop.Plugin.Payments.PayPalCommerce.Controllers.PayPalCommercePublicController.CreateOrder (Nop.Plugin.Payments.PayPalCommerce)'
info: Microsoft.AspNetCore.Mvc.Infrastructure.ControllerActionInvoker[102]
      Route matched with {action = "CreateOrder", controller = "PayPalCommercePublic", area = ""}. Executing controller action with signature System.Threading.Tasks.Task`1[Microsoft.AspNetCore.Mvc.IActionResult] CreateOrder(Int32, System.String, Int32, Boolean, Int32) on controller Nop.Plugin.Payments.PayPalCommerce.Controllers.PayPalCommercePublicController (Nop.Plugin.Payments.PayPalCommerce).
info: System.Net.Http.HttpClient.PayPalCommerceHttpClient.LogicalHandler[100]
      Start processing HTTP request POST https://api-m.sandbox.paypal.com/v2/checkout/orders?
info: System.Net.Http.HttpClient.PayPalCommerceHttpClient.ClientHandler[100]
      Sending HTTP request POST https://api-m.sandbox.paypal.com/v2/checkout/orders?
info: System.Net.Http.HttpClient.PayPalCommerceHttpClient.ClientHandler[101]
      Received HTTP response headers after 1542.9482ms - 200
info: System.Net.Http.HttpClient.PayPalCommerceHttpClient.LogicalHandler[101]
      End processing HTTP request after 1548.0104ms - 200
info: Microsoft.AspNetCore.Mvc.NewtonsoftJson.NewtonsoftJsonResultExecutor[2]
      Executing JsonResult, writing value of type '<>f__AnonymousType6`2[[System.String, System.Private.CoreLib, Version=9.0.0.0, Culture=neutral, PublicKeyToken=7cec85d7bea7798e],[System.String, System.Private.CoreLib, Version=9.0.0.0, Culture=neutral, PublicKeyToken=7cec85d7bea7798e]]'.
info: Microsoft.AspNetCore.Mvc.Infrastructure.ControllerActionInvoker[105]
      Executed action Nop.Plugin.Payments.PayPalCommerce.Controllers.PayPalCommercePublicController.CreateOrder (Nop.Plugin.Payments.PayPalCommerce) in 1632.9699ms
info: Microsoft.AspNetCore.Routing.EndpointMiddleware[1]
      Executed endpoint 'Nop.Plugin.Payments.PayPalCommerce.Controllers.PayPalCommercePublicController.CreateOrder (Nop.Plugin.Payments.PayPalCommerce)'
info: Microsoft.AspNetCore.Hosting.Diagnostics[2]
      Request finished HTTP/2 POST https://localhost:44376/PayPalCommercePublic/CreateOrder?invoiceid=0 - 200 - application/json;+charset=utf-8 1826.2865ms
info: Microsoft.AspNetCore.Hosting.Diagnostics[1]
      Request starting HTTP/2 POST https://localhost:44376/PayPalCommercePublic/ApproveOrder?invoiceid=0 - application/x-www-form-urlencoded;+charset=UTF-8 251
info: Microsoft.AspNetCore.Routing.EndpointMiddleware[0]
      Executing endpoint 'Nop.Plugin.Payments.PayPalCommerce.Controllers.PayPalCommercePublicController.ApproveOrder (Nop.Plugin.Payments.PayPalCommerce)'
info: Microsoft.AspNetCore.Mvc.Infrastructure.ControllerActionInvoker[102]
      Route matched with {action = "ApproveOrder", controller = "PayPalCommercePublic", area = ""}. Executing controller action with signature System.Threading.Tasks.Task`1[Microsoft.AspNetCore.Mvc.IActionResult] ApproveOrder(System.String, System.String, Int32) on controller Nop.Plugin.Payments.PayPalCommerce.Controllers.PayPalCommercePublicController (Nop.Plugin.Payments.PayPalCommerce).
info: System.Net.Http.HttpClient.PayPalCommerceHttpClient.LogicalHandler[100]
      Start processing HTTP request GET https://api-m.sandbox.paypal.com/v2/checkout/orders/1HN77370F6354835L?
info: System.Net.Http.HttpClient.PayPalCommerceHttpClient.ClientHandler[100]
      Sending HTTP request GET https://api-m.sandbox.paypal.com/v2/checkout/orders/1HN77370F6354835L?
info: System.Net.Http.HttpClient.PayPalCommerceHttpClient.ClientHandler[101]
      Received HTTP response headers after 555.6022ms - 200
info: System.Net.Http.HttpClient.PayPalCommerceHttpClient.LogicalHandler[101]
      End processing HTTP request after 564.1347ms - 200
info: System.Net.Http.HttpClient.PayPalCommerceHttpClient.LogicalHandler[100]
      Start processing HTTP request PATCH https://api-m.sandbox.paypal.com/v2/checkout/orders/1HN77370F6354835L?
info: System.Net.Http.HttpClient.PayPalCommerceHttpClient.ClientHandler[100]
      Sending HTTP request PATCH https://api-m.sandbox.paypal.com/v2/checkout/orders/1HN77370F6354835L?
info: System.Net.Http.HttpClient.PayPalCommerceHttpClient.ClientHandler[101]
      Received HTTP response headers after 1544.1541ms - 204
info: System.Net.Http.HttpClient.PayPalCommerceHttpClient.LogicalHandler[101]
      End processing HTTP request after 1552.2234ms - 204
info: System.Net.Http.HttpClient.PayPalCommerceHttpClient.LogicalHandler[100]
      Start processing HTTP request GET https://api-m.sandbox.paypal.com/v2/checkout/orders/1HN77370F6354835L?
info: System.Net.Http.HttpClient.PayPalCommerceHttpClient.ClientHandler[100]
      Sending HTTP request GET https://api-m.sandbox.paypal.com/v2/checkout/orders/1HN77370F6354835L?
info: System.Net.Http.HttpClient.PayPalCommerceHttpClient.ClientHandler[101]
      Received HTTP response headers after 1011.1695ms - 200
info: System.Net.Http.HttpClient.PayPalCommerceHttpClient.LogicalHandler[101]
      End processing HTTP request after 1019.7542ms - 200
info: System.Net.Http.HttpClient.PayPalCommerceHttpClient.LogicalHandler[100]
      Start processing HTTP request POST https://api-m.sandbox.paypal.com/v2/checkout/orders/1HN77370F6354835L/capture?
info: System.Net.Http.HttpClient.PayPalCommerceHttpClient.ClientHandler[100]
      Sending HTTP request POST https://api-m.sandbox.paypal.com/v2/checkout/orders/1HN77370F6354835L/capture?
info: System.Net.Http.HttpClient.PayPalCommerceHttpClient.ClientHandler[101]
      Received HTTP response headers after 1718.3962ms - 422
info: System.Net.Http.HttpClient.PayPalCommerceHttpClient.LogicalHandler[101]
      End processing HTTP request after 1722.4908ms - 422
info: Microsoft.AspNetCore.Mvc.NewtonsoftJson.NewtonsoftJsonResultExecutor[2]
      Executing JsonResult, writing value of type '<>f__AnonymousType0`1[[System.String, System.Private.CoreLib, Version=9.0.0.0, Culture=neutral, PublicKeyToken=7cec85d7bea7798e]]'.
info: Microsoft.AspNetCore.Mvc.Infrastructure.ControllerActionInvoker[105]
      Executed action Nop.Plugin.Payments.PayPalCommerce.Controllers.PayPalCommercePublicController.ApproveOrder (Nop.Plugin.Payments.PayPalCommerce) in 5244.6884ms
info: Microsoft.AspNetCore.Routing.EndpointMiddleware[1]
      Executed endpoint 'Nop.Plugin.Payments.PayPalCommerce.Controllers.PayPalCommercePublicController.ApproveOrder (Nop.Plugin.Payments.PayPalCommerce)'
info: Microsoft.AspNetCore.Hosting.Diagnostics[2]
      Request finished HTTP/2 POST https://localhost:44376/PayPalCommercePublic/ApproveOrder?invoiceid=0 - 200 - application/json;+charset=utf-8 5407.9278ms
info: Microsoft.AspNetCore.Hosting.Diagnostics[1]
      Request starting HTTP/2 GET https://localhost:44376/Plugins/MWT.Plugin.Misc.MwtStorefront/Content/images/close.png - - -
info: Microsoft.AspNetCore.StaticFiles.StaticFileMiddleware[2]
      Sending file. Request path: '/MWT.Plugin.Misc.MwtStorefront/Content/images/close.png'. Physical path: 'D:\Mind web Tree\Slc4.9\Source Code\Presentation\Nop.Web\Plugins\MWT.Plugin.Misc.MwtStorefront\Content\images\close.png'
info: Microsoft.AspNetCore.Hosting.Diagnostics[2]
      Request finished HTTP/2 GET https://localhost:44376/Plugins/MWT.Plugin.Misc.MwtStorefront/Content/images/close.png - 200 989 image/png 48.7433ms
info: Microsoft.AspNetCore.Hosting.Diagnostics[1]
      Request starting HTTP/2 GET https://localhost:44376/onepagecheckout - - -
info: Microsoft.AspNetCore.Routing.EndpointMiddleware[0]
      Executing endpoint 'MWT.Plugin.Misc.MwtStorefront.Controllers.CheckoutExtendedController.CustomOnePageCheckout (MWT.Plugin.Misc.MwtStorefront)'
info: Microsoft.AspNetCore.Mvc.Infrastructure.ControllerActionInvoker[102]
      Route matched with {action = "CustomOnePageCheckout", controller = "CheckoutExtended", area = ""}. Executing controller action with signature System.Threading.Tasks.Task`1[Microsoft.AspNetCore.Mvc.IActionResult] CustomOnePageCheckout() on controller MWT.Plugin.Misc.MwtStorefront.Controllers.CheckoutExtendedController (MWT.Plugin.Misc.MwtStorefront).
info: Microsoft.AspNetCore.Mvc.ViewFeatures.ViewResultExecutor[1]
      Executing ViewResult, running view onePageCheckout.
info: System.Net.Http.HttpClient.default.LogicalHandler[100]
      Start processing HTTP request POST https://apitest.authorize.net/xml/v1/request.api
info: System.Net.Http.HttpClient.default.ClientHandler[100]
      Sending HTTP request POST https://apitest.authorize.net/xml/v1/request.api
info: System.Net.Http.HttpClient.default.ClientHandler[101]
      Received HTTP response headers after 359.7199ms - 200
info: System.Net.Http.HttpClient.default.LogicalHandler[101]
      End processing HTTP request after 365.2008ms - 200
info: Microsoft.AspNetCore.Mvc.ViewFeatures.ViewResultExecutor[4]
      Executed ViewResult - view onePageCheckout executed in 765.9783ms.
info: Microsoft.AspNetCore.Mvc.Infrastructure.ControllerActionInvoker[105]
      Executed action MWT.Plugin.Misc.MwtStorefront.Controllers.CheckoutExtendedController.CustomOnePageCheckout (MWT.Plugin.Misc.MwtStorefront) in 1000.0962ms
info: Microsoft.AspNetCore.Routing.EndpointMiddleware[1]
      Executed endpoint 'MWT.Plugin.Misc.MwtStorefront.Controllers.CheckoutExtendedController.CustomOnePageCheckout (MWT.Plugin.Misc.MwtStorefront)'
info: Microsoft.AspNetCore.Hosting.Diagnostics[2]
      Request finished HTTP/2 GET https://localhost:44376/onepagecheckout - 200 - text/html;+charset=utf-8 1259.5953ms
info: Microsoft.AspNetCore.Hosting.Diagnostics[1]
      Request starting HTTP/2 GET https://localhost:44376/.well-known/appspecific/com.chrome.devtools.json - - -
info: Microsoft.AspNetCore.Hosting.Diagnostics[1]
      Request starting HTTP/2 GET https://localhost:44376/_framework/aspnetcore-browser-refresh.js - - -
info: Microsoft.AspNetCore.Hosting.Diagnostics[1]
      Request starting HTTP/2 GET https://localhost:44376/Plugins/Payments.PayPalCommerce/logo.svg - - -
info: Microsoft.AspNetCore.Hosting.Diagnostics[1]
      Request starting HTTP/2 GET https://localhost:44376/images/phone.png - - -
info: Microsoft.AspNetCore.Hosting.Diagnostics[1]
      Request starting HTTP/2 GET https://localhost:44376/_vs/browserLink - - -
info: Microsoft.AspNetCore.Hosting.Diagnostics[2]
      Request finished HTTP/2 GET https://localhost:44376/_framework/aspnetcore-browser-refresh.js - 200 16499 application/javascript;+charset=utf-8 107.3791ms
info: Microsoft.AspNetCore.Hosting.Diagnostics[1]
      Request starting HTTP/2 GET https://localhost:44376/Themes/BlackWhiteTheme/Content/images/top.png - - -
info: Microsoft.AspNetCore.Hosting.Diagnostics[1]
      Request starting HTTP/2 GET https://localhost:44376/Plugins/MWT.Plugin.Misc.MwtStorefront/Content/js/bootstrap.bundle.min.js.map - - -
info: Microsoft.AspNetCore.Hosting.Diagnostics[1]
      Request starting HTTP/2 GET https://localhost:44376/Plugins/MWT.Plugin.Misc.MwtStorefront/Content/css/bootstrap.min.css.map - - -
info: Microsoft.AspNetCore.Hosting.Diagnostics[1]
      Request starting HTTP/2 POST https://localhost:44376/CampaignManagement/showPopup - application/x-www-form-urlencoded;+charset=UTF-8 92
info: Microsoft.AspNetCore.Routing.EndpointMiddleware[0]
      Executing endpoint 'MWT.Plugin.Misc.MwtStorefront.Controllers.CampaignManagementController.ShowPopup (MWT.Plugin.Misc.MwtStorefront)'
info: Microsoft.AspNetCore.Routing.EndpointMiddleware[0]
      Executing endpoint 'Nop.Web.Controllers.CommonController.GenericUrl (Nop.Web)'
info: Microsoft.AspNetCore.Hosting.Diagnostics[2]
      Request finished HTTP/2 GET https://localhost:44376/_vs/browserLink - 200 - text/javascript;+charset=UTF-8 1560.4164ms
info: Microsoft.AspNetCore.Mvc.Infrastructure.ControllerActionInvoker[102]
      Route matched with {action = "GenericUrl", controller = "Common", area = ""}. Executing controller action with signature Microsoft.AspNetCore.Mvc.IActionResult GenericUrl() on controller Nop.Web.Controllers.CommonController (Nop.Web).
info: Microsoft.AspNetCore.Hosting.Diagnostics[2]
      Request finished HTTP/2 GET https://localhost:44376/.well-known/appspecific/com.chrome.devtools.json - 404 - - 1792.3671ms
info: Microsoft.AspNetCore.Hosting.Diagnostics[16]
      Request reached the end of the middleware pipeline without being handled by application code. Request path: GET https://localhost:44376/.well-known/appspecific/com.chrome.devtools.json, Response status code: 404
info: Microsoft.AspNetCore.Hosting.Diagnostics[1]
      Request starting HTTP/2 GET https://localhost:44376/.well-known/appspecific/com.chrome.devtools.json - - -
info: Microsoft.AspNetCore.Hosting.Diagnostics[2]
      Request finished HTTP/2 GET https://localhost:44376/Themes/BlackWhiteTheme/Content/images/top.png - 404 - - 1755.5195ms
info: Microsoft.AspNetCore.Mvc.Infrastructure.ControllerActionInvoker[102]
      Route matched with {action = "ShowPopup", controller = "CampaignManagement", area = ""}. Executing controller action with signature System.Threading.Tasks.Task`1[Microsoft.AspNetCore.Mvc.IActionResult] ShowPopup(System.String, System.String, Boolean) on controller MWT.Plugin.Misc.MwtStorefront.Controllers.CampaignManagementController (MWT.Plugin.Misc.MwtStorefront).
info: Microsoft.AspNetCore.Hosting.Diagnostics[16]
      Request reached the end of the middleware pipeline without being handled by application code. Request path: GET https://localhost:44376/Themes/BlackWhiteTheme/Content/images/top.png, Response status code: 404
info: Microsoft.AspNetCore.Hosting.Diagnostics[2]
      Request finished HTTP/2 GET https://localhost:44376/Plugins/MWT.Plugin.Misc.MwtStorefront/Content/js/bootstrap.bundle.min.js.map - 404 - - 1805.7211ms
info: Microsoft.AspNetCore.Hosting.Diagnostics[16]
      Request reached the end of the middleware pipeline without being handled by application code. Request path: GET https://localhost:44376/Plugins/MWT.Plugin.Misc.MwtStorefront/Content/js/bootstrap.bundle.min.js.map, Response status code: 404
info: Microsoft.AspNetCore.Mvc.Infrastructure.ControllerActionInvoker[105]
      Executed action Nop.Web.Controllers.CommonController.GenericUrl (Nop.Web) in 311.4532ms
info: Microsoft.AspNetCore.Routing.EndpointMiddleware[1]
      Executed endpoint 'Nop.Web.Controllers.CommonController.GenericUrl (Nop.Web)'
info: Microsoft.AspNetCore.Hosting.Diagnostics[2]
      Request finished HTTP/2 GET https://localhost:44376/images/phone.png - 404 - - 2166.4570ms
info: Microsoft.AspNetCore.Hosting.Diagnostics[2]
      Request finished HTTP/2 GET https://localhost:44376/Plugins/Payments.PayPalCommerce/logo.svg - 404 - - 2172.3136ms
info: Microsoft.AspNetCore.Hosting.Diagnostics[16]
      Request reached the end of the middleware pipeline without being handled by application code. Request path: GET https://localhost:44376/Plugins/Payments.PayPalCommerce/logo.svg, Response status code: 404
info: Microsoft.AspNetCore.Hosting.Diagnostics[2]
      Request finished HTTP/2 GET https://localhost:44376/Plugins/MWT.Plugin.Misc.MwtStorefront/Content/css/bootstrap.min.css.map - 404 - - 1718.8785ms
info: Microsoft.AspNetCore.Hosting.Diagnostics[16]
      Request reached the end of the middleware pipeline without being handled by application code. Request path: GET https://localhost:44376/Plugins/MWT.Plugin.Misc.MwtStorefront/Content/css/bootstrap.min.css.map, Response status code: 404
info: Microsoft.AspNetCore.Hosting.Diagnostics[2]
      Request finished HTTP/2 GET https://localhost:44376/.well-known/appspecific/com.chrome.devtools.json - 404 - - 457.0738ms
info: Microsoft.AspNetCore.Mvc.NewtonsoftJson.NewtonsoftJsonResultExecutor[2]
      Executing JsonResult, writing value of type 'MWT.Plugin.Misc.MwtStorefront.Models.Catalog.Campaign_Management.CampaignPopupResultModel'.
info: Microsoft.AspNetCore.Hosting.Diagnostics[16]
      Request reached the end of the middleware pipeline without being handled by application code. Request path: GET https://localhost:44376/.well-known/appspecific/com.chrome.devtools.json, Response status code: 404
info: Microsoft.AspNetCore.Mvc.Infrastructure.ControllerActionInvoker[105]
      Executed action MWT.Plugin.Misc.MwtStorefront.Controllers.CampaignManagementController.ShowPopup (MWT.Plugin.Misc.MwtStorefront) in 289.8084ms
info: Microsoft.AspNetCore.Routing.EndpointMiddleware[1]
      Executed endpoint 'MWT.Plugin.Misc.MwtStorefront.Controllers.CampaignManagementController.ShowPopup (MWT.Plugin.Misc.MwtStorefront)'
info: Microsoft.AspNetCore.Hosting.Diagnostics[2]
      Request finished HTTP/2 POST https://localhost:44376/CampaignManagement/showPopup - 200 - application/json;+charset=utf-8 1310.5944ms
info: Microsoft.AspNetCore.Hosting.Diagnostics[1]
      Request starting HTTP/2 GET https://localhost:44376/cart - - -
info: Microsoft.AspNetCore.Routing.EndpointMiddleware[0]
      Executing endpoint 'Nop.Web.Controllers.ShoppingCartController.Cart (Nop.Web)'
info: Microsoft.AspNetCore.Mvc.Infrastructure.ControllerActionInvoker[102]
      Route matched with {action = "Cart", controller = "ShoppingCart", area = ""}. Executing controller action with signature System.Threading.Tasks.Task`1[Microsoft.AspNetCore.Mvc.IActionResult] Cart() on controller Nop.Web.Controllers.ShoppingCartController (Nop.Web).
info: Microsoft.AspNetCore.Mvc.ViewFeatures.ViewResultExecutor[1]
      Executing ViewResult, running view Cart.
info: Microsoft.AspNetCore.Mvc.ViewFeatures.ViewResultExecutor[4]
      Executed ViewResult - view Cart executed in 166.0189ms.
info: Microsoft.AspNetCore.Mvc.Infrastructure.ControllerActionInvoker[105]
      Executed action Nop.Web.Controllers.ShoppingCartController.Cart (Nop.Web) in 315.4712ms
info: Microsoft.AspNetCore.Routing.EndpointMiddleware[1]
      Executed endpoint 'Nop.Web.Controllers.ShoppingCartController.Cart (Nop.Web)'
info: Microsoft.AspNetCore.Hosting.Diagnostics[2]
      Request finished HTTP/2 GET https://localhost:44376/cart - 200 - text/html;+charset=utf-8 528.0774ms
info: Microsoft.AspNetCore.Hosting.Diagnostics[1]
      Request starting HTTP/2 GET https://localhost:44376/.well-known/appspecific/com.chrome.devtools.json - - -
info: Microsoft.AspNetCore.Hosting.Diagnostics[1]
      Request starting HTTP/2 GET https://localhost:44376/images/pixel.png - - -
info: Microsoft.AspNetCore.Hosting.Diagnostics[1]
      Request starting HTTP/2 GET https://localhost:44376/Plugins/MWT.Plugin.Misc.MwtStorefront/Content/js/cart.js?639255997067737915 - - -
info: Microsoft.AspNetCore.Hosting.Diagnostics[1]
      Request starting HTTP/2 GET https://localhost:44376/Themes/BlackWhiteTheme/Content/images/top.png - - -
info: Microsoft.AspNetCore.Hosting.Diagnostics[1]
      Request starting HTTP/2 GET https://localhost:44376/_vs/browserLink - - -
info: Microsoft.AspNetCore.Hosting.Diagnostics[1]
      Request starting HTTP/2 GET https://localhost:44376/images/icons/hand-holding-dollar-solid.svg - - -
info: Microsoft.AspNetCore.Hosting.Diagnostics[1]
      Request starting HTTP/2 GET https://localhost:44376/_framework/aspnetcore-browser-refresh.js - - -
info: Microsoft.AspNetCore.Hosting.Diagnostics[1]
      Request starting HTTP/2 GET https://localhost:44376/Plugins/MWT.Plugin.Misc.MwtStorefront/Content/css/bootstrap.min.css.map - - -
info: Microsoft.AspNetCore.StaticFiles.StaticFileMiddleware[2]
      Sending file. Request path: '/MWT.Plugin.Misc.MwtStorefront/Content/js/cart.js'. Physical path: 'D:\Mind web Tree\Slc4.9\Source Code\Presentation\Nop.Web\Plugins\MWT.Plugin.Misc.MwtStorefront\Content\js\cart.js'
info: Microsoft.AspNetCore.Hosting.Diagnostics[1]
      Request starting HTTP/2 GET https://localhost:44376/Plugins/MWT.Plugin.Misc.MwtStorefront/Content/js/bootstrap.bundle.min.js.map - - -
info: Microsoft.AspNetCore.Hosting.Diagnostics[1]
      Request starting HTTP/2 GET https://localhost:44376/images/phone.png - - -
info: Microsoft.AspNetCore.Hosting.Diagnostics[2]
      Request finished HTTP/2 GET https://localhost:44376/_framework/aspnetcore-browser-refresh.js - 200 16499 application/javascript;+charset=utf-8 50.6564ms
info: Microsoft.AspNetCore.Hosting.Diagnostics[2]
      Request finished HTTP/2 GET https://localhost:44376/Plugins/MWT.Plugin.Misc.MwtStorefront/Content/js/cart.js?639255997067737915 - 200 4291 text/javascript 150.1559ms
info: Microsoft.AspNetCore.Hosting.Diagnostics[1]
      Request starting HTTP/2 POST https://localhost:44376/shoppingcart/Customcheckoutattributechange?isEditable=True - application/x-www-form-urlencoded;+charset=UTF-8 317
info: Microsoft.AspNetCore.Hosting.Diagnostics[2]
      Request finished HTTP/2 GET https://localhost:44376/_vs/browserLink - 200 - text/javascript;+charset=UTF-8 462.3269ms
info: Microsoft.AspNetCore.Hosting.Diagnostics[1]
      Request starting HTTP/2 POST https://localhost:44376/CampaignManagement/showPopup - application/x-www-form-urlencoded;+charset=UTF-8 60
info: Microsoft.AspNetCore.Routing.EndpointMiddleware[0]
      Executing endpoint 'MWT.Plugin.Misc.MwtStorefront.Controllers.ShoppingCartController.CustomCheckoutAttributeChange (MWT.Plugin.Misc.MwtStorefront)'
info: Microsoft.AspNetCore.Routing.EndpointMiddleware[0]
      Executing endpoint 'MWT.Plugin.Misc.MwtStorefront.Controllers.CampaignManagementController.ShowPopup (MWT.Plugin.Misc.MwtStorefront)'
info: Microsoft.AspNetCore.Hosting.Diagnostics[2]
      Request finished HTTP/2 GET https://localhost:44376/Plugins/MWT.Plugin.Misc.MwtStorefront/Content/css/bootstrap.min.css.map - 404 - - 1244.6810ms
info: Microsoft.AspNetCore.Hosting.Diagnostics[16]
      Request reached the end of the middleware pipeline without being handled by application code. Request path: GET https://localhost:44376/Plugins/MWT.Plugin.Misc.MwtStorefront/Content/css/bootstrap.min.css.map, Response status code: 404
info: Microsoft.AspNetCore.Hosting.Diagnostics[2]
      Request finished HTTP/2 GET https://localhost:44376/.well-known/appspecific/com.chrome.devtools.json - 404 - - 1411.7005ms
info: Microsoft.AspNetCore.Hosting.Diagnostics[16]
      Request reached the end of the middleware pipeline without being handled by application code. Request path: GET https://localhost:44376/.well-known/appspecific/com.chrome.devtools.json, Response status code: 404
info: Microsoft.AspNetCore.Mvc.Infrastructure.ControllerActionInvoker[102]
      Route matched with {action = "CustomCheckoutAttributeChange", controller = "ShoppingCart", area = ""}. Executing controller action with signature System.Threading.Tasks.Task`1[Microsoft.AspNetCore.Mvc.IActionResult] CustomCheckoutAttributeChange(Microsoft.AspNetCore.Http.IFormCollection, Boolean) on controller MWT.Plugin.Misc.MwtStorefront.Controllers.ShoppingCartController (MWT.Plugin.Misc.MwtStorefront).
info: Microsoft.AspNetCore.Mvc.Infrastructure.ControllerActionInvoker[102]
      Route matched with {action = "ShowPopup", controller = "CampaignManagement", area = ""}. Executing controller action with signature System.Threading.Tasks.Task`1[Microsoft.AspNetCore.Mvc.IActionResult] ShowPopup(System.String, System.String, Boolean) on controller MWT.Plugin.Misc.MwtStorefront.Controllers.CampaignManagementController (MWT.Plugin.Misc.MwtStorefront).
info: Microsoft.AspNetCore.Hosting.Diagnostics[2]
      Request finished HTTP/2 GET https://localhost:44376/Plugins/MWT.Plugin.Misc.MwtStorefront/Content/js/bootstrap.bundle.min.js.map - 404 - - 1689.1671ms
info: Microsoft.AspNetCore.Hosting.Diagnostics[16]
      Request reached the end of the middleware pipeline without being handled by application code. Request path: GET https://localhost:44376/Plugins/MWT.Plugin.Misc.MwtStorefront/Content/js/bootstrap.bundle.min.js.map, Response status code: 404
info: Microsoft.AspNetCore.Routing.EndpointMiddleware[0]
      Executing endpoint 'Nop.Web.Controllers.CommonController.GenericUrl (Nop.Web)'
info: Microsoft.AspNetCore.Mvc.Infrastructure.ControllerActionInvoker[102]
      Route matched with {action = "GenericUrl", controller = "Common", area = ""}. Executing controller action with signature Microsoft.AspNetCore.Mvc.IActionResult GenericUrl() on controller Nop.Web.Controllers.CommonController (Nop.Web).
info: Microsoft.AspNetCore.Hosting.Diagnostics[2]
      Request finished HTTP/2 GET https://localhost:44376/images/icons/hand-holding-dollar-solid.svg - 404 - - 1890.8672ms
info: Microsoft.AspNetCore.Hosting.Diagnostics[16]
      Request reached the end of the middleware pipeline without being handled by application code. Request path: GET https://localhost:44376/images/icons/hand-holding-dollar-solid.svg, Response status code: 404
info: Microsoft.AspNetCore.Routing.EndpointMiddleware[0]
      Executing endpoint 'Nop.Web.Controllers.CommonController.GenericUrl (Nop.Web)'
info: Microsoft.AspNetCore.Hosting.Diagnostics[2]
      Request finished HTTP/2 GET https://localhost:44376/Themes/BlackWhiteTheme/Content/images/top.png - 404 - - 1962.1161ms
info: Microsoft.AspNetCore.Mvc.NewtonsoftJson.NewtonsoftJsonResultExecutor[2]
      Executing JsonResult, writing value of type 'MWT.Plugin.Misc.MwtStorefront.Models.Catalog.Campaign_Management.CampaignPopupResultModel'.
info: Microsoft.AspNetCore.Hosting.Diagnostics[16]
      Request reached the end of the middleware pipeline without being handled by application code. Request path: GET https://localhost:44376/Themes/BlackWhiteTheme/Content/images/top.png, Response status code: 404
info: Microsoft.AspNetCore.Mvc.Infrastructure.ControllerActionInvoker[105]
      Executed action MWT.Plugin.Misc.MwtStorefront.Controllers.CampaignManagementController.ShowPopup (MWT.Plugin.Misc.MwtStorefront) in 306.5872ms
info: Microsoft.AspNetCore.Routing.EndpointMiddleware[1]
      Executed endpoint 'MWT.Plugin.Misc.MwtStorefront.Controllers.CampaignManagementController.ShowPopup (MWT.Plugin.Misc.MwtStorefront)'
info: Microsoft.AspNetCore.Hosting.Diagnostics[2]
      Request finished HTTP/2 POST https://localhost:44376/CampaignManagement/showPopup - 200 - application/json;+charset=utf-8 1667.7331ms
info: Microsoft.AspNetCore.Mvc.Infrastructure.ControllerActionInvoker[102]
      Route matched with {action = "GenericUrl", controller = "Common", area = ""}. Executing controller action with signature Microsoft.AspNetCore.Mvc.IActionResult GenericUrl() on controller Nop.Web.Controllers.CommonController (Nop.Web).
info: Microsoft.AspNetCore.Mvc.Infrastructure.ControllerActionInvoker[105]
      Executed action Nop.Web.Controllers.CommonController.GenericUrl (Nop.Web) in 286.7356ms
info: Microsoft.AspNetCore.Routing.EndpointMiddleware[1]
      Executed endpoint 'Nop.Web.Controllers.CommonController.GenericUrl (Nop.Web)'
info: Microsoft.AspNetCore.Hosting.Diagnostics[2]
      Request finished HTTP/2 GET https://localhost:44376/images/phone.png - 404 - - 2176.4521ms
info: Microsoft.AspNetCore.Mvc.Infrastructure.ControllerActionInvoker[105]
      Executed action Nop.Web.Controllers.CommonController.GenericUrl (Nop.Web) in 9.5715ms
info: Microsoft.AspNetCore.Routing.EndpointMiddleware[1]
      Executed endpoint 'Nop.Web.Controllers.CommonController.GenericUrl (Nop.Web)'
info: Microsoft.AspNetCore.Hosting.Diagnostics[2]
      Request finished HTTP/2 GET https://localhost:44376/images/pixel.png - 404 - - 2293.3905ms
info: Microsoft.AspNetCore.Hosting.Diagnostics[1]
      Request starting HTTP/2 POST https://localhost:44376/cart - application/x-www-form-urlencoded;+charset=UTF-8 351
info: Microsoft.AspNetCore.Mvc.NewtonsoftJson.NewtonsoftJsonResultExecutor[2]
      Executing JsonResult, writing value of type '<>f__AnonymousType59`4[[System.String, System.Private.CoreLib, Version=9.0.0.0, Culture=neutral, PublicKeyToken=7cec85d7bea7798e],[System.String, System.Private.CoreLib, Version=9.0.0.0, Culture=neutral, PublicKeyToken=7cec85d7bea7798e],[System.Int32[], System.Private.CoreLib, Version=9.0.0.0, Culture=neutral, PublicKeyToken=7cec85d7bea7798e],[System.Int32[], System.Private.CoreLib, Version=9.0.0.0, Culture=neutral, PublicKeyToken=7cec85d7bea7798e]]'.
info: Microsoft.AspNetCore.Routing.EndpointMiddleware[0]
      Executing endpoint 'MWT.Plugin.Misc.MwtStorefront.Controllers.ShoppingCartController.customupdatecart (MWT.Plugin.Misc.MwtStorefront)'
info: Microsoft.AspNetCore.Mvc.Infrastructure.ControllerActionInvoker[105]
      Executed action MWT.Plugin.Misc.MwtStorefront.Controllers.ShoppingCartController.CustomCheckoutAttributeChange (MWT.Plugin.Misc.MwtStorefront) in 840.2733ms
info: Microsoft.AspNetCore.Routing.EndpointMiddleware[1]
      Executed endpoint 'MWT.Plugin.Misc.MwtStorefront.Controllers.ShoppingCartController.CustomCheckoutAttributeChange (MWT.Plugin.Misc.MwtStorefront)'
info: Microsoft.AspNetCore.Hosting.Diagnostics[2]
      Request finished HTTP/2 POST https://localhost:44376/shoppingcart/Customcheckoutattributechange?isEditable=True - 200 - application/json;+charset=utf-8 2218.7944ms
info: Microsoft.AspNetCore.Mvc.Infrastructure.ControllerActionInvoker[102]
      Route matched with {action = "Cart", controller = "ShoppingCart", area = ""}. Executing controller action with signature System.Threading.Tasks.Task`1[Microsoft.AspNetCore.Mvc.IActionResult] customupdatecart(Microsoft.AspNetCore.Http.IFormCollection, Boolean) on controller MWT.Plugin.Misc.MwtStorefront.Controllers.ShoppingCartController (MWT.Plugin.Misc.MwtStorefront).
info: Microsoft.AspNetCore.Mvc.Infrastructure.ContentResultExecutor[1]
      Executing ContentResult with HTTP Response ContentType of text/plain; charset=utf-8
info: Microsoft.AspNetCore.Mvc.Infrastructure.ControllerActionInvoker[105]
      Executed action MWT.Plugin.Misc.MwtStorefront.Controllers.ShoppingCartController.customupdatecart (MWT.Plugin.Misc.MwtStorefront) in 363.98ms
info: Microsoft.AspNetCore.Routing.EndpointMiddleware[1]
      Executed endpoint 'MWT.Plugin.Misc.MwtStorefront.Controllers.ShoppingCartController.customupdatecart (MWT.Plugin.Misc.MwtStorefront)'
info: Microsoft.AspNetCore.Hosting.Diagnostics[2]
      Request finished HTTP/2 POST https://localhost:44376/cart - 200 34190 text/plain;+charset=utf-8 691.9011ms
info: Microsoft.AspNetCore.Hosting.Diagnostics[1]
      Request starting HTTP/2 POST https://localhost:44376/shoppingcart/Customcheckoutattributechange?isEditable=True - application/x-www-form-urlencoded;+charset=UTF-8 317
info: Microsoft.AspNetCore.Routing.EndpointMiddleware[0]
      Executing endpoint 'MWT.Plugin.Misc.MwtStorefront.Controllers.ShoppingCartController.CustomCheckoutAttributeChange (MWT.Plugin.Misc.MwtStorefront)'
info: Microsoft.AspNetCore.Mvc.Infrastructure.ControllerActionInvoker[102]
      Route matched with {action = "CustomCheckoutAttributeChange", controller = "ShoppingCart", area = ""}. Executing controller action with signature System.Threading.Tasks.Task`1[Microsoft.AspNetCore.Mvc.IActionResult] CustomCheckoutAttributeChange(Microsoft.AspNetCore.Http.IFormCollection, Boolean) on controller MWT.Plugin.Misc.MwtStorefront.Controllers.ShoppingCartController (MWT.Plugin.Misc.MwtStorefront).
info: Microsoft.AspNetCore.Mvc.NewtonsoftJson.NewtonsoftJsonResultExecutor[2]
      Executing JsonResult, writing value of type '<>f__AnonymousType59`4[[System.String, System.Private.CoreLib, Version=9.0.0.0, Culture=neutral, PublicKeyToken=7cec85d7bea7798e],[System.String, System.Private.CoreLib, Version=9.0.0.0, Culture=neutral, PublicKeyToken=7cec85d7bea7798e],[System.Int32[], System.Private.CoreLib, Version=9.0.0.0, Culture=neutral, PublicKeyToken=7cec85d7bea7798e],[System.Int32[], System.Private.CoreLib, Version=9.0.0.0, Culture=neutral, PublicKeyToken=7cec85d7bea7798e]]'.
info: Microsoft.AspNetCore.Mvc.Infrastructure.ControllerActionInvoker[105]
      Executed action MWT.Plugin.Misc.MwtStorefront.Controllers.ShoppingCartController.CustomCheckoutAttributeChange (MWT.Plugin.Misc.MwtStorefront) in 147.0488ms
info: Microsoft.AspNetCore.Routing.EndpointMiddleware[1]
      Executed endpoint 'MWT.Plugin.Misc.MwtStorefront.Controllers.ShoppingCartController.CustomCheckoutAttributeChange (MWT.Plugin.Misc.MwtStorefront)'
info: Microsoft.AspNetCore.Hosting.Diagnostics[2]
      Request finished HTTP/2 POST https://localhost:44376/shoppingcart/Customcheckoutattributechange?isEditable=True - 200 - application/json;+charset=utf-8 360.9688ms
info: Microsoft.AspNetCore.Hosting.Diagnostics[1]
      Request starting HTTP/2 POST https://localhost:44376/cart - multipart/form-data;+boundary=----WebKitFormBoundaryZmQqbpBhGfxnqCal 902
info: Microsoft.AspNetCore.Routing.EndpointMiddleware[0]
      Executing endpoint 'MWT.Plugin.Misc.MwtStorefront.Controllers.ShoppingCartController.CustomStartCheckout (MWT.Plugin.Misc.MwtStorefront)'
info: Microsoft.AspNetCore.Mvc.Infrastructure.ControllerActionInvoker[102]
      Route matched with {action = "Cart", controller = "ShoppingCart", area = ""}. Executing controller action with signature System.Threading.Tasks.Task`1[Microsoft.AspNetCore.Mvc.IActionResult] CustomStartCheckout(Microsoft.AspNetCore.Http.IFormCollection) on controller MWT.Plugin.Misc.MwtStorefront.Controllers.ShoppingCartController (MWT.Plugin.Misc.MwtStorefront).
info: Microsoft.AspNetCore.Mvc.Infrastructure.RedirectResultExecutor[1]
      Executing RedirectResult, redirecting to /onepagecheckout.
info: Microsoft.AspNetCore.Mvc.Infrastructure.ControllerActionInvoker[105]
      Executed action MWT.Plugin.Misc.MwtStorefront.Controllers.ShoppingCartController.CustomStartCheckout (MWT.Plugin.Misc.MwtStorefront) in 18.6571ms
info: Microsoft.AspNetCore.Routing.EndpointMiddleware[1]
      Executed endpoint 'MWT.Plugin.Misc.MwtStorefront.Controllers.ShoppingCartController.CustomStartCheckout (MWT.Plugin.Misc.MwtStorefront)'
info: Microsoft.AspNetCore.Hosting.Diagnostics[2]
      Request finished HTTP/2 POST https://localhost:44376/cart - 302 - - 233.5355ms
info: Microsoft.AspNetCore.Hosting.Diagnostics[1]
      Request starting HTTP/2 GET https://localhost:44376/onepagecheckout - - -
info: Microsoft.AspNetCore.Routing.EndpointMiddleware[0]
      Executing endpoint 'MWT.Plugin.Misc.MwtStorefront.Controllers.CheckoutExtendedController.CustomOnePageCheckout (MWT.Plugin.Misc.MwtStorefront)'
info: Microsoft.AspNetCore.Mvc.Infrastructure.ControllerActionInvoker[102]
      Route matched with {action = "CustomOnePageCheckout", controller = "CheckoutExtended", area = ""}. Executing controller action with signature System.Threading.Tasks.Task`1[Microsoft.AspNetCore.Mvc.IActionResult] CustomOnePageCheckout() on controller MWT.Plugin.Misc.MwtStorefront.Controllers.CheckoutExtendedController (MWT.Plugin.Misc.MwtStorefront).
info: Microsoft.AspNetCore.Mvc.ViewFeatures.ViewResultExecutor[1]
      Executing ViewResult, running view onePageCheckout.
info: Microsoft.AspNetCore.Mvc.ViewFeatures.ViewResultExecutor[4]
      Executed ViewResult - view onePageCheckout executed in 123.8436ms.
info: Microsoft.AspNetCore.Mvc.Infrastructure.ControllerActionInvoker[105]
      Executed action MWT.Plugin.Misc.MwtStorefront.Controllers.CheckoutExtendedController.CustomOnePageCheckout (MWT.Plugin.Misc.MwtStorefront) in 255.1798ms
info: Microsoft.AspNetCore.Routing.EndpointMiddleware[1]
      Executed endpoint 'MWT.Plugin.Misc.MwtStorefront.Controllers.CheckoutExtendedController.CustomOnePageCheckout (MWT.Plugin.Misc.MwtStorefront)'
info: Microsoft.AspNetCore.Hosting.Diagnostics[2]
      Request finished HTTP/2 GET https://localhost:44376/onepagecheckout - 200 - text/html;+charset=utf-8 462.8289ms
info: Microsoft.AspNetCore.Hosting.Diagnostics[1]
      Request starting HTTP/2 GET https://localhost:44376/_framework/aspnetcore-browser-refresh.js - - -
info: Microsoft.AspNetCore.Hosting.Diagnostics[1]
      Request starting HTTP/2 GET https://localhost:44376/_vs/browserLink - - -
info: Microsoft.AspNetCore.Hosting.Diagnostics[1]
      Request starting HTTP/2 GET https://localhost:44376/images/phone.png - - -
info: Microsoft.AspNetCore.Hosting.Diagnostics[1]
      Request starting HTTP/2 GET https://localhost:44376/Themes/BlackWhiteTheme/Content/images/top.png - - -
info: Microsoft.AspNetCore.Hosting.Diagnostics[2]
      Request finished HTTP/2 GET https://localhost:44376/_framework/aspnetcore-browser-refresh.js - 200 16499 application/javascript;+charset=utf-8 6.7820ms
info: Microsoft.AspNetCore.Hosting.Diagnostics[1]
      Request starting HTTP/2 GET https://localhost:44376/Plugins/MWT.Plugin.Misc.MwtStorefront/Content/css/bootstrap.min.css.map - - -
info: Microsoft.AspNetCore.Hosting.Diagnostics[1]
      Request starting HTTP/2 GET https://localhost:44376/.well-known/appspecific/com.chrome.devtools.json - - -
info: Microsoft.AspNetCore.Hosting.Diagnostics[2]
      Request finished HTTP/2 GET https://localhost:44376/_vs/browserLink - 200 - text/javascript;+charset=UTF-8 145.8828ms
info: Microsoft.AspNetCore.Hosting.Diagnostics[1]
      Request starting HTTP/2 GET https://localhost:44376/Plugins/MWT.Plugin.Misc.MwtStorefront/Content/js/bootstrap.bundle.min.js.map - - -
info: Microsoft.AspNetCore.Hosting.Diagnostics[1]
      Request starting HTTP/2 POST https://localhost:44376/CampaignManagement/showPopup - application/x-www-form-urlencoded;+charset=UTF-8 93
info: Microsoft.AspNetCore.Routing.EndpointMiddleware[0]
      Executing endpoint 'MWT.Plugin.Misc.MwtStorefront.Controllers.CampaignManagementController.ShowPopup (MWT.Plugin.Misc.MwtStorefront)'
info: Microsoft.AspNetCore.Mvc.Infrastructure.ControllerActionInvoker[102]
      Route matched with {action = "ShowPopup", controller = "CampaignManagement", area = ""}. Executing controller action with signature System.Threading.Tasks.Task`1[Microsoft.AspNetCore.Mvc.IActionResult] ShowPopup(System.String, System.String, Boolean) on controller MWT.Plugin.Misc.MwtStorefront.Controllers.CampaignManagementController (MWT.Plugin.Misc.MwtStorefront).
info: Microsoft.AspNetCore.Hosting.Diagnostics[2]
      Request finished HTTP/2 GET https://localhost:44376/Themes/BlackWhiteTheme/Content/images/top.png - 404 - - 1139.7389ms
info: Microsoft.AspNetCore.Hosting.Diagnostics[2]
      Request finished HTTP/2 GET https://localhost:44376/Plugins/MWT.Plugin.Misc.MwtStorefront/Content/css/bootstrap.min.css.map - 404 - - 1039.7515ms
info: Microsoft.AspNetCore.Hosting.Diagnostics[16]
      Request reached the end of the middleware pipeline without being handled by application code. Request path: GET https://localhost:44376/Themes/BlackWhiteTheme/Content/images/top.png, Response status code: 404
info: Microsoft.AspNetCore.Hosting.Diagnostics[16]
      Request reached the end of the middleware pipeline without being handled by application code. Request path: GET https://localhost:44376/Plugins/MWT.Plugin.Misc.MwtStorefront/Content/css/bootstrap.min.css.map, Response status code: 404
info: Microsoft.AspNetCore.Routing.EndpointMiddleware[0]
      Executing endpoint 'Nop.Web.Controllers.CommonController.GenericUrl (Nop.Web)'
info: Microsoft.AspNetCore.Hosting.Diagnostics[2]
      Request finished HTTP/2 GET https://localhost:44376/Plugins/MWT.Plugin.Misc.MwtStorefront/Content/js/bootstrap.bundle.min.js.map - 404 - - 998.8012ms
info: Microsoft.AspNetCore.Hosting.Diagnostics[16]
      Request reached the end of the middleware pipeline without being handled by application code. Request path: GET https://localhost:44376/Plugins/MWT.Plugin.Misc.MwtStorefront/Content/js/bootstrap.bundle.min.js.map, Response status code: 404
info: Microsoft.AspNetCore.Hosting.Diagnostics[1]
      Request starting HTTP/2 GET https://localhost:44376/.well-known/appspecific/com.chrome.devtools.json - - -
info: Microsoft.AspNetCore.Hosting.Diagnostics[2]
      Request finished HTTP/2 GET https://localhost:44376/.well-known/appspecific/com.chrome.devtools.json - 404 - - 1315.1858ms
info: Microsoft.AspNetCore.Hosting.Diagnostics[16]
      Request reached the end of the middleware pipeline without being handled by application code. Request path: GET https://localhost:44376/.well-known/appspecific/com.chrome.devtools.json, Response status code: 404
info: Microsoft.AspNetCore.Mvc.Infrastructure.ControllerActionInvoker[102]
      Route matched with {action = "GenericUrl", controller = "Common", area = ""}. Executing controller action with signature Microsoft.AspNetCore.Mvc.IActionResult GenericUrl() on controller Nop.Web.Controllers.CommonController (Nop.Web).
info: Microsoft.AspNetCore.Mvc.NewtonsoftJson.NewtonsoftJsonResultExecutor[2]
      Executing JsonResult, writing value of type 'MWT.Plugin.Misc.MwtStorefront.Models.Catalog.Campaign_Management.CampaignPopupResultModel'.
info: Microsoft.AspNetCore.Mvc.Infrastructure.ControllerActionInvoker[105]
      Executed action MWT.Plugin.Misc.MwtStorefront.Controllers.CampaignManagementController.ShowPopup (MWT.Plugin.Misc.MwtStorefront) in 533.2704ms
info: Microsoft.AspNetCore.Routing.EndpointMiddleware[1]
      Executed endpoint 'MWT.Plugin.Misc.MwtStorefront.Controllers.CampaignManagementController.ShowPopup (MWT.Plugin.Misc.MwtStorefront)'
info: Microsoft.AspNetCore.Mvc.Infrastructure.ControllerActionInvoker[105]
      Executed action Nop.Web.Controllers.CommonController.GenericUrl (Nop.Web) in 170.83ms
info: Microsoft.AspNetCore.Routing.EndpointMiddleware[1]
      Executed endpoint 'Nop.Web.Controllers.CommonController.GenericUrl (Nop.Web)'
info: Microsoft.AspNetCore.Hosting.Diagnostics[2]
      Request finished HTTP/2 POST https://localhost:44376/CampaignManagement/showPopup - 200 - application/json;+charset=utf-8 1293.8948ms
info: Microsoft.AspNetCore.Hosting.Diagnostics[2]
      Request finished HTTP/2 GET https://localhost:44376/images/phone.png - 404 - - 1679.6867ms
info: Microsoft.AspNetCore.Hosting.Diagnostics[2]
      Request finished HTTP/2 GET https://localhost:44376/.well-known/appspecific/com.chrome.devtools.json - 404 - - 406.8080ms
info: Microsoft.AspNetCore.Hosting.Diagnostics[16]
      Request reached the end of the middleware pipeline without being handled by application code. Request path: GET https://localhost:44376/.well-known/appspecific/com.chrome.devtools.json, Response status code: 404
info: Microsoft.AspNetCore.Hosting.Diagnostics[1]
      Request starting HTTP/2 POST https://localhost:44376/Common/MailchimpEvents - application/x-www-form-urlencoded;+charset=UTF-8 251
info: Microsoft.AspNetCore.Hosting.Diagnostics[1]
      Request starting HTTP/2 POST https://localhost:44376/checkoutextended/OpcCustomSaveShippingMethod/ - application/x-www-form-urlencoded;+charset=UTF-8 317
info: Microsoft.AspNetCore.Routing.EndpointMiddleware[0]
      Executing endpoint 'MWT.Plugin.Misc.MwtStorefront.Controllers.CommonController.MailchimpEvents (MWT.Plugin.Misc.MwtStorefront)'
info: Microsoft.AspNetCore.Routing.EndpointMiddleware[0]
      Executing endpoint 'MWT.Plugin.Misc.MwtStorefront.Controllers.CheckoutExtendedController.OpcCustomSaveShippingMethod (MWT.Plugin.Misc.MwtStorefront)'
info: Microsoft.AspNetCore.Mvc.Infrastructure.ControllerActionInvoker[102]
      Route matched with {action = "MailchimpEvents", controller = "Common", area = ""}. Executing controller action with signature System.Threading.Tasks.Task`1[Microsoft.AspNetCore.Mvc.IActionResult] MailchimpEvents(System.String, System.String) on controller MWT.Plugin.Misc.MwtStorefront.Controllers.CommonController (MWT.Plugin.Misc.MwtStorefront).
info: Microsoft.AspNetCore.Mvc.Infrastructure.ControllerActionInvoker[102]
      Route matched with {action = "OpcCustomSaveShippingMethod", controller = "CheckoutExtended", area = ""}. Executing controller action with signature System.Threading.Tasks.Task`1[Microsoft.AspNetCore.Mvc.IActionResult] OpcCustomSaveShippingMethod(System.String, Microsoft.AspNetCore.Http.IFormCollection, Boolean) on controller MWT.Plugin.Misc.MwtStorefront.Controllers.CheckoutExtendedController (MWT.Plugin.Misc.MwtStorefront).
info: Microsoft.AspNetCore.Mvc.NewtonsoftJson.NewtonsoftJsonResultExecutor[2]
      Executing JsonResult, writing value of type '<>f__AnonymousType30`1[[System.Net.HttpStatusCode, System.Net.Primitives, Version=9.0.0.0, Culture=neutral, PublicKeyToken=b03f5f7f11d50a3a]]'.
info: Microsoft.AspNetCore.Mvc.Infrastructure.ControllerActionInvoker[105]
      Executed action MWT.Plugin.Misc.MwtStorefront.Controllers.CommonController.MailchimpEvents (MWT.Plugin.Misc.MwtStorefront) in 22.8451ms
info: Microsoft.AspNetCore.Routing.EndpointMiddleware[1]
      Executed endpoint 'MWT.Plugin.Misc.MwtStorefront.Controllers.CommonController.MailchimpEvents (MWT.Plugin.Misc.MwtStorefront)'
info: System.Net.Http.HttpClient.default.LogicalHandler[100]
      Start processing HTTP request PUT https://us1.api.mailchimp.com/3.0/lists/05a2f8885a/members/1D777D2F3170C89DF8418725B09FEE0A
info: System.Net.Http.HttpClient.default.ClientHandler[100]
      Sending HTTP request PUT https://us1.api.mailchimp.com/3.0/lists/05a2f8885a/members/1D777D2F3170C89DF8418725B09FEE0A
info: Microsoft.AspNetCore.Hosting.Diagnostics[2]
      Request finished HTTP/2 POST https://localhost:44376/Common/MailchimpEvents - 200 - application/json;+charset=utf-8 675.4306ms
info: Microsoft.AspNetCore.Mvc.NewtonsoftJson.NewtonsoftJsonResultExecutor[2]
      Executing JsonResult, writing value of type '<>f__AnonymousType39`2[[Nop.Web.Models.Checkout.Customizations.CustomUpdateSectionJsonModel, Nop.Web, Version=4.90.0.0, Culture=neutral, PublicKeyToken=null],[System.String, System.Private.CoreLib, Version=9.0.0.0, Culture=neutral, PublicKeyToken=7cec85d7bea7798e]]'.
info: Microsoft.AspNetCore.Mvc.Infrastructure.ControllerActionInvoker[105]
      Executed action MWT.Plugin.Misc.MwtStorefront.Controllers.CheckoutExtendedController.OpcCustomSaveShippingMethod (MWT.Plugin.Misc.MwtStorefront) in 194.6087ms
info: Microsoft.AspNetCore.Routing.EndpointMiddleware[1]
      Executed endpoint 'MWT.Plugin.Misc.MwtStorefront.Controllers.CheckoutExtendedController.OpcCustomSaveShippingMethod (MWT.Plugin.Misc.MwtStorefront)'
info: Microsoft.AspNetCore.Hosting.Diagnostics[2]
      Request finished HTTP/2 POST https://localhost:44376/checkoutextended/OpcCustomSaveShippingMethod/ - 200 - application/json;+charset=utf-8 783.8921ms
info: Microsoft.AspNetCore.Hosting.Diagnostics[1]
      Request starting HTTP/2 GET https://localhost:44376/CheckoutExtended/CheckoutOrderSummary?isConfirmationPage=true - - -
info: Microsoft.AspNetCore.Routing.EndpointMiddleware[0]
      Executing endpoint 'MWT.Plugin.Misc.MwtStorefront.Controllers.CheckoutExtendedController.CheckoutOrderSummary (MWT.Plugin.Misc.MwtStorefront)'
info: Microsoft.AspNetCore.Mvc.Infrastructure.ControllerActionInvoker[102]
      Route matched with {action = "CheckoutOrderSummary", controller = "CheckoutExtended", area = ""}. Executing controller action with signature System.Threading.Tasks.Task`1[Microsoft.AspNetCore.Mvc.IActionResult] CheckoutOrderSummary(Boolean) on controller MWT.Plugin.Misc.MwtStorefront.Controllers.CheckoutExtendedController (MWT.Plugin.Misc.MwtStorefront).
info: Microsoft.AspNetCore.Mvc.ViewFeatures.ViewResultExecutor[1]
      Executing ViewResult, running view CheckoutOrderSummary.
info: Microsoft.AspNetCore.Mvc.ViewFeatures.ViewResultExecutor[4]
      Executed ViewResult - view CheckoutOrderSummary executed in 167.066ms.
info: Microsoft.AspNetCore.Mvc.Infrastructure.ControllerActionInvoker[105]
      Executed action MWT.Plugin.Misc.MwtStorefront.Controllers.CheckoutExtendedController.CheckoutOrderSummary (MWT.Plugin.Misc.MwtStorefront) in 174.2193ms
info: Microsoft.AspNetCore.Routing.EndpointMiddleware[1]
      Executed endpoint 'MWT.Plugin.Misc.MwtStorefront.Controllers.CheckoutExtendedController.CheckoutOrderSummary (MWT.Plugin.Misc.MwtStorefront)'
warn: Microsoft.WebTools.BrowserLink.Net.BrowserLinkMiddleware[3]
      Unable to configure Browser Link script injection on the response. 
info: Microsoft.AspNetCore.Hosting.Diagnostics[2]
      Request finished HTTP/2 GET https://localhost:44376/CheckoutExtended/CheckoutOrderSummary?isConfirmationPage=true - 200 - text/html;+charset=utf-8 371.7562ms
info: System.Net.Http.HttpClient.default.ClientHandler[101]
      Received HTTP response headers after 733.0662ms - 400
info: System.Net.Http.HttpClient.default.LogicalHandler[101]
      End processing HTTP request after 792.8735ms - 400
info: System.Net.Http.HttpClient.default.LogicalHandler[100]
      Start processing HTTP request POST https://us1.api.mailchimp.com/3.0/lists/05a2f8885a/segments/2169
info: System.Net.Http.HttpClient.default.ClientHandler[100]
      Sending HTTP request POST https://us1.api.mailchimp.com/3.0/lists/05a2f8885a/segments/2169
info: System.Net.Http.HttpClient.default.ClientHandler[101]
      Received HTTP response headers after 506.284ms - 400
info: System.Net.Http.HttpClient.default.LogicalHandler[101]
      End processing HTTP request after 512.5519ms - 400
info: System.Net.Http.HttpClient.default.LogicalHandler[100]
      Start processing HTTP request POST https://us1.api.mailchimp.com/3.0/lists/05a2f8885a/segments/2065
info: System.Net.Http.HttpClient.default.ClientHandler[100]
      Sending HTTP request POST https://us1.api.mailchimp.com/3.0/lists/05a2f8885a/segments/2065
info: System.Net.Http.HttpClient.default.ClientHandler[101]
      Received HTTP response headers after 570.1616ms - 400
info: System.Net.Http.HttpClient.default.LogicalHandler[101]
      End processing HTTP request after 574.8091ms - 400
info: System.Net.Http.HttpClient.default.LogicalHandler[100]
      Start processing HTTP request POST https://us1.api.mailchimp.com/3.0/lists/05a2f8885a/segments/2069
info: System.Net.Http.HttpClient.default.ClientHandler[100]
      Sending HTTP request POST https://us1.api.mailchimp.com/3.0/lists/05a2f8885a/segments/2069
info: System.Net.Http.HttpClient.default.ClientHandler[101]
      Received HTTP response headers after 466.3993ms - 400
info: System.Net.Http.HttpClient.default.LogicalHandler[101]
      End processing HTTP request after 471.8965ms - 400
info: Microsoft.AspNetCore.Hosting.Diagnostics[1]
      Request starting HTTP/2 POST https://localhost:44376/Common/MailchimpEvents - application/x-www-form-urlencoded;+charset=UTF-8 251
info: Microsoft.AspNetCore.Hosting.Diagnostics[1]
      Request starting HTTP/2 POST https://localhost:44376/checkoutextended/OpcCustomSaveShippingMethod/ - application/x-www-form-urlencoded;+charset=UTF-8 321
info: System.Net.Http.HttpClient.default.LogicalHandler[100]
      Start processing HTTP request POST https://localhost:44399/scheduletask/runtask
info: System.Net.Http.HttpClient.default.ClientHandler[100]
      Sending HTTP request POST https://localhost:44399/scheduletask/runtask
info: System.Net.Http.HttpClient.default.ClientHandler[101]
      Received HTTP response headers after 110.0545ms - 404
info: System.Net.Http.HttpClient.default.LogicalHandler[101]
      End processing HTTP request after 231.443ms - 404
info: Microsoft.AspNetCore.Routing.EndpointMiddleware[0]
      Executing endpoint 'MWT.Plugin.Misc.MwtStorefront.Controllers.CheckoutExtendedController.OpcCustomSaveShippingMethod (MWT.Plugin.Misc.MwtStorefront)'
info: Microsoft.AspNetCore.Routing.EndpointMiddleware[0]
      Executing endpoint 'MWT.Plugin.Misc.MwtStorefront.Controllers.CommonController.MailchimpEvents (MWT.Plugin.Misc.MwtStorefront)'
info: Microsoft.AspNetCore.Mvc.Infrastructure.ControllerActionInvoker[102]
      Route matched with {action = "OpcCustomSaveShippingMethod", controller = "CheckoutExtended", area = ""}. Executing controller action with signature System.Threading.Tasks.Task`1[Microsoft.AspNetCore.Mvc.IActionResult] OpcCustomSaveShippingMethod(System.String, Microsoft.AspNetCore.Http.IFormCollection, Boolean) on controller MWT.Plugin.Misc.MwtStorefront.Controllers.CheckoutExtendedController (MWT.Plugin.Misc.MwtStorefront).
info: Microsoft.AspNetCore.Mvc.Infrastructure.ControllerActionInvoker[102]
      Route matched with {action = "MailchimpEvents", controller = "Common", area = ""}. Executing controller action with signature System.Threading.Tasks.Task`1[Microsoft.AspNetCore.Mvc.IActionResult] MailchimpEvents(System.String, System.String) on controller MWT.Plugin.Misc.MwtStorefront.Controllers.CommonController (MWT.Plugin.Misc.MwtStorefront).
info: Microsoft.AspNetCore.Mvc.NewtonsoftJson.NewtonsoftJsonResultExecutor[2]
      Executing JsonResult, writing value of type '<>f__AnonymousType30`1[[System.Net.HttpStatusCode, System.Net.Primitives, Version=9.0.0.0, Culture=neutral, PublicKeyToken=b03f5f7f11d50a3a]]'.
info: Microsoft.AspNetCore.Mvc.Infrastructure.ControllerActionInvoker[105]
      Executed action MWT.Plugin.Misc.MwtStorefront.Controllers.CommonController.MailchimpEvents (MWT.Plugin.Misc.MwtStorefront) in 13.5415ms
info: Microsoft.AspNetCore.Routing.EndpointMiddleware[1]
      Executed endpoint 'MWT.Plugin.Misc.MwtStorefront.Controllers.CommonController.MailchimpEvents (MWT.Plugin.Misc.MwtStorefront)'
info: System.Net.Http.HttpClient.default.LogicalHandler[100]
      Start processing HTTP request PUT https://us1.api.mailchimp.com/3.0/lists/05a2f8885a/members/1D777D2F3170C89DF8418725B09FEE0A
info: System.Net.Http.HttpClient.default.ClientHandler[100]
      Sending HTTP request PUT https://us1.api.mailchimp.com/3.0/lists/05a2f8885a/members/1D777D2F3170C89DF8418725B09FEE0A
info: Microsoft.AspNetCore.Hosting.Diagnostics[2]
      Request finished HTTP/2 POST https://localhost:44376/Common/MailchimpEvents - 200 - application/json;+charset=utf-8 471.8075ms
info: System.Net.Http.HttpClient.default.LogicalHandler[100]
      Start processing HTTP request POST https://apitest.authorize.net/xml/v1/request.api
info: System.Net.Http.HttpClient.default.ClientHandler[100]
      Sending HTTP request POST https://apitest.authorize.net/xml/v1/request.api
info: System.Net.Http.HttpClient.default.ClientHandler[101]
      Received HTTP response headers after 356.7814ms - 200
info: System.Net.Http.HttpClient.default.LogicalHandler[101]
      End processing HTTP request after 361.2895ms - 200
info: System.Net.Http.HttpClient.default.ClientHandler[101]
      Received HTTP response headers after 665.0798ms - 400
info: System.Net.Http.HttpClient.default.LogicalHandler[101]
      End processing HTTP request after 670.7675ms - 400
info: Microsoft.AspNetCore.Mvc.NewtonsoftJson.NewtonsoftJsonResultExecutor[2]
      Executing JsonResult, writing value of type '<>f__AnonymousType39`2[[Nop.Web.Models.Checkout.Customizations.CustomUpdateSectionJsonModel, Nop.Web, Version=4.90.0.0, Culture=neutral, PublicKeyToken=null],[System.String, System.Private.CoreLib, Version=9.0.0.0, Culture=neutral, PublicKeyToken=7cec85d7bea7798e]]'.
info: System.Net.Http.HttpClient.default.LogicalHandler[100]
      Start processing HTTP request POST https://us1.api.mailchimp.com/3.0/lists/05a2f8885a/segments/2169
info: System.Net.Http.HttpClient.default.ClientHandler[100]
      Sending HTTP request POST https://us1.api.mailchimp.com/3.0/lists/05a2f8885a/segments/2169
info: Microsoft.AspNetCore.Mvc.Infrastructure.ControllerActionInvoker[105]
      Executed action MWT.Plugin.Misc.MwtStorefront.Controllers.CheckoutExtendedController.OpcCustomSaveShippingMethod (MWT.Plugin.Misc.MwtStorefront) in 1006.1237ms
info: Microsoft.AspNetCore.Routing.EndpointMiddleware[1]
      Executed endpoint 'MWT.Plugin.Misc.MwtStorefront.Controllers.CheckoutExtendedController.OpcCustomSaveShippingMethod (MWT.Plugin.Misc.MwtStorefront)'
info: Microsoft.AspNetCore.Hosting.Diagnostics[2]
      Request finished HTTP/2 POST https://localhost:44376/checkoutextended/OpcCustomSaveShippingMethod/ - 200 - application/json;+charset=utf-8 1400.8631ms
info: Microsoft.AspNetCore.Hosting.Diagnostics[1]
      Request starting HTTP/2 GET https://localhost:44376/CheckoutExtended/CheckoutOrderSummary?isConfirmationPage=true - - -
info: Microsoft.AspNetCore.Hosting.Diagnostics[1]
      Request starting HTTP/2 GET https://localhost:44376/Plugins/Payments.PayPalCommerce/logo.svg - - -
info: Microsoft.AspNetCore.Hosting.Diagnostics[1]
      Request starting HTTP/2 GET https://localhost:44376/.well-known/appspecific/com.chrome.devtools.json - - -
info: Microsoft.AspNetCore.Routing.EndpointMiddleware[0]
      Executing endpoint 'MWT.Plugin.Misc.MwtStorefront.Controllers.CheckoutExtendedController.CheckoutOrderSummary (MWT.Plugin.Misc.MwtStorefront)'
info: Microsoft.AspNetCore.Hosting.Diagnostics[2]
      Request finished HTTP/2 GET https://localhost:44376/.well-known/appspecific/com.chrome.devtools.json - 404 - - 484.3015ms
info: Microsoft.AspNetCore.Hosting.Diagnostics[2]
      Request finished HTTP/2 GET https://localhost:44376/Plugins/Payments.PayPalCommerce/logo.svg - 404 - - 522.0165ms
info: Microsoft.AspNetCore.Hosting.Diagnostics[16]
      Request reached the end of the middleware pipeline without being handled by application code. Request path: GET https://localhost:44376/Plugins/Payments.PayPalCommerce/logo.svg, Response status code: 404
info: Microsoft.AspNetCore.Hosting.Diagnostics[16]
      Request reached the end of the middleware pipeline without being handled by application code. Request path: GET https://localhost:44376/.well-known/appspecific/com.chrome.devtools.json, Response status code: 404
info: Microsoft.AspNetCore.Mvc.Infrastructure.ControllerActionInvoker[102]
      Route matched with {action = "CheckoutOrderSummary", controller = "CheckoutExtended", area = ""}. Executing controller action with signature System.Threading.Tasks.Task`1[Microsoft.AspNetCore.Mvc.IActionResult] CheckoutOrderSummary(Boolean) on controller MWT.Plugin.Misc.MwtStorefront.Controllers.CheckoutExtendedController (MWT.Plugin.Misc.MwtStorefront).
info: Microsoft.AspNetCore.Mvc.ViewFeatures.ViewResultExecutor[1]
      Executing ViewResult, running view CheckoutOrderSummary.
info: Microsoft.AspNetCore.Mvc.ViewFeatures.ViewResultExecutor[4]
      Executed ViewResult - view CheckoutOrderSummary executed in 192.242ms.
info: Microsoft.AspNetCore.Mvc.Infrastructure.ControllerActionInvoker[105]
      Executed action MWT.Plugin.Misc.MwtStorefront.Controllers.CheckoutExtendedController.CheckoutOrderSummary (MWT.Plugin.Misc.MwtStorefront) in 196.0584ms
info: Microsoft.AspNetCore.Routing.EndpointMiddleware[1]
      Executed endpoint 'MWT.Plugin.Misc.MwtStorefront.Controllers.CheckoutExtendedController.CheckoutOrderSummary (MWT.Plugin.Misc.MwtStorefront)'
warn: Microsoft.WebTools.BrowserLink.Net.BrowserLinkMiddleware[3]
      Unable to configure Browser Link script injection on the response. 
info: Microsoft.AspNetCore.Hosting.Diagnostics[2]
      Request finished HTTP/2 GET https://localhost:44376/CheckoutExtended/CheckoutOrderSummary?isConfirmationPage=true - 200 - text/html;+charset=utf-8 836.9234ms
info: System.Net.Http.HttpClient.default.ClientHandler[101]
      Received HTTP response headers after 1186.4597ms - 400
info: System.Net.Http.HttpClient.default.LogicalHandler[101]
      End processing HTTP request after 1220.827ms - 400
info: System.Net.Http.HttpClient.default.LogicalHandler[100]
      Start processing HTTP request POST https://us1.api.mailchimp.com/3.0/lists/05a2f8885a/segments/2065
info: System.Net.Http.HttpClient.default.ClientHandler[100]
      Sending HTTP request POST https://us1.api.mailchimp.com/3.0/lists/05a2f8885a/segments/2065
info: System.Net.Http.HttpClient.default.ClientHandler[101]
      Received HTTP response headers after 554.7685ms - 400
info: System.Net.Http.HttpClient.default.LogicalHandler[101]
      End processing HTTP request after 559.4961ms - 400
info: System.Net.Http.HttpClient.default.LogicalHandler[100]
      Start processing HTTP request POST https://us1.api.mailchimp.com/3.0/lists/05a2f8885a/segments/2069
info: System.Net.Http.HttpClient.default.ClientHandler[100]
      Sending HTTP request POST https://us1.api.mailchimp.com/3.0/lists/05a2f8885a/segments/2069
info: System.Net.Http.HttpClient.default.ClientHandler[101]
      Received HTTP response headers after 1028.7427ms - 400
info: System.Net.Http.HttpClient.default.LogicalHandler[101]
      End processing HTTP request after 1033.336ms - 400
info: Microsoft.AspNetCore.Hosting.Diagnostics[1]
      Request starting HTTP/2 POST https://localhost:44376/PayPalCommercePublic/CreateOrder?invoiceid=0 - application/x-www-form-urlencoded;+charset=UTF-8 273
info: Microsoft.AspNetCore.Routing.EndpointMiddleware[0]
      Executing endpoint 'Nop.Plugin.Payments.PayPalCommerce.Controllers.PayPalCommercePublicController.CreateOrder (Nop.Plugin.Payments.PayPalCommerce)'
info: Microsoft.AspNetCore.Mvc.Infrastructure.ControllerActionInvoker[102]
      Route matched with {action = "CreateOrder", controller = "PayPalCommercePublic", area = ""}. Executing controller action with signature System.Threading.Tasks.Task`1[Microsoft.AspNetCore.Mvc.IActionResult] CreateOrder(Int32, System.String, Int32, Boolean, Int32) on controller Nop.Plugin.Payments.PayPalCommerce.Controllers.PayPalCommercePublicController (Nop.Plugin.Payments.PayPalCommerce).
info: System.Net.Http.HttpClient.PayPalCommerceHttpClient.LogicalHandler[100]
      Start processing HTTP request POST https://api-m.sandbox.paypal.com/v2/checkout/orders?
info: System.Net.Http.HttpClient.PayPalCommerceHttpClient.ClientHandler[100]
      Sending HTTP request POST https://api-m.sandbox.paypal.com/v2/checkout/orders?
info: System.Net.Http.HttpClient.PayPalCommerceHttpClient.ClientHandler[101]
      Received HTTP response headers after 915.287ms - 200
info: System.Net.Http.HttpClient.PayPalCommerceHttpClient.LogicalHandler[101]
      End processing HTTP request after 920.5241ms - 200
info: Microsoft.AspNetCore.Mvc.NewtonsoftJson.NewtonsoftJsonResultExecutor[2]
      Executing JsonResult, writing value of type '<>f__AnonymousType6`2[[System.String, System.Private.CoreLib, Version=9.0.0.0, Culture=neutral, PublicKeyToken=7cec85d7bea7798e],[System.String, System.Private.CoreLib, Version=9.0.0.0, Culture=neutral, PublicKeyToken=7cec85d7bea7798e]]'.
info: Microsoft.AspNetCore.Mvc.Infrastructure.ControllerActionInvoker[105]
      Executed action Nop.Plugin.Payments.PayPalCommerce.Controllers.PayPalCommercePublicController.CreateOrder (Nop.Plugin.Payments.PayPalCommerce) in 990.453ms
info: Microsoft.AspNetCore.Routing.EndpointMiddleware[1]
      Executed endpoint 'Nop.Plugin.Payments.PayPalCommerce.Controllers.PayPalCommercePublicController.CreateOrder (Nop.Plugin.Payments.PayPalCommerce)'
info: Microsoft.AspNetCore.Hosting.Diagnostics[2]
      Request finished HTTP/2 POST https://localhost:44376/PayPalCommercePublic/CreateOrder?invoiceid=0 - 200 - application/json;+charset=utf-8 1186.9240ms
info: System.Net.Http.HttpClient.default.LogicalHandler[100]
      Start processing HTTP request POST https://localhost:44399/scheduletask/runtask
info: System.Net.Http.HttpClient.default.ClientHandler[100]
      Sending HTTP request POST https://localhost:44399/scheduletask/runtask
info: System.Net.Http.HttpClient.default.ClientHandler[101]
      Received HTTP response headers after 6.5715ms - 404
info: System.Net.Http.HttpClient.default.LogicalHandler[101]
      End processing HTTP request after 11.5815ms - 404
info: Microsoft.AspNetCore.Hosting.Diagnostics[1]
      Request starting HTTP/2 POST https://localhost:44376/PayPalCommercePublic/ApproveOrder?invoiceid=0 - application/x-www-form-urlencoded;+charset=UTF-8 251
info: Microsoft.AspNetCore.Routing.EndpointMiddleware[0]
      Executing endpoint 'Nop.Plugin.Payments.PayPalCommerce.Controllers.PayPalCommercePublicController.ApproveOrder (Nop.Plugin.Payments.PayPalCommerce)'
info: Microsoft.AspNetCore.Mvc.Infrastructure.ControllerActionInvoker[102]
      Route matched with {action = "ApproveOrder", controller = "PayPalCommercePublic", area = ""}. Executing controller action with signature System.Threading.Tasks.Task`1[Microsoft.AspNetCore.Mvc.IActionResult] ApproveOrder(System.String, System.String, Int32) on controller Nop.Plugin.Payments.PayPalCommerce.Controllers.PayPalCommercePublicController (Nop.Plugin.Payments.PayPalCommerce).
info: System.Net.Http.HttpClient.PayPalCommerceHttpClient.LogicalHandler[100]
      Start processing HTTP request GET https://api-m.sandbox.paypal.com/v2/checkout/orders/0LR44440J6949170S?
info: System.Net.Http.HttpClient.PayPalCommerceHttpClient.ClientHandler[100]
      Sending HTTP request GET https://api-m.sandbox.paypal.com/v2/checkout/orders/0LR44440J6949170S?
info: System.Net.Http.HttpClient.PayPalCommerceHttpClient.ClientHandler[101]
      Received HTTP response headers after 493.1506ms - 200
info: System.Net.Http.HttpClient.PayPalCommerceHttpClient.LogicalHandler[101]
      End processing HTTP request after 502.4824ms - 200
info: System.Net.Http.HttpClient.PayPalCommerceHttpClient.LogicalHandler[100]
      Start processing HTTP request PATCH https://api-m.sandbox.paypal.com/v2/checkout/orders/0LR44440J6949170S?
info: System.Net.Http.HttpClient.PayPalCommerceHttpClient.ClientHandler[100]
      Sending HTTP request PATCH https://api-m.sandbox.paypal.com/v2/checkout/orders/0LR44440J6949170S?
info: System.Net.Http.HttpClient.PayPalCommerceHttpClient.ClientHandler[101]
      Received HTTP response headers after 1515.5949ms - 204
info: System.Net.Http.HttpClient.PayPalCommerceHttpClient.LogicalHandler[101]
      End processing HTTP request after 1524.2926ms - 204
info: System.Net.Http.HttpClient.PayPalCommerceHttpClient.LogicalHandler[100]
      Start processing HTTP request GET https://api-m.sandbox.paypal.com/v2/checkout/orders/0LR44440J6949170S?
info: System.Net.Http.HttpClient.PayPalCommerceHttpClient.ClientHandler[100]
      Sending HTTP request GET https://api-m.sandbox.paypal.com/v2/checkout/orders/0LR44440J6949170S?
info: System.Net.Http.HttpClient.PayPalCommerceHttpClient.ClientHandler[101]
      Received HTTP response headers after 1024.5258ms - 200
info: System.Net.Http.HttpClient.PayPalCommerceHttpClient.LogicalHandler[101]
      End processing HTTP request after 1033.1113ms - 200
info: System.Net.Http.HttpClient.PayPalCommerceHttpClient.LogicalHandler[100]
      Start processing HTTP request POST https://api-m.sandbox.paypal.com/v2/checkout/orders/0LR44440J6949170S/capture?
info: System.Net.Http.HttpClient.PayPalCommerceHttpClient.ClientHandler[100]
      Sending HTTP request POST https://api-m.sandbox.paypal.com/v2/checkout/orders/0LR44440J6949170S/capture?
info: System.Net.Http.HttpClient.PayPalCommerceHttpClient.ClientHandler[101]
      Received HTTP response headers after 2319.3917ms - 201
info: System.Net.Http.HttpClient.PayPalCommerceHttpClient.LogicalHandler[101]
      End processing HTTP request after 2326.7793ms - 201
info: System.Net.Http.HttpClient.default.LogicalHandler[100]
      Start processing HTTP request PUT https://us1.api.mailchimp.com/3.0/lists/05a2f8885a/members/1D777D2F3170C89DF8418725B09FEE0A
info: System.Net.Http.HttpClient.default.ClientHandler[100]
      Sending HTTP request PUT https://us1.api.mailchimp.com/3.0/lists/05a2f8885a/members/1D777D2F3170C89DF8418725B09FEE0A
info: System.Net.Http.HttpClient.default.LogicalHandler[100]
      Start processing HTTP request POST https://accounts.zoho.com/oauth/v2/token
info: System.Net.Http.HttpClient.default.ClientHandler[100]
      Sending HTTP request POST https://accounts.zoho.com/oauth/v2/token
info: System.Net.Http.HttpClient.default.ClientHandler[101]
      Received HTTP response headers after 911.8316ms - 200
info: System.Net.Http.HttpClient.default.LogicalHandler[101]
      End processing HTTP request after 916.3617ms - 200
info: System.Net.Http.HttpClient.default.LogicalHandler[100]
      Start processing HTTP request POST https://www.zohoapis.com/crm/v2/Contacts
info: System.Net.Http.HttpClient.default.ClientHandler[100]
      Sending HTTP request POST https://www.zohoapis.com/crm/v2/Contacts
info: System.Net.Http.HttpClient.default.ClientHandler[101]
      Received HTTP response headers after 1500.7053ms - 400
info: System.Net.Http.HttpClient.default.LogicalHandler[101]
      End processing HTTP request after 1505.4231ms - 400
info: System.Net.Http.HttpClient.default.LogicalHandler[100]
      Start processing HTTP request POST https://us1.api.mailchimp.com/3.0/lists/05a2f8885a/segments/105
info: System.Net.Http.HttpClient.default.ClientHandler[100]
      Sending HTTP request POST https://us1.api.mailchimp.com/3.0/lists/05a2f8885a/segments/105
info: System.Net.Http.HttpClient.default.ClientHandler[101]
      Received HTTP response headers after 502.3439ms - 400
info: System.Net.Http.HttpClient.default.LogicalHandler[101]
      End processing HTTP request after 507.1656ms - 400
info: System.Net.Http.HttpClient.default.LogicalHandler[100]
      Start processing HTTP request POST https://us1.api.mailchimp.com/3.0/lists/05a2f8885a/segments/2065
info: System.Net.Http.HttpClient.default.ClientHandler[100]
      Sending HTTP request POST https://us1.api.mailchimp.com/3.0/lists/05a2f8885a/segments/2065
info: System.Net.Http.HttpClient.default.ClientHandler[101]
      Received HTTP response headers after 736.3277ms - 400
info: System.Net.Http.HttpClient.default.LogicalHandler[101]
      End processing HTTP request after 744.8299ms - 400
info: System.Net.Http.HttpClient.default.ClientHandler[101]
      Received HTTP response headers after 1491.9809ms - 201
info: System.Net.Http.HttpClient.default.LogicalHandler[101]
      End processing HTTP request after 1497.7011ms - 201
info: System.Net.Http.HttpClient.default.LogicalHandler[100]
      Start processing HTTP request POST https://us1.api.mailchimp.com/3.0/lists/05a2f8885a/segments/2069
info: System.Net.Http.HttpClient.default.ClientHandler[100]
      Sending HTTP request POST https://us1.api.mailchimp.com/3.0/lists/05a2f8885a/segments/2069
info: System.Net.Http.HttpClient.default.ClientHandler[101]
      Received HTTP response headers after 639.8068ms - 400
info: System.Net.Http.HttpClient.default.LogicalHandler[101]
      End processing HTTP request after 673.2677ms - 400
info: System.Net.Http.HttpClient.GoogleAnalyticsHttpClient.LogicalHandler[100]
      Start processing HTTP request POST https://www.google-analytics.com/mp/collect?*
info: System.Net.Http.HttpClient.GoogleAnalyticsHttpClient.ClientHandler[100]
      Sending HTTP request POST https://www.google-analytics.com/mp/collect?*
info: System.Net.Http.HttpClient.GoogleAnalyticsHttpClient.ClientHandler[101]
      Received HTTP response headers after 187.6415ms - 204
info: System.Net.Http.HttpClient.GoogleAnalyticsHttpClient.LogicalHandler[101]
      End processing HTTP request after 194.7396ms - 204
info: Microsoft.AspNetCore.Mvc.NewtonsoftJson.NewtonsoftJsonResultExecutor[2]
      Executing JsonResult, writing value of type '<>f__AnonymousType4`1[[System.String, System.Private.CoreLib, Version=9.0.0.0, Culture=neutral, PublicKeyToken=7cec85d7bea7798e]]'.
info: Microsoft.AspNetCore.Mvc.Infrastructure.ControllerActionInvoker[105]
      Executed action Nop.Plugin.Payments.PayPalCommerce.Controllers.PayPalCommercePublicController.ApproveOrder (Nop.Plugin.Payments.PayPalCommerce) in 9993.8302ms
info: Microsoft.AspNetCore.Routing.EndpointMiddleware[1]
      Executed endpoint 'Nop.Plugin.Payments.PayPalCommerce.Controllers.PayPalCommercePublicController.ApproveOrder (Nop.Plugin.Payments.PayPalCommerce)'
info: Microsoft.AspNetCore.Hosting.Diagnostics[2]
      Request finished HTTP/2 POST https://localhost:44376/PayPalCommercePublic/ApproveOrder?invoiceid=0 - 200 - application/json;+charset=utf-8 10154.0242ms
info: Microsoft.AspNetCore.Hosting.Diagnostics[1]
      Request starting HTTP/2 GET https://localhost:44376/checkout/completed/13715 - - -
info: Microsoft.AspNetCore.Routing.EndpointMiddleware[0]
      Executing endpoint 'MWT.Plugin.Misc.MwtStorefront.Controllers.CheckoutExtendedController.CustomCompleted (MWT.Plugin.Misc.MwtStorefront)'
info: Microsoft.AspNetCore.Mvc.Infrastructure.ControllerActionInvoker[102]
      Route matched with {action = "CustomCompleted", controller = "CheckoutExtended", area = ""}. Executing controller action with signature System.Threading.Tasks.Task`1[Microsoft.AspNetCore.Mvc.IActionResult] CustomCompleted(System.Nullable`1[System.Int32]) on controller MWT.Plugin.Misc.MwtStorefront.Controllers.CheckoutExtendedController (MWT.Plugin.Misc.MwtStorefront).
info: Microsoft.AspNetCore.Mvc.ViewFeatures.ViewResultExecutor[1]
      Executing ViewResult, running view Completed.
info: Microsoft.AspNetCore.Mvc.ViewFeatures.ViewResultExecutor[4]
      Executed ViewResult - view Completed executed in 330.8994ms.
info: Microsoft.AspNetCore.Mvc.Infrastructure.ControllerActionInvoker[105]
      Executed action MWT.Plugin.Misc.MwtStorefront.Controllers.CheckoutExtendedController.CustomCompleted (MWT.Plugin.Misc.MwtStorefront) in 703.807ms
info: Microsoft.AspNetCore.Routing.EndpointMiddleware[1]
      Executed endpoint 'MWT.Plugin.Misc.MwtStorefront.Controllers.CheckoutExtendedController.CustomCompleted (MWT.Plugin.Misc.MwtStorefront)'
info: Microsoft.AspNetCore.Hosting.Diagnostics[2]
      Request finished HTTP/2 GET https://localhost:44376/checkout/completed/13715 - 200 - text/html;+charset=utf-8 976.7967ms
info: Microsoft.AspNetCore.Hosting.Diagnostics[1]
      Request starting HTTP/2 GET https://localhost:44376/_framework/aspnetcore-browser-refresh.js - - -
info: Microsoft.AspNetCore.Hosting.Diagnostics[2]
      Request finished HTTP/2 GET https://localhost:44376/_framework/aspnetcore-browser-refresh.js - 200 16499 application/javascript;+charset=utf-8 2.6195ms
info: Microsoft.AspNetCore.Hosting.Diagnostics[1]
      Request starting HTTP/2 GET https://localhost:44376/Themes/BlackWhiteTheme/Content/images/top.png - - -
info: Microsoft.AspNetCore.Hosting.Diagnostics[1]
      Request starting HTTP/2 GET https://localhost:44376/images/icons/hand-holding-dollar-solid.svg - - -
info: Microsoft.AspNetCore.Hosting.Diagnostics[1]
      Request starting HTTP/2 GET https://localhost:44376/_vs/browserLink - - -
info: Microsoft.AspNetCore.Hosting.Diagnostics[1]
      Request starting HTTP/2 GET https://localhost:44376/images/phone.png - - -
info: Microsoft.AspNetCore.Hosting.Diagnostics[1]
      Request starting HTTP/2 GET https://localhost:44376/.well-known/appspecific/com.chrome.devtools.json - - -
info: Microsoft.AspNetCore.Hosting.Diagnostics[1]
      Request starting HTTP/2 GET https://localhost:44376/Plugins/MWT.Plugin.Misc.MwtStorefront/Content/css/bootstrap.min.css.map - - -
info: Microsoft.AspNetCore.Hosting.Diagnostics[2]
      Request finished HTTP/2 GET https://localhost:44376/_vs/browserLink - 200 - text/javascript;+charset=UTF-8 532.9296ms
info: Microsoft.AspNetCore.Hosting.Diagnostics[1]
      Request starting HTTP/2 GET https://localhost:44376/Plugins/MWT.Plugin.Misc.MwtStorefront/Content/js/bootstrap.bundle.min.js.map - - -
info: Microsoft.AspNetCore.Hosting.Diagnostics[1]
      Request starting HTTP/2 POST https://localhost:44376/CampaignManagement/showPopup - application/x-www-form-urlencoded;+charset=UTF-8 84
info: Microsoft.AspNetCore.Hosting.Diagnostics[2]
      Request finished HTTP/2 GET https://localhost:44376/.well-known/appspecific/com.chrome.devtools.json - 404 - - 1206.3126ms
info: Microsoft.AspNetCore.Hosting.Diagnostics[16]
      Request reached the end of the middleware pipeline without being handled by application code. Request path: GET https://localhost:44376/.well-known/appspecific/com.chrome.devtools.json, Response status code: 404
info: Microsoft.AspNetCore.Hosting.Diagnostics[2]
      Request finished HTTP/2 GET https://localhost:44376/Plugins/MWT.Plugin.Misc.MwtStorefront/Content/css/bootstrap.min.css.map - 404 - - 1247.0770ms
info: Microsoft.AspNetCore.Hosting.Diagnostics[16]
      Request reached the end of the middleware pipeline without being handled by application code. Request path: GET https://localhost:44376/Plugins/MWT.Plugin.Misc.MwtStorefront/Content/css/bootstrap.min.css.map, Response status code: 404
info: Microsoft.AspNetCore.Hosting.Diagnostics[2]
      Request finished HTTP/2 GET https://localhost:44376/images/icons/hand-holding-dollar-solid.svg - 404 - - 1493.9769ms
info: Microsoft.AspNetCore.Hosting.Diagnostics[16]
      Request reached the end of the middleware pipeline without being handled by application code. Request path: GET https://localhost:44376/images/icons/hand-holding-dollar-solid.svg, Response status code: 404
info: Microsoft.AspNetCore.Routing.EndpointMiddleware[0]
      Executing endpoint 'MWT.Plugin.Misc.MwtStorefront.Controllers.CampaignManagementController.ShowPopup (MWT.Plugin.Misc.MwtStorefront)'
info: Microsoft.AspNetCore.Hosting.Diagnostics[2]
      Request finished HTTP/2 GET https://localhost:44376/Themes/BlackWhiteTheme/Content/images/top.png - 404 - - 1649.0877ms
info: Microsoft.AspNetCore.Hosting.Diagnostics[16]
      Request reached the end of the middleware pipeline without being handled by application code. Request path: GET https://localhost:44376/Themes/BlackWhiteTheme/Content/images/top.png, Response status code: 404
info: Microsoft.AspNetCore.Routing.EndpointMiddleware[0]
      Executing endpoint 'Nop.Web.Controllers.CommonController.GenericUrl (Nop.Web)'
info: Microsoft.AspNetCore.Mvc.Infrastructure.ControllerActionInvoker[102]
      Route matched with {action = "GenericUrl", controller = "Common", area = ""}. Executing controller action with signature Microsoft.AspNetCore.Mvc.IActionResult GenericUrl() on controller Nop.Web.Controllers.CommonController (Nop.Web).
info: Microsoft.AspNetCore.Mvc.Infrastructure.ControllerActionInvoker[102]
      Route matched with {action = "ShowPopup", controller = "CampaignManagement", area = ""}. Executing controller action with signature System.Threading.Tasks.Task`1[Microsoft.AspNetCore.Mvc.IActionResult] ShowPopup(System.String, System.String, Boolean) on controller MWT.Plugin.Misc.MwtStorefront.Controllers.CampaignManagementController (MWT.Plugin.Misc.MwtStorefront).
info: Microsoft.AspNetCore.Hosting.Diagnostics[2]
      Request finished HTTP/2 GET https://localhost:44376/Plugins/MWT.Plugin.Misc.MwtStorefront/Content/js/bootstrap.bundle.min.js.map - 404 - - 1118.6723ms
info: Microsoft.AspNetCore.Hosting.Diagnostics[16]
      Request reached the end of the middleware pipeline without being handled by application code. Request path: GET https://localhost:44376/Plugins/MWT.Plugin.Misc.MwtStorefront/Content/js/bootstrap.bundle.min.js.map, Response status code: 404
info: Microsoft.AspNetCore.Mvc.Infrastructure.ControllerActionInvoker[105]
      Executed action Nop.Web.Controllers.CommonController.GenericUrl (Nop.Web) in 157.7224ms
info: Microsoft.AspNetCore.Routing.EndpointMiddleware[1]
      Executed endpoint 'Nop.Web.Controllers.CommonController.GenericUrl (Nop.Web)'
info: Microsoft.AspNetCore.Hosting.Diagnostics[2]
      Request finished HTTP/2 GET https://localhost:44376/images/phone.png - 404 - - 1912.4836ms
info: Microsoft.AspNetCore.Mvc.NewtonsoftJson.NewtonsoftJsonResultExecutor[2]
      Executing JsonResult, writing value of type 'MWT.Plugin.Misc.MwtStorefront.Models.Catalog.Campaign_Management.CampaignPopupResultModel'.
info: Microsoft.AspNetCore.Mvc.Infrastructure.ControllerActionInvoker[105]
      Executed action MWT.Plugin.Misc.MwtStorefront.Controllers.CampaignManagementController.ShowPopup (MWT.Plugin.Misc.MwtStorefront) in 40.1068ms
info: Microsoft.AspNetCore.Routing.EndpointMiddleware[1]
      Executed endpoint 'MWT.Plugin.Misc.MwtStorefront.Controllers.CampaignManagementController.ShowPopup (MWT.Plugin.Misc.MwtStorefront)'
info: Microsoft.AspNetCore.Hosting.Diagnostics[2]
      Request finished HTTP/2 POST https://localhost:44376/CampaignManagement/showPopup - 200 - application/json;+charset=utf-8 995.2670ms
info: System.Net.Http.HttpClient.default.LogicalHandler[100]
      Start processing HTTP request POST https://localhost:44399/scheduletask/runtask
info: System.Net.Http.HttpClient.default.ClientHandler[100]
      Sending HTTP request POST https://localhost:44399/scheduletask/runtask
info: System.Net.Http.HttpClient.default.ClientHandler[101]
      Received HTTP response headers after 8.7983ms - 404
info: System.Net.Http.HttpClient.default.LogicalHandler[101]
      End processing HTTP request after 15.5346ms - 404
info: System.Net.Http.HttpClient.default.LogicalHandler[100]
      Start processing HTTP request POST https://localhost:44399/scheduletask/runtask
info: System.Net.Http.HttpClient.default.ClientHandler[100]
      Sending HTTP request POST https://localhost:44399/scheduletask/runtask
info: System.Net.Http.HttpClient.default.ClientHandler[101]
      Received HTTP response headers after 5.2281ms - 404
info: System.Net.Http.HttpClient.default.LogicalHandler[101]
      End processing HTTP request after 9.7534ms - 404
info: System.Net.Http.HttpClient.default.LogicalHandler[100]
      Start processing HTTP request POST https://localhost:44399/scheduletask/runtask
info: System.Net.Http.HttpClient.default.ClientHandler[100]
      Sending HTTP request POST https://localhost:44399/scheduletask/runtask
info: System.Net.Http.HttpClient.default.ClientHandler[101]
      Received HTTP response headers after 6.2701ms - 404
info: System.Net.Http.HttpClient.default.LogicalHandler[101]
      End processing HTTP request after 10.4974ms - 404
info: System.Net.Http.HttpClient.default.LogicalHandler[100]
      Start processing HTTP request POST https://localhost:44399/scheduletask/runtask
info: System.Net.Http.HttpClient.default.ClientHandler[100]
      Sending HTTP request POST https://localhost:44399/scheduletask/runtask
info: System.Net.Http.HttpClient.default.ClientHandler[101]
      Received HTTP response headers after 5.7736ms - 404
info: System.Net.Http.HttpClient.default.LogicalHandler[101]
      End processing HTTP request after 12.5927ms - 404
info: System.Net.Http.HttpClient.default.LogicalHandler[100]
      Start processing HTTP request POST https://localhost:44399/scheduletask/runtask
info: System.Net.Http.HttpClient.default.ClientHandler[100]
      Sending HTTP request POST https://localhost:44399/scheduletask/runtask
info: System.Net.Http.HttpClient.default.ClientHandler[101]
      Received HTTP response headers after 14.311ms - 404
info: System.Net.Http.HttpClient.default.LogicalHandler[101]
      End processing HTTP request after 19.7705ms - 404
info: System.Net.Http.HttpClient.default.LogicalHandler[100]
      Start processing HTTP request POST https://localhost:44399/scheduletask/runtask
info: System.Net.Http.HttpClient.default.ClientHandler[100]
      Sending HTTP request POST https://localhost:44399/scheduletask/runtask
info: System.Net.Http.HttpClient.default.ClientHandler[101]
      Received HTTP response headers after 4.9176ms - 404
info: System.Net.Http.HttpClient.default.LogicalHandler[101]
      End processing HTTP request after 8.9229ms - 404
info: System.Net.Http.HttpClient.default.LogicalHandler[100]
      Start processing HTTP request POST https://localhost:44399/scheduletask/runtask
info: System.Net.Http.HttpClient.default.ClientHandler[100]
      Sending HTTP request POST https://localhost:44399/scheduletask/runtask
info: System.Net.Http.HttpClient.default.ClientHandler[101]
      Received HTTP response headers after 10.1871ms - 404
info: System.Net.Http.HttpClient.default.LogicalHandler[101]
      End processing HTTP request after 16.3944ms - 404
info: System.Net.Http.HttpClient.default.LogicalHandler[100]
      Start processing HTTP request POST https://localhost:44399/scheduletask/runtask
info: System.Net.Http.HttpClient.default.ClientHandler[100]
      Sending HTTP request POST https://localhost:44399/scheduletask/runtask
info: System.Net.Http.HttpClient.default.ClientHandler[101]
      Received HTTP response headers after 5.0889ms - 404
info: System.Net.Http.HttpClient.default.LogicalHandler[101]
      End processing HTTP request after 8.7005ms - 404
info: System.Net.Http.HttpClient.default.LogicalHandler[100]
      Start processing HTTP request POST https://localhost:44399/scheduletask/runtask
info: System.Net.Http.HttpClient.default.ClientHandler[100]
      Sending HTTP request POST https://localhost:44399/scheduletask/runtask
info: System.Net.Http.HttpClient.default.ClientHandler[101]
      Received HTTP response headers after 23.2836ms - 404
info: System.Net.Http.HttpClient.default.LogicalHandler[101]
      End processing HTTP request after 34.4265ms - 404
info: System.Net.Http.HttpClient.default.LogicalHandler[100]
      Start processing HTTP request POST https://localhost:44399/scheduletask/runtask
info: System.Net.Http.HttpClient.default.ClientHandler[100]
      Sending HTTP request POST https://localhost:44399/scheduletask/runtask
info: System.Net.Http.HttpClient.default.ClientHandler[101]
      Received HTTP response headers after 12.0297ms - 404
info: System.Net.Http.HttpClient.default.LogicalHandler[101]
      End processing HTTP request after 21.5688ms - 404
info: System.Net.Http.HttpClient.default.LogicalHandler[100]
      Start processing HTTP request POST https://localhost:44399/scheduletask/runtask
info: System.Net.Http.HttpClient.default.ClientHandler[100]
      Sending HTTP request POST https://localhost:44399/scheduletask/runtask
info: System.Net.Http.HttpClient.default.ClientHandler[101]
      Received HTTP response headers after 36.1955ms - 404
info: System.Net.Http.HttpClient.default.LogicalHandler[101]
      End processing HTTP request after 41.8712ms - 404
info: System.Net.Http.HttpClient.default.LogicalHandler[100]
      Start processing HTTP request POST https://localhost:44399/scheduletask/runtask
info: System.Net.Http.HttpClient.default.ClientHandler[100]
      Sending HTTP request POST https://localhost:44399/scheduletask/runtask
info: System.Net.Http.HttpClient.default.ClientHandler[101]
      Received HTTP response headers after 10.114ms - 404
info: System.Net.Http.HttpClient.default.LogicalHandler[101]
      End processing HTTP request after 18.5044ms - 404
info: System.Net.Http.HttpClient.default.LogicalHandler[100]
      Start processing HTTP request POST https://localhost:44399/scheduletask/runtask
info: System.Net.Http.HttpClient.default.ClientHandler[100]
      Sending HTTP request POST https://localhost:44399/scheduletask/runtask
info: System.Net.Http.HttpClient.default.ClientHandler[101]
      Received HTTP response headers after 11.363ms - 404
info: System.Net.Http.HttpClient.default.LogicalHandler[101]
      End processing HTTP request after 44.1593ms - 404
info: System.Net.Http.HttpClient.default.LogicalHandler[100]
      Start processing HTTP request POST https://localhost:44399/scheduletask/runtask
info: System.Net.Http.HttpClient.default.ClientHandler[100]
      Sending HTTP request POST https://localhost:44399/scheduletask/runtask
info: System.Net.Http.HttpClient.default.ClientHandler[101]
      Received HTTP response headers after 12.6211ms - 404
info: System.Net.Http.HttpClient.default.LogicalHandler[101]
      End processing HTTP request after 17.389ms - 404
info: System.Net.Http.HttpClient.default.LogicalHandler[100]
      Start processing HTTP request POST https://localhost:44399/scheduletask/runtask
info: System.Net.Http.HttpClient.default.ClientHandler[100]
      Sending HTTP request POST https://localhost:44399/scheduletask/runtask
info: System.Net.Http.HttpClient.default.ClientHandler[101]
      Received HTTP response headers after 24.89ms - 404
info: System.Net.Http.HttpClient.default.LogicalHandler[101]
      End processing HTTP request after 37.0518ms - 404
info: System.Net.Http.HttpClient.default.LogicalHandler[100]
      Start processing HTTP request POST https://localhost:44399/scheduletask/runtask
info: System.Net.Http.HttpClient.default.ClientHandler[100]
      Sending HTTP request POST https://localhost:44399/scheduletask/runtask
info: System.Net.Http.HttpClient.default.ClientHandler[101]
      Received HTTP response headers after 15.0255ms - 404
info: System.Net.Http.HttpClient.default.LogicalHandler[101]
      End processing HTTP request after 22.0093ms - 404
info: System.Net.Http.HttpClient.default.LogicalHandler[100]
      Start processing HTTP request POST https://localhost:44399/scheduletask/runtask
info: System.Net.Http.HttpClient.default.ClientHandler[100]
      Sending HTTP request POST https://localhost:44399/scheduletask/runtask
info: System.Net.Http.HttpClient.default.ClientHandler[101]
      Received HTTP response headers after 9.3478ms - 404
info: System.Net.Http.HttpClient.default.LogicalHandler[101]
      End processing HTTP request after 15.5085ms - 404
info: System.Net.Http.HttpClient.default.LogicalHandler[100]
      Start processing HTTP request POST https://localhost:44399/scheduletask/runtask
info: System.Net.Http.HttpClient.default.ClientHandler[100]
      Sending HTTP request POST https://localhost:44399/scheduletask/runtask
info: System.Net.Http.HttpClient.default.ClientHandler[101]
      Received HTTP response headers after 16.8349ms - 404
info: System.Net.Http.HttpClient.default.LogicalHandler[101]
      End processing HTTP request after 23.3594ms - 404
info: System.Net.Http.HttpClient.default.LogicalHandler[100]
      Start processing HTTP request POST https://localhost:44399/scheduletask/runtask
info: System.Net.Http.HttpClient.default.ClientHandler[100]
      Sending HTTP request POST https://localhost:44399/scheduletask/runtask
info: System.Net.Http.HttpClient.default.ClientHandler[101]
      Received HTTP response headers after 4.7535ms - 404
info: System.Net.Http.HttpClient.default.LogicalHandler[101]
      End processing HTTP request after 10.0261ms - 404
info: System.Net.Http.HttpClient.default.LogicalHandler[100]
      Start processing HTTP request POST https://localhost:44399/scheduletask/runtask
info: System.Net.Http.HttpClient.default.ClientHandler[100]
      Sending HTTP request POST https://localhost:44399/scheduletask/runtask
info: System.Net.Http.HttpClient.default.ClientHandler[101]
      Received HTTP response headers after 10.8521ms - 404
info: System.Net.Http.HttpClient.default.LogicalHandler[101]
      End processing HTTP request after 18.8125ms - 404
info: System.Net.Http.HttpClient.default.LogicalHandler[100]
      Start processing HTTP request POST https://localhost:44399/scheduletask/runtask
info: System.Net.Http.HttpClient.default.ClientHandler[100]
      Sending HTTP request POST https://localhost:44399/scheduletask/runtask
info: System.Net.Http.HttpClient.default.ClientHandler[101]
      Received HTTP response headers after 5.7574ms - 404
info: System.Net.Http.HttpClient.default.LogicalHandler[101]
      End processing HTTP request after 9.5394ms - 404
info: System.Net.Http.HttpClient.default.LogicalHandler[100]
      Start processing HTTP request POST https://localhost:44399/scheduletask/runtask
info: System.Net.Http.HttpClient.default.ClientHandler[100]
      Sending HTTP request POST https://localhost:44399/scheduletask/runtask
info: System.Net.Http.HttpClient.default.ClientHandler[101]
      Received HTTP response headers after 7.1615ms - 404
info: System.Net.Http.HttpClient.default.LogicalHandler[101]
      End processing HTTP request after 12.558ms - 404
info: System.Net.Http.HttpClient.default.LogicalHandler[100]
      Start processing HTTP request POST https://localhost:44399/scheduletask/runtask
info: System.Net.Http.HttpClient.default.ClientHandler[100]
      Sending HTTP request POST https://localhost:44399/scheduletask/runtask
info: System.Net.Http.HttpClient.default.ClientHandler[101]
      Received HTTP response headers after 19.0554ms - 404
info: System.Net.Http.HttpClient.default.LogicalHandler[101]
      End processing HTTP request after 31.6739ms - 404
info: System.Net.Http.HttpClient.default.LogicalHandler[100]
      Start processing HTTP request POST https://localhost:44399/scheduletask/runtask
info: System.Net.Http.HttpClient.default.ClientHandler[100]
      Sending HTTP request POST https://localhost:44399/scheduletask/runtask
info: System.Net.Http.HttpClient.default.ClientHandler[101]
      Received HTTP response headers after 5.1833ms - 404
info: System.Net.Http.HttpClient.default.LogicalHandler[101]
      End processing HTTP request after 10.0187ms - 404
info: Microsoft.Hosting.Lifetime[0]
      Application is shutting down...
