info: System.Net.Http.HttpClient.default.LogicalHandler[100]
      Start processing HTTP request POST https://localhost:44399/scheduletask/runtask
info: System.Net.Http.HttpClient.default.LogicalHandler[100]
      Start processing HTTP request POST https://localhost:44399/scheduletask/runtask
info: System.Net.Http.HttpClient.default.LogicalHandler[100]
      Start processing HTTP request POST https://localhost:44399/scheduletask/runtask
info: System.Net.Http.HttpClient.default.LogicalHandler[100]
      Start processing HTTP request POST https://localhost:44399/scheduletask/runtask
info: System.Net.Http.HttpClient.default.LogicalHandler[100]
      Start processing HTTP request POST https://localhost:44399/scheduletask/runtask
info: System.Net.Http.HttpClient.default.ClientHandler[100]
      Sending HTTP request POST https://localhost:44399/scheduletask/runtask
info: System.Net.Http.HttpClient.default.ClientHandler[100]
      Sending HTTP request POST https://localhost:44399/scheduletask/runtask
info: System.Net.Http.HttpClient.default.ClientHandler[100]
      Sending HTTP request POST https://localhost:44399/scheduletask/runtask
info: System.Net.Http.HttpClient.default.ClientHandler[100]
      Sending HTTP request POST https://localhost:44399/scheduletask/runtask
info: System.Net.Http.HttpClient.default.ClientHandler[100]
      Sending HTTP request POST https://localhost:44399/scheduletask/runtask
info: System.Net.Http.HttpClient.default.LogicalHandler[100]
      Start processing HTTP request POST https://localhost:44399/scheduletask/runtask
info: System.Net.Http.HttpClient.default.ClientHandler[100]
      Sending HTTP request POST https://localhost:44399/scheduletask/runtask
info: System.Net.Http.HttpClient.default.LogicalHandler[100]
      Start processing HTTP request POST https://localhost:44399/scheduletask/runtask
info: System.Net.Http.HttpClient.default.LogicalHandler[100]
      Start processing HTTP request POST https://localhost:44399/scheduletask/runtask
info: System.Net.Http.HttpClient.default.LogicalHandler[100]
      Start processing HTTP request POST https://localhost:44399/scheduletask/runtask
info: System.Net.Http.HttpClient.default.LogicalHandler[100]
      Start processing HTTP request POST https://localhost:44399/scheduletask/runtask
info: System.Net.Http.HttpClient.default.LogicalHandler[100]
      Start processing HTTP request POST https://localhost:44399/scheduletask/runtask
info: System.Net.Http.HttpClient.default.LogicalHandler[100]
      Start processing HTTP request POST https://localhost:44399/scheduletask/runtask
info: System.Net.Http.HttpClient.default.ClientHandler[100]
      Sending HTTP request POST https://localhost:44399/scheduletask/runtask
info: System.Net.Http.HttpClient.default.ClientHandler[100]
      Sending HTTP request POST https://localhost:44399/scheduletask/runtask
info: System.Net.Http.HttpClient.default.ClientHandler[100]
      Sending HTTP request POST https://localhost:44399/scheduletask/runtask
info: System.Net.Http.HttpClient.default.ClientHandler[100]
      Sending HTTP request POST https://localhost:44399/scheduletask/runtask
info: System.Net.Http.HttpClient.default.ClientHandler[100]
      Sending HTTP request POST https://localhost:44399/scheduletask/runtask
info: System.Net.Http.HttpClient.default.ClientHandler[100]
      Sending HTTP request POST https://localhost:44399/scheduletask/runtask
info: System.Net.Http.HttpClient.default.LogicalHandler[100]
      Start processing HTTP request POST https://localhost:44399/scheduletask/runtask
info: System.Net.Http.HttpClient.default.LogicalHandler[100]
      Start processing HTTP request POST https://localhost:44399/scheduletask/runtask
info: System.Net.Http.HttpClient.default.LogicalHandler[100]
      Start processing HTTP request POST https://localhost:44399/scheduletask/runtask
info: System.Net.Http.HttpClient.default.ClientHandler[100]
      Sending HTTP request POST https://localhost:44399/scheduletask/runtask
info: System.Net.Http.HttpClient.default.ClientHandler[100]
      Sending HTTP request POST https://localhost:44399/scheduletask/runtask
info: System.Net.Http.HttpClient.default.ClientHandler[100]
      Sending HTTP request POST https://localhost:44399/scheduletask/runtask
info: System.Net.Http.HttpClient.default.LogicalHandler[100]
      Start processing HTTP request POST https://localhost:44399/scheduletask/runtask
info: System.Net.Http.HttpClient.default.LogicalHandler[100]
      Start processing HTTP request POST https://localhost:44399/scheduletask/runtask
info: System.Net.Http.HttpClient.default.ClientHandler[100]
      Sending HTTP request POST https://localhost:44399/scheduletask/runtask
info: System.Net.Http.HttpClient.default.ClientHandler[100]
      Sending HTTP request POST https://localhost:44399/scheduletask/runtask
info: System.Net.Http.HttpClient.default.ClientHandler[101]
      Received HTTP response headers after 567.4866ms - 404
info: System.Net.Http.HttpClient.default.ClientHandler[101]
      Received HTTP response headers after 565.4294ms - 404
info: System.Net.Http.HttpClient.default.ClientHandler[101]
      Received HTTP response headers after 568.5832ms - 404
info: System.Net.Http.HttpClient.default.ClientHandler[101]
      Received HTTP response headers after 569.7818ms - 404
info: System.Net.Http.HttpClient.default.ClientHandler[101]
      Received HTTP response headers after 555.3426ms - 404
info: System.Net.Http.HttpClient.default.ClientHandler[101]
      Received HTTP response headers after 566.4903ms - 404
info: System.Net.Http.HttpClient.default.LogicalHandler[101]
      End processing HTTP request after 576.8402ms - 404
info: System.Net.Http.HttpClient.default.LogicalHandler[101]
      End processing HTTP request after 629.1253ms - 404
info: System.Net.Http.HttpClient.default.LogicalHandler[101]
      End processing HTTP request after 629.1356ms - 404
info: System.Net.Http.HttpClient.default.LogicalHandler[101]
      End processing HTTP request after 629.1934ms - 404
info: System.Net.Http.HttpClient.default.LogicalHandler[101]
      End processing HTTP request after 629.1897ms - 404
info: System.Net.Http.HttpClient.default.LogicalHandler[101]
      End processing HTTP request after 628.9649ms - 404
info: System.Net.Http.HttpClient.default.LogicalHandler[100]
      Start processing HTTP request POST https://localhost:44399/scheduletask/runtask
info: System.Net.Http.HttpClient.default.LogicalHandler[100]
      Start processing HTTP request POST https://localhost:44399/scheduletask/runtask
info: System.Net.Http.HttpClient.default.LogicalHandler[100]
      Start processing HTTP request POST https://localhost:44399/scheduletask/runtask
info: System.Net.Http.HttpClient.default.LogicalHandler[100]
      Start processing HTTP request POST https://localhost:44399/scheduletask/runtask
info: System.Net.Http.HttpClient.default.ClientHandler[100]
      Sending HTTP request POST https://localhost:44399/scheduletask/runtask
info: System.Net.Http.HttpClient.default.LogicalHandler[100]
      Start processing HTTP request POST https://localhost:44399/scheduletask/runtask
info: System.Net.Http.HttpClient.default.ClientHandler[100]
      Sending HTTP request POST https://localhost:44399/scheduletask/runtask
info: System.Net.Http.HttpClient.default.LogicalHandler[100]
      Start processing HTTP request POST https://localhost:44399/scheduletask/runtask
info: System.Net.Http.HttpClient.default.ClientHandler[100]
      Sending HTTP request POST https://localhost:44399/scheduletask/runtask
info: System.Net.Http.HttpClient.default.ClientHandler[100]
      Sending HTTP request POST https://localhost:44399/scheduletask/runtask
info: System.Net.Http.HttpClient.default.ClientHandler[100]
      Sending HTTP request POST https://localhost:44399/scheduletask/runtask
info: System.Net.Http.HttpClient.default.ClientHandler[100]
      Sending HTTP request POST https://localhost:44399/scheduletask/runtask
info: System.Net.Http.HttpClient.default.ClientHandler[101]
      Received HTTP response headers after 485.6599ms - 404
info: System.Net.Http.HttpClient.default.LogicalHandler[101]
      End processing HTTP request after 570.5137ms - 404
info: System.Net.Http.HttpClient.default.ClientHandler[101]
      Received HTTP response headers after 570.9284ms - 404
info: System.Net.Http.HttpClient.default.LogicalHandler[101]
      End processing HTTP request after 830.2921ms - 404
info: System.Net.Http.HttpClient.default.ClientHandler[101]
      Received HTTP response headers after 610.3892ms - 404
info: System.Net.Http.HttpClient.default.ClientHandler[101]
      Received HTTP response headers after 645.2861ms - 404
info: System.Net.Http.HttpClient.default.LogicalHandler[101]
      End processing HTTP request after 839.6075ms - 404
info: System.Net.Http.HttpClient.default.LogicalHandler[100]
      Start processing HTTP request POST https://localhost:44399/scheduletask/runtask
info: System.Net.Http.HttpClient.default.LogicalHandler[101]
      End processing HTTP request after 846.5098ms - 404
info: System.Net.Http.HttpClient.default.ClientHandler[100]
      Sending HTTP request POST https://localhost:44399/scheduletask/runtask
info: System.Net.Http.HttpClient.default.LogicalHandler[100]
      Start processing HTTP request POST https://localhost:44399/scheduletask/runtask
info: System.Net.Http.HttpClient.default.ClientHandler[100]
      Sending HTTP request POST https://localhost:44399/scheduletask/runtask
info: System.Net.Http.HttpClient.default.LogicalHandler[100]
      Start processing HTTP request POST https://localhost:44399/scheduletask/runtask
info: System.Net.Http.HttpClient.default.ClientHandler[100]
      Sending HTTP request POST https://localhost:44399/scheduletask/runtask
info: System.Net.Http.HttpClient.default.LogicalHandler[100]
      Start processing HTTP request POST https://localhost:44399/scheduletask/runtask
info: System.Net.Http.HttpClient.default.ClientHandler[100]
      Sending HTTP request POST https://localhost:44399/scheduletask/runtask
info: System.Net.Http.HttpClient.default.ClientHandler[101]
      Received HTTP response headers after 535.1242ms - 404
info: System.Net.Http.HttpClient.default.ClientHandler[101]
      Received HTTP response headers after 629.6106ms - 404
info: System.Net.Http.HttpClient.default.LogicalHandler[101]
      End processing HTTP request after 707.2957ms - 404
info: System.Net.Http.HttpClient.default.ClientHandler[101]
      Received HTTP response headers after 592.7292ms - 404
info: System.Net.Http.HttpClient.default.LogicalHandler[101]
      End processing HTTP request after 785.66ms - 404
info: System.Net.Http.HttpClient.default.ClientHandler[101]
      Received HTTP response headers after 268.5519ms - 404
info: System.Net.Http.HttpClient.default.ClientHandler[101]
      Received HTTP response headers after 264.6819ms - 404
info: System.Net.Http.HttpClient.default.LogicalHandler[100]
      Start processing HTTP request POST https://localhost:44399/scheduletask/runtask
info: System.Net.Http.HttpClient.default.LogicalHandler[101]
      End processing HTTP request after 429.3754ms - 404
info: System.Net.Http.HttpClient.default.LogicalHandler[101]
      End processing HTTP request after 728.3075ms - 404
info: System.Net.Http.HttpClient.default.ClientHandler[101]
      Received HTTP response headers after 689.9354ms - 404
info: System.Net.Http.HttpClient.default.LogicalHandler[101]
      End processing HTTP request after 736.5115ms - 404
info: System.Net.Http.HttpClient.default.LogicalHandler[100]
      Start processing HTTP request POST https://localhost:44399/scheduletask/runtask
info: System.Net.Http.HttpClient.default.LogicalHandler[100]
      Start processing HTTP request POST https://localhost:44399/scheduletask/runtask
info: System.Net.Http.HttpClient.default.LogicalHandler[100]
      Start processing HTTP request POST https://localhost:44399/scheduletask/runtask
info: System.Net.Http.HttpClient.default.LogicalHandler[101]
      End processing HTTP request after 506.3824ms - 404
info: System.Net.Http.HttpClient.default.ClientHandler[100]
      Sending HTTP request POST https://localhost:44399/scheduletask/runtask
info: System.Net.Http.HttpClient.default.LogicalHandler[100]
      Start processing HTTP request POST https://localhost:44399/scheduletask/runtask
info: System.Net.Http.HttpClient.default.ClientHandler[100]
      Sending HTTP request POST https://localhost:44399/scheduletask/runtask
info: System.Net.Http.HttpClient.default.ClientHandler[100]
      Sending HTTP request POST https://localhost:44399/scheduletask/runtask
info: System.Net.Http.HttpClient.default.ClientHandler[100]
      Sending HTTP request POST https://localhost:44399/scheduletask/runtask
info: System.Net.Http.HttpClient.default.ClientHandler[100]
      Sending HTTP request POST https://localhost:44399/scheduletask/runtask
info: System.Net.Http.HttpClient.default.LogicalHandler[100]
      Start processing HTTP request POST https://localhost:44399/scheduletask/runtask
info: System.Net.Http.HttpClient.default.ClientHandler[100]
      Sending HTTP request POST https://localhost:44399/scheduletask/runtask
info: System.Net.Http.HttpClient.default.ClientHandler[101]
      Received HTTP response headers after 1078.4509ms - 404
info: System.Net.Http.HttpClient.default.ClientHandler[101]
      Received HTTP response headers after 1116.1101ms - 404
info: System.Net.Http.HttpClient.default.ClientHandler[101]
      Received HTTP response headers after 1084.9629ms - 404
info: System.Net.Http.HttpClient.default.LogicalHandler[101]
      End processing HTTP request after 1243.4955ms - 404
info: System.Net.Http.HttpClient.default.LogicalHandler[101]
      End processing HTTP request after 1248.6417ms - 404
info: System.Net.Http.HttpClient.default.LogicalHandler[100]
      Start processing HTTP request POST https://localhost:44399/scheduletask/runtask
info: System.Net.Http.HttpClient.default.LogicalHandler[101]
      End processing HTTP request after 1273.8674ms - 404
info: System.Net.Http.HttpClient.default.LogicalHandler[100]
      Start processing HTTP request POST https://localhost:44399/scheduletask/runtask
info: System.Net.Http.HttpClient.default.ClientHandler[100]
      Sending HTTP request POST https://localhost:44399/scheduletask/runtask
info: System.Net.Http.HttpClient.default.ClientHandler[100]
      Sending HTTP request POST https://localhost:44399/scheduletask/runtask
info: System.Net.Http.HttpClient.default.LogicalHandler[100]
      Start processing HTTP request POST https://localhost:44399/scheduletask/runtask
info: System.Net.Http.HttpClient.default.ClientHandler[100]
      Sending HTTP request POST https://localhost:44399/scheduletask/runtask
info: System.Net.Http.HttpClient.default.ClientHandler[101]
      Received HTTP response headers after 651.9494ms - 404
info: System.Net.Http.HttpClient.default.ClientHandler[101]
      Received HTTP response headers after 667.276ms - 404
info: System.Net.Http.HttpClient.default.LogicalHandler[101]
      End processing HTTP request after 799.1514ms - 404
info: System.Net.Http.HttpClient.default.LogicalHandler[101]
      End processing HTTP request after 799.2392ms - 404
info: System.Net.Http.HttpClient.default.ClientHandler[101]
      Received HTTP response headers after 745.8798ms - 404
info: System.Net.Http.HttpClient.default.LogicalHandler[100]
      Start processing HTTP request POST https://localhost:44399/scheduletask/runtask
info: System.Net.Http.HttpClient.default.LogicalHandler[100]
      Start processing HTTP request POST https://localhost:44399/scheduletask/runtask
info: System.Net.Http.HttpClient.default.LogicalHandler[101]
      End processing HTTP request after 863.8037ms - 404
info: System.Net.Http.HttpClient.default.ClientHandler[100]
      Sending HTTP request POST https://localhost:44399/scheduletask/runtask
info: System.Net.Http.HttpClient.default.ClientHandler[101]
      Received HTTP response headers after 797.4499ms - 404
info: System.Net.Http.HttpClient.default.ClientHandler[100]
      Sending HTTP request POST https://localhost:44399/scheduletask/runtask
info: System.Net.Http.HttpClient.default.LogicalHandler[101]
      End processing HTTP request after 986.171ms - 404
info: System.Net.Http.HttpClient.default.LogicalHandler[100]
      Start processing HTTP request POST https://localhost:44399/scheduletask/runtask
info: System.Net.Http.HttpClient.default.ClientHandler[100]
      Sending HTTP request POST https://localhost:44399/scheduletask/runtask
info: System.Net.Http.HttpClient.default.ClientHandler[101]
      Received HTTP response headers after 782.1831ms - 404
info: System.Net.Http.HttpClient.default.LogicalHandler[101]
      End processing HTTP request after 791.3751ms - 404
info: System.Net.Http.HttpClient.default.ClientHandler[101]
      Received HTTP response headers after 429.4923ms - 404
info: System.Net.Http.HttpClient.default.ClientHandler[101]
      Received HTTP response headers after 510.994ms - 404
info: System.Net.Http.HttpClient.default.LogicalHandler[101]
      End processing HTTP request after 470.4152ms - 404
info: System.Net.Http.HttpClient.default.LogicalHandler[101]
      End processing HTTP request after 740.5862ms - 404
info: System.Net.Http.HttpClient.default.LogicalHandler[100]
      Start processing HTTP request POST https://localhost:44399/scheduletask/runtask
info: System.Net.Http.HttpClient.default.LogicalHandler[100]
      Start processing HTTP request POST https://localhost:44399/scheduletask/runtask
info: System.Net.Http.HttpClient.default.ClientHandler[100]
      Sending HTTP request POST https://localhost:44399/scheduletask/runtask
info: System.Net.Http.HttpClient.default.ClientHandler[100]
      Sending HTTP request POST https://localhost:44399/scheduletask/runtask
info: System.Net.Http.HttpClient.default.ClientHandler[101]
      Received HTTP response headers after 901.7976ms - 404
info: System.Net.Http.HttpClient.default.LogicalHandler[101]
      End processing HTTP request after 945.9272ms - 404
info: System.Net.Http.HttpClient.default.ClientHandler[101]
      Received HTTP response headers after 879.2868ms - 404
info: System.Net.Http.HttpClient.default.LogicalHandler[101]
      End processing HTTP request after 906.2556ms - 404
info: System.Net.Http.HttpClient.default.ClientHandler[101]
      Received HTTP response headers after 570.2619ms - 404
info: System.Net.Http.HttpClient.default.ClientHandler[101]
      Received HTTP response headers after 456.1732ms - 404
info: System.Net.Http.HttpClient.default.LogicalHandler[100]
      Start processing HTTP request POST https://localhost:44399/scheduletask/runtask
info: System.Net.Http.HttpClient.default.ClientHandler[101]
      Received HTTP response headers after 875.7423ms - 404
info: System.Net.Http.HttpClient.default.ClientHandler[101]
      Received HTTP response headers after 583.7795ms - 404
info: System.Net.Http.HttpClient.default.LogicalHandler[101]
      End processing HTTP request after 712.7267ms - 404
info: System.Net.Http.HttpClient.default.LogicalHandler[101]
      End processing HTTP request after 525.6731ms - 404
info: System.Net.Http.HttpClient.default.LogicalHandler[101]
      End processing HTTP request after 774.0698ms - 404
info: System.Net.Http.HttpClient.default.LogicalHandler[100]
      Start processing HTTP request POST https://localhost:44399/scheduletask/runtask
info: System.Net.Http.HttpClient.default.ClientHandler[100]
      Sending HTTP request POST https://localhost:44399/scheduletask/runtask
info: System.Net.Http.HttpClient.default.LogicalHandler[100]
      Start processing HTTP request POST https://localhost:44399/scheduletask/runtask
info: System.Net.Http.HttpClient.default.ClientHandler[100]
      Sending HTTP request POST https://localhost:44399/scheduletask/runtask
info: System.Net.Http.HttpClient.default.LogicalHandler[101]
      End processing HTTP request after 1044.7948ms - 404
info: System.Net.Http.HttpClient.default.LogicalHandler[100]
      Start processing HTTP request POST https://localhost:44399/scheduletask/runtask
info: System.Net.Http.HttpClient.default.LogicalHandler[100]
      Start processing HTTP request POST https://localhost:44399/scheduletask/runtask
info: System.Net.Http.HttpClient.default.ClientHandler[100]
      Sending HTTP request POST https://localhost:44399/scheduletask/runtask
info: System.Net.Http.HttpClient.default.ClientHandler[101]
      Received HTTP response headers after 773.0222ms - 404
info: System.Net.Http.HttpClient.default.ClientHandler[101]
      Received HTTP response headers after 454.6708ms - 404
info: System.Net.Http.HttpClient.default.ClientHandler[101]
      Received HTTP response headers after 649.1536ms - 404
info: System.Net.Http.HttpClient.default.LogicalHandler[101]
      End processing HTTP request after 541.4881ms - 404
info: System.Net.Http.HttpClient.default.LogicalHandler[101]
      End processing HTTP request after 900.0938ms - 404
info: System.Net.Http.HttpClient.default.ClientHandler[101]
      Received HTTP response headers after 836.5993ms - 404
info: System.Net.Http.HttpClient.default.LogicalHandler[101]
      End processing HTTP request after 901.4067ms - 404
info: System.Net.Http.HttpClient.default.ClientHandler[100]
      Sending HTTP request POST https://localhost:44399/scheduletask/runtask
info: System.Net.Http.HttpClient.default.LogicalHandler[101]
      End processing HTTP request after 774.2662ms - 404
info: System.Net.Http.HttpClient.default.ClientHandler[100]
      Sending HTTP request POST https://localhost:44399/scheduletask/runtask
info: System.Net.Http.HttpClient.default.ClientHandler[101]
      Received HTTP response headers after 542.579ms - 404
info: System.Net.Http.HttpClient.default.LogicalHandler[101]
      End processing HTTP request after 636.7552ms - 404
info: System.Net.Http.HttpClient.default.ClientHandler[101]
      Received HTTP response headers after 546.3134ms - 404
info: System.Net.Http.HttpClient.default.LogicalHandler[101]
      End processing HTTP request after 573.3852ms - 404
info: System.Net.Http.HttpClient.default.LogicalHandler[100]
      Start processing HTTP request POST https://localhost:44399/scheduletask/runtask
info: System.Net.Http.HttpClient.default.ClientHandler[101]
      Received HTTP response headers after 392.5505ms - 404
info: System.Net.Http.HttpClient.default.ClientHandler[100]
      Sending HTTP request POST https://localhost:44399/scheduletask/runtask
info: System.Net.Http.HttpClient.default.ClientHandler[101]
      Received HTTP response headers after 428.007ms - 404
info: System.Net.Http.HttpClient.default.LogicalHandler[101]
      End processing HTTP request after 466.7667ms - 404
info: System.Net.Http.HttpClient.default.LogicalHandler[100]
      Start processing HTTP request POST https://localhost:44399/scheduletask/runtask
info: System.Net.Http.HttpClient.default.LogicalHandler[101]
      End processing HTTP request after 497.3693ms - 404
info: System.Net.Http.HttpClient.default.ClientHandler[100]
      Sending HTTP request POST https://localhost:44399/scheduletask/runtask
info: System.Net.Http.HttpClient.default.ClientHandler[101]
      Received HTTP response headers after 981.9598ms - 404
info: System.Net.Http.HttpClient.default.ClientHandler[101]
      Received HTTP response headers after 364.3813ms - 404
info: System.Net.Http.HttpClient.default.ClientHandler[101]
      Received HTTP response headers after 361.6639ms - 404
info: System.Net.Http.HttpClient.default.LogicalHandler[101]
      End processing HTTP request after 1068.4073ms - 404
info: System.Net.Http.HttpClient.default.LogicalHandler[101]
      End processing HTTP request after 388.3727ms - 404
info: System.Net.Http.HttpClient.default.LogicalHandler[101]
      End processing HTTP request after 448.248ms - 404
info: System.Net.Http.HttpClient.default.LogicalHandler[100]
      Start processing HTTP request POST https://localhost:44399/scheduletask/runtask
info: System.Net.Http.HttpClient.default.ClientHandler[100]
      Sending HTTP request POST https://localhost:44399/scheduletask/runtask
info: System.Net.Http.HttpClient.default.ClientHandler[101]
      Received HTTP response headers after 295.3384ms - 404
info: System.Net.Http.HttpClient.default.LogicalHandler[101]
      End processing HTTP request after 638.7842ms - 404
info: System.Net.Http.HttpClient.default.ClientHandler[101]
      Received HTTP response headers after 149.9064ms - 404
info: System.Net.Http.HttpClient.default.ClientHandler[101]
      Received HTTP response headers after 154.1979ms - 404
info: System.Net.Http.HttpClient.default.ClientHandler[101]
      Received HTTP response headers after 262.304ms - 404
info: System.Net.Http.HttpClient.default.LogicalHandler[101]
      End processing HTTP request after 258.3118ms - 404
info: System.Net.Http.HttpClient.default.LogicalHandler[101]
      End processing HTTP request after 157.5355ms - 404
info: System.Net.Http.HttpClient.default.ClientHandler[101]
      Received HTTP response headers after 476.4149ms - 404
info: System.Net.Http.HttpClient.default.LogicalHandler[101]
      End processing HTTP request after 478.2857ms - 404
info: System.Net.Http.HttpClient.default.LogicalHandler[101]
      End processing HTTP request after 482.9821ms - 404
info: System.Net.Http.HttpClient.default.ClientHandler[101]
      Received HTTP response headers after 95.05ms - 404
info: System.Net.Http.HttpClient.default.LogicalHandler[101]
      End processing HTTP request after 124.3847ms - 404
info: Microsoft.AspNetCore.Hosting.Diagnostics[1]
      Request starting HTTP/2 GET https://localhost:44376/ - - -
info: Microsoft.AspNetCore.Hosting.Diagnostics[1]
      Request starting HTTP/2 GET https://localhost:44376/checkout/completed/13715 - - -
info: Microsoft.Hosting.Lifetime[0]
      Application started. Press Ctrl+C to shut down.
info: Microsoft.Hosting.Lifetime[0]
      Hosting environment: Development
info: Microsoft.Hosting.Lifetime[0]
      Content root path: D:\Mind web Tree\Slc4.9\Source Code\Presentation\Nop.Web
info: Microsoft.AspNetCore.Routing.EndpointMiddleware[0]
      Executing endpoint 'Nop.Web.Controllers.HomeController.Index (Nop.Web)'
info: Microsoft.AspNetCore.Routing.EndpointMiddleware[0]
      Executing endpoint 'MWT.Plugin.Misc.MwtStorefront.Controllers.CheckoutExtendedController.CustomCompleted (MWT.Plugin.Misc.MwtStorefront)'
info: Microsoft.AspNetCore.Mvc.Infrastructure.ControllerActionInvoker[102]
      Route matched with {action = "Index", controller = "Home", area = ""}. Executing controller action with signature Microsoft.AspNetCore.Mvc.IActionResult Index() on controller Nop.Web.Controllers.HomeController (Nop.Web).
info: Microsoft.AspNetCore.Mvc.Infrastructure.ControllerActionInvoker[102]
      Route matched with {action = "CustomCompleted", controller = "CheckoutExtended", area = ""}. Executing controller action with signature System.Threading.Tasks.Task`1[Microsoft.AspNetCore.Mvc.IActionResult] CustomCompleted(System.Nullable`1[System.Int32]) on controller MWT.Plugin.Misc.MwtStorefront.Controllers.CheckoutExtendedController (MWT.Plugin.Misc.MwtStorefront).
info: Microsoft.AspNetCore.Mvc.ViewFeatures.ViewResultExecutor[1]
      Executing ViewResult, running view Completed.
info: Microsoft.AspNetCore.Mvc.ViewFeatures.ViewResultExecutor[1]
      Executing ViewResult, running view Index.
info: Microsoft.AspNetCore.Mvc.ViewFeatures.ViewResultExecutor[4]
      Executed ViewResult - view Index executed in 24306.821ms.
info: Microsoft.AspNetCore.Mvc.ViewFeatures.ViewResultExecutor[4]
      Executed ViewResult - view Completed executed in 23146.3798ms.
info: Microsoft.AspNetCore.Mvc.Infrastructure.ControllerActionInvoker[105]
      Executed action MWT.Plugin.Misc.MwtStorefront.Controllers.CheckoutExtendedController.CustomCompleted (MWT.Plugin.Misc.MwtStorefront) in 24497.6543ms
info: Microsoft.AspNetCore.Mvc.Infrastructure.ControllerActionInvoker[105]
      Executed action Nop.Web.Controllers.HomeController.Index (Nop.Web) in 24504.7824ms
info: Microsoft.AspNetCore.Routing.EndpointMiddleware[1]
      Executed endpoint 'Nop.Web.Controllers.HomeController.Index (Nop.Web)'
info: Microsoft.AspNetCore.Routing.EndpointMiddleware[1]
      Executed endpoint 'MWT.Plugin.Misc.MwtStorefront.Controllers.CheckoutExtendedController.CustomCompleted (MWT.Plugin.Misc.MwtStorefront)'
info: Microsoft.AspNetCore.Hosting.Diagnostics[1]
      Request starting HTTP/2 GET https://localhost:44376/.well-known/appspecific/com.chrome.devtools.json - - -
info: Microsoft.AspNetCore.Hosting.Diagnostics[2]
      Request finished HTTP/2 GET https://localhost:44376/checkout/completed/13715 - 200 - text/html;+charset=utf-8 25963.4609ms
info: Microsoft.AspNetCore.Hosting.Diagnostics[2]
      Request finished HTTP/2 GET https://localhost:44376/ - 200 - text/html;+charset=utf-8 25963.3201ms
info: Microsoft.AspNetCore.Hosting.Diagnostics[1]
      Request starting HTTP/2 GET https://localhost:44376/images/phone.png - - -
info: Microsoft.AspNetCore.Hosting.Diagnostics[1]
      Request starting HTTP/2 GET https://localhost:44376/_framework/aspnetcore-browser-refresh.js - - -
info: Microsoft.AspNetCore.Hosting.Diagnostics[1]
      Request starting HTTP/2 GET https://localhost:44376/_vs/browserLink - - -
info: Microsoft.AspNetCore.Hosting.Diagnostics[1]
      Request starting HTTP/2 GET https://localhost:44376/images/icons/hand-holding-dollar-solid.svg - - -
info: Microsoft.AspNetCore.Hosting.Diagnostics[1]
      Request starting HTTP/2 GET https://localhost:44376/_framework/aspnetcore-browser-refresh.js - - -
info: Microsoft.AspNetCore.Hosting.Diagnostics[1]
      Request starting HTTP/2 GET https://localhost:44376/Themes/BlackWhiteTheme/Content/images/top.png - - -
info: Microsoft.AspNetCore.Hosting.Diagnostics[1]
      Request starting HTTP/2 GET https://localhost:44376/images/icons/hand-holding-dollar-solid.svg - - -
info: Microsoft.AspNetCore.Hosting.Diagnostics[1]
      Request starting HTTP/2 GET https://localhost:44376/Themes/BlackWhiteTheme/Content/fonts/anticdidone/BonaNova-Regular.woff2 - - -
info: Microsoft.AspNetCore.Hosting.Diagnostics[1]
      Request starting HTTP/2 GET https://localhost:44376/Plugins/MWT.Plugin.Misc.MwtStorefront/Content/css/bootstrap.min.css.map - - -
info: Microsoft.AspNetCore.Hosting.Diagnostics[1]
      Request starting HTTP/2 GET https://localhost:44376/Plugins/MWT.Plugin.Misc.MwtStorefront/Content/js/bootstrap.bundle.min.js.map - - -
info: Microsoft.AspNetCore.Hosting.Diagnostics[1]
      Request starting HTTP/2 GET https://localhost:44376/images/pixel.png - - -
info: Microsoft.AspNetCore.Hosting.Diagnostics[2]
      Request finished HTTP/2 GET https://localhost:44376/_framework/aspnetcore-browser-refresh.js - 200 16499 application/javascript;+charset=utf-8 288.6705ms
info: Microsoft.AspNetCore.Hosting.Diagnostics[2]
      Request finished HTTP/2 GET https://localhost:44376/_framework/aspnetcore-browser-refresh.js - 200 16499 application/javascript;+charset=utf-8 285.6167ms
info: Microsoft.AspNetCore.Hosting.Diagnostics[1]
      Request starting HTTP/2 POST https://localhost:44376/CampaignManagement/showPopup - application/x-www-form-urlencoded;+charset=UTF-8 84
info: Microsoft.AspNetCore.Hosting.Diagnostics[2]
      Request finished HTTP/2 GET https://localhost:44376/Themes/BlackWhiteTheme/Content/images/top.png - 404 - - 2443.7685ms
info: Microsoft.AspNetCore.Hosting.Diagnostics[2]
      Request finished HTTP/2 GET https://localhost:44376/images/icons/hand-holding-dollar-solid.svg - 404 - - 2445.9671ms
info: Microsoft.AspNetCore.Hosting.Diagnostics[2]
      Request finished HTTP/2 GET https://localhost:44376/Themes/BlackWhiteTheme/Content/fonts/anticdidone/BonaNova-Regular.woff2 - 404 - - 2439.8722ms
info: Microsoft.AspNetCore.Hosting.Diagnostics[1]
      Request starting HTTP/2 GET https://localhost:44376/poster.jpg - - -
info: Microsoft.AspNetCore.Hosting.Diagnostics[16]
      Request reached the end of the middleware pipeline without being handled by application code. Request path: GET https://localhost:44376/Themes/BlackWhiteTheme/Content/images/top.png, Response status code: 404
info: Microsoft.AspNetCore.Hosting.Diagnostics[16]
      Request reached the end of the middleware pipeline without being handled by application code. Request path: GET https://localhost:44376/images/icons/hand-holding-dollar-solid.svg, Response status code: 404
info: Microsoft.AspNetCore.Hosting.Diagnostics[16]
      Request reached the end of the middleware pipeline without being handled by application code. Request path: GET https://localhost:44376/Themes/BlackWhiteTheme/Content/fonts/anticdidone/BonaNova-Regular.woff2, Response status code: 404
info: Microsoft.AspNetCore.Hosting.Diagnostics[1]
      Request starting HTTP/2 GET https://localhost:44376/Themes/BlackWhiteTheme/Content/fonts/anticdidone/BonaNova-Regular.woff - - -
info: Microsoft.AspNetCore.Hosting.Diagnostics[2]
      Request finished HTTP/2 GET https://localhost:44376/Plugins/MWT.Plugin.Misc.MwtStorefront/Content/js/bootstrap.bundle.min.js.map - 404 - - 2896.1265ms
info: Microsoft.AspNetCore.Hosting.Diagnostics[16]
      Request reached the end of the middleware pipeline without being handled by application code. Request path: GET https://localhost:44376/Plugins/MWT.Plugin.Misc.MwtStorefront/Content/js/bootstrap.bundle.min.js.map, Response status code: 404
info: Microsoft.AspNetCore.Hosting.Diagnostics[2]
      Request finished HTTP/2 GET https://localhost:44376/Plugins/MWT.Plugin.Misc.MwtStorefront/Content/css/bootstrap.min.css.map - 404 - - 3252.4328ms
info: Microsoft.AspNetCore.Hosting.Diagnostics[16]
      Request reached the end of the middleware pipeline without being handled by application code. Request path: GET https://localhost:44376/Plugins/MWT.Plugin.Misc.MwtStorefront/Content/css/bootstrap.min.css.map, Response status code: 404
info: Microsoft.AspNetCore.Hosting.Diagnostics[2]
      Request finished HTTP/2 GET https://localhost:44376/.well-known/appspecific/com.chrome.devtools.json - 404 - - 3666.2907ms
info: Microsoft.AspNetCore.Hosting.Diagnostics[16]
      Request reached the end of the middleware pipeline without being handled by application code. Request path: GET https://localhost:44376/.well-known/appspecific/com.chrome.devtools.json, Response status code: 404
info: Microsoft.AspNetCore.Hosting.Diagnostics[2]
      Request finished HTTP/2 GET https://localhost:44376/images/icons/hand-holding-dollar-solid.svg - 404 - - 3496.1990ms
info: Microsoft.AspNetCore.Hosting.Diagnostics[16]
      Request reached the end of the middleware pipeline without being handled by application code. Request path: GET https://localhost:44376/images/icons/hand-holding-dollar-solid.svg, Response status code: 404
info: Microsoft.AspNetCore.Hosting.Diagnostics[2]
      Request finished HTTP/2 GET https://localhost:44376/Themes/BlackWhiteTheme/Content/fonts/anticdidone/BonaNova-Regular.woff - 404 - - 868.2074ms
info: Microsoft.AspNetCore.Hosting.Diagnostics[16]
      Request reached the end of the middleware pipeline without being handled by application code. Request path: GET https://localhost:44376/Themes/BlackWhiteTheme/Content/fonts/anticdidone/BonaNova-Regular.woff, Response status code: 404
info: Microsoft.AspNetCore.Routing.EndpointMiddleware[0]
      Executing endpoint 'Nop.Web.Controllers.CommonController.GenericUrl (Nop.Web)'
info: Microsoft.AspNetCore.Routing.EndpointMiddleware[0]
      Executing endpoint 'MWT.Plugin.Misc.MwtStorefront.Controllers.CampaignManagementController.ShowPopup (MWT.Plugin.Misc.MwtStorefront)'
info: Microsoft.AspNetCore.Routing.EndpointMiddleware[0]
      Executing endpoint 'Nop.Web.Controllers.CommonController.GenericUrl (Nop.Web)'
info: Microsoft.AspNetCore.Hosting.Diagnostics[2]
      Request finished HTTP/2 GET https://localhost:44376/_vs/browserLink - 200 - text/javascript;+charset=UTF-8 3467.4553ms
info: Microsoft.AspNetCore.Hosting.Diagnostics[1]
      Request starting HTTP/2 GET https://localhost:44376/images/phone.png - - -
info: Microsoft.AspNetCore.Routing.EndpointMiddleware[0]
      Executing endpoint 'Nop.Web.Controllers.CommonController.GenericUrl (Nop.Web)'
info: Microsoft.AspNetCore.Mvc.Infrastructure.ControllerActionInvoker[102]
      Route matched with {action = "GenericUrl", controller = "Common", area = ""}. Executing controller action with signature Microsoft.AspNetCore.Mvc.IActionResult GenericUrl() on controller Nop.Web.Controllers.CommonController (Nop.Web).
info: Microsoft.AspNetCore.Mvc.Infrastructure.ControllerActionInvoker[102]
      Route matched with {action = "GenericUrl", controller = "Common", area = ""}. Executing controller action with signature Microsoft.AspNetCore.Mvc.IActionResult GenericUrl() on controller Nop.Web.Controllers.CommonController (Nop.Web).
info: Microsoft.AspNetCore.Mvc.Infrastructure.ControllerActionInvoker[102]
      Route matched with {action = "GenericUrl", controller = "Common", area = ""}. Executing controller action with signature Microsoft.AspNetCore.Mvc.IActionResult GenericUrl() on controller Nop.Web.Controllers.CommonController (Nop.Web).
info: Microsoft.AspNetCore.Routing.EndpointMiddleware[0]
      Executing endpoint 'Nop.Web.Controllers.CommonController.GenericUrl (Nop.Web)'
info: Microsoft.AspNetCore.Mvc.Infrastructure.ControllerActionInvoker[102]
      Route matched with {action = "ShowPopup", controller = "CampaignManagement", area = ""}. Executing controller action with signature System.Threading.Tasks.Task`1[Microsoft.AspNetCore.Mvc.IActionResult] ShowPopup(System.String, System.String, Boolean) on controller MWT.Plugin.Misc.MwtStorefront.Controllers.CampaignManagementController (MWT.Plugin.Misc.MwtStorefront).
info: Microsoft.AspNetCore.Mvc.Infrastructure.ControllerActionInvoker[102]
      Route matched with {action = "GenericUrl", controller = "Common", area = ""}. Executing controller action with signature Microsoft.AspNetCore.Mvc.IActionResult GenericUrl() on controller Nop.Web.Controllers.CommonController (Nop.Web).
info: Microsoft.AspNetCore.Mvc.Infrastructure.ControllerActionInvoker[105]
      Executed action Nop.Web.Controllers.CommonController.GenericUrl (Nop.Web) in 332.3734ms
info: Microsoft.AspNetCore.Mvc.Infrastructure.ControllerActionInvoker[105]
      Executed action Nop.Web.Controllers.CommonController.GenericUrl (Nop.Web) in 4.9242ms
info: Microsoft.AspNetCore.Mvc.Infrastructure.ControllerActionInvoker[105]
      Executed action Nop.Web.Controllers.CommonController.GenericUrl (Nop.Web) in 222.9881ms
info: Microsoft.AspNetCore.Routing.EndpointMiddleware[1]
      Executed endpoint 'Nop.Web.Controllers.CommonController.GenericUrl (Nop.Web)'
info: Microsoft.AspNetCore.Mvc.Infrastructure.ControllerActionInvoker[105]
      Executed action Nop.Web.Controllers.CommonController.GenericUrl (Nop.Web) in 364.2744ms
info: Microsoft.AspNetCore.Routing.EndpointMiddleware[1]
      Executed endpoint 'Nop.Web.Controllers.CommonController.GenericUrl (Nop.Web)'
info: Microsoft.AspNetCore.Routing.EndpointMiddleware[1]
      Executed endpoint 'Nop.Web.Controllers.CommonController.GenericUrl (Nop.Web)'
info: Microsoft.AspNetCore.Routing.EndpointMiddleware[1]
      Executed endpoint 'Nop.Web.Controllers.CommonController.GenericUrl (Nop.Web)'
info: Microsoft.AspNetCore.Hosting.Diagnostics[2]
      Request finished HTTP/2 GET https://localhost:44376/images/phone.png - 404 - - 4705.7700ms
info: Microsoft.AspNetCore.Hosting.Diagnostics[2]
      Request finished HTTP/2 GET https://localhost:44376/images/pixel.png - 404 - - 4249.6627ms
info: Microsoft.AspNetCore.Hosting.Diagnostics[2]
      Request finished HTTP/2 GET https://localhost:44376/images/phone.png - 404 - - 1129.9323ms
info: Microsoft.AspNetCore.Hosting.Diagnostics[2]
      Request finished HTTP/2 GET https://localhost:44376/poster.jpg - 404 - - 2120.3424ms
info: Microsoft.AspNetCore.Hosting.Diagnostics[1]
      Request starting HTTP/2 GET https://localhost:44376/Themes/BlackWhiteTheme/Content/images/top.png - - -
info: Microsoft.AspNetCore.Hosting.Diagnostics[1]
      Request starting HTTP/2 GET https://localhost:44376/_vs/browserLink - - -
info: Microsoft.AspNetCore.Hosting.Diagnostics[2]
      Request finished HTTP/2 GET https://localhost:44376/_vs/browserLink - 200 - text/javascript;+charset=UTF-8 141.4111ms
info: Microsoft.AspNetCore.Hosting.Diagnostics[2]
      Request finished HTTP/2 GET https://localhost:44376/Themes/BlackWhiteTheme/Content/images/top.png - 404 - - 205.0737ms
info: Microsoft.AspNetCore.Hosting.Diagnostics[16]
      Request reached the end of the middleware pipeline without being handled by application code. Request path: GET https://localhost:44376/Themes/BlackWhiteTheme/Content/images/top.png, Response status code: 404
info: Microsoft.AspNetCore.Mvc.NewtonsoftJson.NewtonsoftJsonResultExecutor[2]
      Executing JsonResult, writing value of type 'MWT.Plugin.Misc.MwtStorefront.Models.Catalog.Campaign_Management.CampaignPopupResultModel'.
info: Microsoft.AspNetCore.Mvc.Infrastructure.ControllerActionInvoker[105]
      Executed action MWT.Plugin.Misc.MwtStorefront.Controllers.CampaignManagementController.ShowPopup (MWT.Plugin.Misc.MwtStorefront) in 570.7767ms
info: Microsoft.AspNetCore.Routing.EndpointMiddleware[1]
      Executed endpoint 'MWT.Plugin.Misc.MwtStorefront.Controllers.CampaignManagementController.ShowPopup (MWT.Plugin.Misc.MwtStorefront)'
info: Microsoft.AspNetCore.Hosting.Diagnostics[2]
      Request finished HTTP/2 POST https://localhost:44376/CampaignManagement/showPopup - 200 - application/json;+charset=utf-8 4076.8705ms
info: Microsoft.AspNetCore.Hosting.Diagnostics[1]
      Request starting HTTP/2 POST https://localhost:44376/CampaignManagement/showPopup - application/x-www-form-urlencoded;+charset=UTF-8 56
info: Microsoft.AspNetCore.Routing.EndpointMiddleware[0]
      Executing endpoint 'MWT.Plugin.Misc.MwtStorefront.Controllers.CampaignManagementController.ShowPopup (MWT.Plugin.Misc.MwtStorefront)'
info: Microsoft.AspNetCore.Mvc.Infrastructure.ControllerActionInvoker[102]
      Route matched with {action = "ShowPopup", controller = "CampaignManagement", area = ""}. Executing controller action with signature System.Threading.Tasks.Task`1[Microsoft.AspNetCore.Mvc.IActionResult] ShowPopup(System.String, System.String, Boolean) on controller MWT.Plugin.Misc.MwtStorefront.Controllers.CampaignManagementController (MWT.Plugin.Misc.MwtStorefront).
info: Microsoft.AspNetCore.Mvc.NewtonsoftJson.NewtonsoftJsonResultExecutor[2]
      Executing JsonResult, writing value of type 'MWT.Plugin.Misc.MwtStorefront.Models.Catalog.Campaign_Management.CampaignPopupResultModel'.
info: Microsoft.AspNetCore.Mvc.Infrastructure.ControllerActionInvoker[105]
      Executed action MWT.Plugin.Misc.MwtStorefront.Controllers.CampaignManagementController.ShowPopup (MWT.Plugin.Misc.MwtStorefront) in 13.669ms
info: Microsoft.AspNetCore.Routing.EndpointMiddleware[1]
      Executed endpoint 'MWT.Plugin.Misc.MwtStorefront.Controllers.CampaignManagementController.ShowPopup (MWT.Plugin.Misc.MwtStorefront)'
info: Microsoft.AspNetCore.Hosting.Diagnostics[2]
      Request finished HTTP/2 POST https://localhost:44376/CampaignManagement/showPopup - 200 - application/json;+charset=utf-8 207.9619ms
info: Microsoft.AspNetCore.Hosting.Diagnostics[1]
      Request starting HTTP/2 GET https://localhost:44376/category/126/dining-table-and-chair-sets - - -
info: Microsoft.AspNetCore.Routing.EndpointMiddleware[0]
      Executing endpoint 'MWT.Plugin.Misc.MwtStorefront.Controllers.CatalogController.CustomCategory (MWT.Plugin.Misc.MwtStorefront)'
info: Microsoft.AspNetCore.Mvc.Infrastructure.ControllerActionInvoker[102]
      Route matched with {action = "CustomCategory", controller = "Catalog", area = ""}. Executing controller action with signature System.Threading.Tasks.Task`1[Microsoft.AspNetCore.Mvc.IActionResult] CustomCategory(Int32, System.String, MWT.Plugin.Misc.MwtStorefront.Models.Catalog.CustomCatalogProductsCommand) on controller MWT.Plugin.Misc.MwtStorefront.Controllers.CatalogController (MWT.Plugin.Misc.MwtStorefront).
info: Microsoft.AspNetCore.Mvc.ViewFeatures.ViewResultExecutor[1]
      Executing ViewResult, running view LazyLoad-CategoryTemplate-FilterOnTop-3x3.
info: Microsoft.AspNetCore.Mvc.ViewFeatures.ViewResultExecutor[4]
      Executed ViewResult - view LazyLoad-CategoryTemplate-FilterOnTop-3x3 executed in 4298.3482ms.
info: Microsoft.AspNetCore.Mvc.Infrastructure.ControllerActionInvoker[105]
      Executed action MWT.Plugin.Misc.MwtStorefront.Controllers.CatalogController.CustomCategory (MWT.Plugin.Misc.MwtStorefront) in 5827.6585ms
info: Microsoft.AspNetCore.Routing.EndpointMiddleware[1]
      Executed endpoint 'MWT.Plugin.Misc.MwtStorefront.Controllers.CatalogController.CustomCategory (MWT.Plugin.Misc.MwtStorefront)'
info: Microsoft.AspNetCore.Hosting.Diagnostics[2]
      Request finished HTTP/2 GET https://localhost:44376/category/126/dining-table-and-chair-sets - 200 - text/html;+charset=utf-8 6186.6672ms
info: Microsoft.AspNetCore.Hosting.Diagnostics[1]
      Request starting HTTP/2 GET https://localhost:44376/.well-known/appspecific/com.chrome.devtools.json - - -
info: Microsoft.AspNetCore.Hosting.Diagnostics[1]
      Request starting HTTP/2 GET https://localhost:44376/images/icons/hand-holding-dollar-solid.svg - - -
info: Microsoft.AspNetCore.Hosting.Diagnostics[1]
      Request starting HTTP/2 GET https://localhost:44376/Plugins/MWT.Plugin.Misc.MwtStorefront/Content/css/bootstrap.min.css.map - - -
info: Microsoft.AspNetCore.Hosting.Diagnostics[1]
      Request starting HTTP/2 GET https://localhost:44376/images/phone.png - - -
info: Microsoft.AspNetCore.Hosting.Diagnostics[1]
      Request starting HTTP/2 GET https://localhost:44376/images/shades/Squareimage/No. 304 Medium Espresso.jpg - - -
info: Microsoft.AspNetCore.Hosting.Diagnostics[1]
      Request starting HTTP/2 GET https://localhost:44376/images/shades/Squareimage/No. 303 Black.jpg - - -
info: Microsoft.AspNetCore.Hosting.Diagnostics[1]
      Request starting HTTP/2 GET https://localhost:44376/_framework/aspnetcore-browser-refresh.js - - -
info: Microsoft.AspNetCore.Hosting.Diagnostics[2]
      Request finished HTTP/2 GET https://localhost:44376/_framework/aspnetcore-browser-refresh.js - 200 16499 application/javascript;+charset=utf-8 166.0665ms
info: Microsoft.AspNetCore.Hosting.Diagnostics[1]
      Request starting HTTP/2 GET https://localhost:44376/images/shades/Squareimage/No. 101 No Stain Natural.jpg - - -
info: Microsoft.AspNetCore.Hosting.Diagnostics[1]
      Request starting HTTP/2 GET https://localhost:44376/images/pixel.png - - -
info: Microsoft.AspNetCore.Hosting.Diagnostics[1]
      Request starting HTTP/2 GET https://localhost:44376/images/shades/Squareimage/No. 102 Natural.jpg - - -
info: Microsoft.AspNetCore.Hosting.Diagnostics[1]
      Request starting HTTP/2 GET https://localhost:44376/images/shades/Squareimage/No. 202 Dark Natural.jpg - - -
info: Microsoft.AspNetCore.Hosting.Diagnostics[1]
      Request starting HTTP/2 GET https://localhost:44376/Themes/BlackWhiteTheme/Content/images/top.png - - -
info: Microsoft.AspNetCore.Hosting.Diagnostics[1]
      Request starting HTTP/2 GET https://localhost:44376/_vs/browserLink - - -
info: Microsoft.AspNetCore.Hosting.Diagnostics[1]
      Request starting HTTP/2 GET https://localhost:44376/Plugins/MWT.Plugin.Misc.MwtStorefront/Content/js/bootstrap.bundle.min.js.map - - -
info: Microsoft.AspNetCore.Hosting.Diagnostics[1]
      Request starting HTTP/2 POST https://localhost:44376/CampaignManagement/showPopup - application/x-www-form-urlencoded;+charset=UTF-8 100
info: Microsoft.AspNetCore.Hosting.Diagnostics[1]
      Request starting HTTP/2 GET https://localhost:44376/product/1251/appalachian-wood-rustic-square-dining-table-set - - -
info: Microsoft.AspNetCore.Routing.EndpointMiddleware[0]
      Executing endpoint 'MWT.Plugin.Misc.MwtStorefront.Controllers.CampaignManagementController.ShowPopup (MWT.Plugin.Misc.MwtStorefront)'
info: Microsoft.AspNetCore.Hosting.Diagnostics[2]
      Request finished HTTP/2 GET https://localhost:44376/.well-known/appspecific/com.chrome.devtools.json - 404 - - 3103.8178ms
info: Microsoft.AspNetCore.Hosting.Diagnostics[16]
      Request reached the end of the middleware pipeline without being handled by application code. Request path: GET https://localhost:44376/.well-known/appspecific/com.chrome.devtools.json, Response status code: 404
info: Microsoft.AspNetCore.Hosting.Diagnostics[2]
      Request finished HTTP/2 GET https://localhost:44376/_vs/browserLink - 200 - text/javascript;+charset=UTF-8 1421.4946ms
info: Microsoft.AspNetCore.Mvc.Infrastructure.ControllerActionInvoker[102]
      Route matched with {action = "ShowPopup", controller = "CampaignManagement", area = ""}. Executing controller action with signature System.Threading.Tasks.Task`1[Microsoft.AspNetCore.Mvc.IActionResult] ShowPopup(System.String, System.String, Boolean) on controller MWT.Plugin.Misc.MwtStorefront.Controllers.CampaignManagementController (MWT.Plugin.Misc.MwtStorefront).
info: Microsoft.AspNetCore.Hosting.Diagnostics[2]
      Request finished HTTP/2 GET https://localhost:44376/images/icons/hand-holding-dollar-solid.svg - 404 - - 3069.8741ms
info: Microsoft.AspNetCore.Hosting.Diagnostics[16]
      Request reached the end of the middleware pipeline without being handled by application code. Request path: GET https://localhost:44376/images/icons/hand-holding-dollar-solid.svg, Response status code: 404
info: Microsoft.AspNetCore.Hosting.Diagnostics[2]
      Request finished HTTP/2 GET https://localhost:44376/Plugins/MWT.Plugin.Misc.MwtStorefront/Content/css/bootstrap.min.css.map - 404 - - 3107.2413ms
info: Microsoft.AspNetCore.Hosting.Diagnostics[16]
      Request reached the end of the middleware pipeline without being handled by application code. Request path: GET https://localhost:44376/Plugins/MWT.Plugin.Misc.MwtStorefront/Content/css/bootstrap.min.css.map, Response status code: 404
info: Microsoft.AspNetCore.Hosting.Diagnostics[2]
      Request finished HTTP/2 GET https://localhost:44376/Themes/BlackWhiteTheme/Content/images/top.png - 404 - - 1506.7615ms
info: Microsoft.AspNetCore.Routing.EndpointMiddleware[0]
      Executing endpoint 'MWT.Plugin.Misc.MwtStorefront.Controllers.ProductController.CustomProductDetails (MWT.Plugin.Misc.MwtStorefront)'
info: Microsoft.AspNetCore.Hosting.Diagnostics[16]
      Request reached the end of the middleware pipeline without being handled by application code. Request path: GET https://localhost:44376/Themes/BlackWhiteTheme/Content/images/top.png, Response status code: 404
info: Microsoft.AspNetCore.Hosting.Diagnostics[2]
      Request finished HTTP/2 GET https://localhost:44376/images/shades/Squareimage/No. 101 No Stain Natural.jpg - 404 - - 2981.7218ms
info: Microsoft.AspNetCore.Hosting.Diagnostics[16]
      Request reached the end of the middleware pipeline without being handled by application code. Request path: GET https://localhost:44376/images/shades/Squareimage/No.%20101%20No%20Stain%20Natural.jpg, Response status code: 404
info: Microsoft.AspNetCore.Routing.EndpointMiddleware[0]
      Executing endpoint 'Nop.Web.Controllers.CommonController.GenericUrl (Nop.Web)'
info: Microsoft.AspNetCore.Hosting.Diagnostics[2]
      Request finished HTTP/2 GET https://localhost:44376/images/shades/Squareimage/No. 304 Medium Espresso.jpg - 404 - - 3086.2049ms
info: Microsoft.AspNetCore.Hosting.Diagnostics[16]
      Request reached the end of the middleware pipeline without being handled by application code. Request path: GET https://localhost:44376/images/shades/Squareimage/No.%20304%20Medium%20Espresso.jpg, Response status code: 404
info: Microsoft.AspNetCore.Hosting.Diagnostics[2]
      Request finished HTTP/2 GET https://localhost:44376/images/shades/Squareimage/No. 202 Dark Natural.jpg - 404 - - 1716.1419ms
info: Microsoft.AspNetCore.Hosting.Diagnostics[2]
      Request finished HTTP/2 GET https://localhost:44376/Plugins/MWT.Plugin.Misc.MwtStorefront/Content/js/bootstrap.bundle.min.js.map - 404 - - 1473.8645ms
info: Microsoft.AspNetCore.Routing.EndpointMiddleware[0]
      Executing endpoint 'Nop.Web.Controllers.CommonController.GenericUrl (Nop.Web)'
info: Microsoft.AspNetCore.Hosting.Diagnostics[16]
      Request reached the end of the middleware pipeline without being handled by application code. Request path: GET https://localhost:44376/images/shades/Squareimage/No.%20202%20Dark%20Natural.jpg, Response status code: 404
info: Microsoft.AspNetCore.Mvc.Infrastructure.ControllerActionInvoker[102]
      Route matched with {action = "GenericUrl", controller = "Common", area = ""}. Executing controller action with signature Microsoft.AspNetCore.Mvc.IActionResult GenericUrl() on controller Nop.Web.Controllers.CommonController (Nop.Web).
info: Microsoft.AspNetCore.Hosting.Diagnostics[2]
      Request finished HTTP/2 GET https://localhost:44376/images/shades/Squareimage/No. 303 Black.jpg - 404 - - 3375.3442ms
info: Microsoft.AspNetCore.Hosting.Diagnostics[16]
      Request reached the end of the middleware pipeline without being handled by application code. Request path: GET https://localhost:44376/Plugins/MWT.Plugin.Misc.MwtStorefront/Content/js/bootstrap.bundle.min.js.map, Response status code: 404
info: Microsoft.AspNetCore.Hosting.Diagnostics[16]
      Request reached the end of the middleware pipeline without being handled by application code. Request path: GET https://localhost:44376/images/shades/Squareimage/No.%20303%20Black.jpg, Response status code: 404
info: Microsoft.AspNetCore.Mvc.Infrastructure.ControllerActionInvoker[102]
      Route matched with {action = "GenericUrl", controller = "Common", area = ""}. Executing controller action with signature Microsoft.AspNetCore.Mvc.IActionResult GenericUrl() on controller Nop.Web.Controllers.CommonController (Nop.Web).
info: Microsoft.AspNetCore.Hosting.Diagnostics[2]
      Request finished HTTP/2 GET https://localhost:44376/images/shades/Squareimage/No. 102 Natural.jpg - 404 - - 2190.6818ms
info: Microsoft.AspNetCore.Hosting.Diagnostics[16]
      Request reached the end of the middleware pipeline without being handled by application code. Request path: GET https://localhost:44376/images/shades/Squareimage/No.%20102%20Natural.jpg, Response status code: 404
info: Microsoft.AspNetCore.Mvc.Infrastructure.ControllerActionInvoker[102]
      Route matched with {action = "CustomProductDetails", controller = "Product", area = ""}. Executing controller action with signature System.Threading.Tasks.Task`1[Microsoft.AspNetCore.Mvc.IActionResult] CustomProductDetails(Int32, System.String, Int32, Int32, System.String) on controller MWT.Plugin.Misc.MwtStorefront.Controllers.ProductController (MWT.Plugin.Misc.MwtStorefront).
info: Microsoft.AspNetCore.Mvc.NewtonsoftJson.NewtonsoftJsonResultExecutor[2]
      Executing JsonResult, writing value of type 'MWT.Plugin.Misc.MwtStorefront.Models.Catalog.Campaign_Management.CampaignPopupResultModel'.
info: Microsoft.AspNetCore.Mvc.Infrastructure.ControllerActionInvoker[105]
      Executed action Nop.Web.Controllers.CommonController.GenericUrl (Nop.Web) in 16.4967ms
info: Microsoft.AspNetCore.Routing.EndpointMiddleware[1]
      Executed endpoint 'Nop.Web.Controllers.CommonController.GenericUrl (Nop.Web)'
info: Microsoft.AspNetCore.Mvc.Infrastructure.ControllerActionInvoker[105]
      Executed action MWT.Plugin.Misc.MwtStorefront.Controllers.CampaignManagementController.ShowPopup (MWT.Plugin.Misc.MwtStorefront) in 731.2375ms
info: Microsoft.AspNetCore.Routing.EndpointMiddleware[1]
      Executed endpoint 'MWT.Plugin.Misc.MwtStorefront.Controllers.CampaignManagementController.ShowPopup (MWT.Plugin.Misc.MwtStorefront)'
info: Microsoft.AspNetCore.Mvc.Infrastructure.ControllerActionInvoker[105]
      Executed action Nop.Web.Controllers.CommonController.GenericUrl (Nop.Web) in 266.3559ms
info: Microsoft.AspNetCore.Hosting.Diagnostics[2]
      Request finished HTTP/2 GET https://localhost:44376/images/phone.png - 404 - - 3722.0887ms
info: Microsoft.AspNetCore.Hosting.Diagnostics[2]
      Request finished HTTP/2 POST https://localhost:44376/CampaignManagement/showPopup - 200 - application/json;+charset=utf-8 1827.2890ms
info: Microsoft.AspNetCore.Routing.EndpointMiddleware[1]
      Executed endpoint 'Nop.Web.Controllers.CommonController.GenericUrl (Nop.Web)'
info: Microsoft.AspNetCore.Hosting.Diagnostics[2]
      Request finished HTTP/2 GET https://localhost:44376/images/pixel.png - 404 - - 2455.0960ms
info: Microsoft.AspNetCore.Mvc.ViewFeatures.ViewResultExecutor[1]
      Executing ViewResult, running view ProductTemplate.Version1.
info: Microsoft.AspNetCore.Mvc.ViewFeatures.ViewResultExecutor[4]
      Executed ViewResult - view ProductTemplate.Version1 executed in 5539.244ms.
info: Microsoft.AspNetCore.Mvc.Infrastructure.ControllerActionInvoker[105]
      Executed action MWT.Plugin.Misc.MwtStorefront.Controllers.ProductController.CustomProductDetails (MWT.Plugin.Misc.MwtStorefront) in 6134.8798ms
info: Microsoft.AspNetCore.Routing.EndpointMiddleware[1]
      Executed endpoint 'MWT.Plugin.Misc.MwtStorefront.Controllers.ProductController.CustomProductDetails (MWT.Plugin.Misc.MwtStorefront)'
info: Microsoft.AspNetCore.Hosting.Diagnostics[2]
      Request finished HTTP/2 GET https://localhost:44376/product/1251/appalachian-wood-rustic-square-dining-table-set - 200 - text/html;+charset=utf-8 7590.6120ms
info: Microsoft.AspNetCore.Hosting.Diagnostics[1]
      Request starting HTTP/2 GET https://localhost:44376/_framework/aspnetcore-browser-refresh.js - - -
info: Microsoft.AspNetCore.Hosting.Diagnostics[2]
      Request finished HTTP/2 GET https://localhost:44376/_framework/aspnetcore-browser-refresh.js - 200 16499 application/javascript;+charset=utf-8 4.6714ms
info: Microsoft.AspNetCore.Hosting.Diagnostics[1]
      Request starting HTTP/2 GET https://localhost:44376/Themes/BlackWhiteTheme/Content/images/top.png - - -
info: Microsoft.AspNetCore.Hosting.Diagnostics[1]
      Request starting HTTP/2 GET https://localhost:44376/_vs/browserLink - - -
info: Microsoft.AspNetCore.Hosting.Diagnostics[1]
      Request starting HTTP/2 GET https://localhost:44376/images/icons/hand-holding-dollar-solid.svg - - -
info: Microsoft.AspNetCore.Hosting.Diagnostics[1]
      Request starting HTTP/2 GET https://localhost:44376/images/phone.png - - -
info: Microsoft.AspNetCore.Hosting.Diagnostics[1]
      Request starting HTTP/2 GET https://localhost:44376/images/uploaded/frame-image-dimension.png - - -
info: Microsoft.AspNetCore.Hosting.Diagnostics[1]
      Request starting HTTP/2 GET https://localhost:44376/images/pixel.png - - -
info: Microsoft.AspNetCore.Hosting.Diagnostics[1]
      Request starting HTTP/2 GET https://localhost:44376/images/icons/guaranteeddelivery.png - - -
info: Microsoft.AspNetCore.Hosting.Diagnostics[1]
      Request starting HTTP/2 GET https://localhost:44376/images/icons/share-std.svg - - -
info: Microsoft.AspNetCore.Hosting.Diagnostics[1]
      Request starting HTTP/2 GET https://localhost:44376/images/thumbs/0416521_Kitchen Island .jpeg - - -
info: Microsoft.AspNetCore.Hosting.Diagnostics[1]
      Request starting HTTP/2 GET https://localhost:44376/.well-known/appspecific/com.chrome.devtools.json - - -
info: Microsoft.AspNetCore.Hosting.Diagnostics[1]
      Request starting HTTP/2 GET https://localhost:44376/images/thumbs/0416523_King size copy.jpeg - - -
info: Microsoft.AspNetCore.Hosting.Diagnostics[1]
      Request starting HTTP/2 GET https://localhost:44376/Plugins/MWT.Plugin.Misc.MwtStorefront/Content/css/bootstrap.min.css.map - - -
info: Microsoft.AspNetCore.Hosting.Diagnostics[1]
      Request starting HTTP/2 GET https://localhost:44376/images/svg-transparent.svg - - -
info: Microsoft.AspNetCore.Hosting.Diagnostics[1]
      Request starting HTTP/2 GET https://localhost:44376/Plugins/MWT.Plugin.Misc.MwtStorefront/Content/js/bootstrap.bundle.min.js.map - - -
info: Microsoft.AspNetCore.Hosting.Diagnostics[2]
      Request finished HTTP/2 GET https://localhost:44376/_vs/browserLink - 200 - text/javascript;+charset=UTF-8 710.2497ms
info: Microsoft.AspNetCore.Hosting.Diagnostics[1]
      Request starting HTTP/2 POST https://localhost:44376/shoppingcart/CustomProductDetails_AttributeChange?productId=1251&formId=product_details_form&validateAttributeConditions=False&loadPicture=True&attrid=0 - application/x-www-form-urlencoded;+charset=UTF-8 327
info: Microsoft.AspNetCore.Hosting.Diagnostics[1]
      Request starting HTTP/2 POST https://localhost:44376/CampaignManagement/showPopup - application/x-www-form-urlencoded;+charset=UTF-8 120
info: System.Net.Http.HttpClient.default.LogicalHandler[100]
      Start processing HTTP request POST https://localhost:44399/scheduletask/runtask
info: System.Net.Http.HttpClient.default.ClientHandler[100]
      Sending HTTP request POST https://localhost:44399/scheduletask/runtask
info: Microsoft.AspNetCore.Routing.EndpointMiddleware[0]
      Executing endpoint 'MWT.Plugin.Misc.MwtStorefront.Controllers.ShoppingCartController.CustomProductDetails_AttributeChange (MWT.Plugin.Misc.MwtStorefront)'
info: Microsoft.AspNetCore.Hosting.Diagnostics[2]
      Request finished HTTP/2 GET https://localhost:44376/Themes/BlackWhiteTheme/Content/images/top.png - 404 - - 2518.1569ms
info: Microsoft.AspNetCore.Hosting.Diagnostics[16]
      Request reached the end of the middleware pipeline without being handled by application code. Request path: GET https://localhost:44376/Themes/BlackWhiteTheme/Content/images/top.png, Response status code: 404
info: Microsoft.AspNetCore.Hosting.Diagnostics[1]
      Request starting HTTP/2 POST https://localhost:44376/addproducttocart/details/1251/1/product_details_form - application/x-www-form-urlencoded;+charset=UTF-8 327
info: Microsoft.AspNetCore.Routing.EndpointMiddleware[0]
      Executing endpoint 'MWT.Plugin.Misc.MwtStorefront.Controllers.CampaignManagementController.ShowPopup (MWT.Plugin.Misc.MwtStorefront)'
info: Microsoft.AspNetCore.Hosting.Diagnostics[2]
      Request finished HTTP/2 GET https://localhost:44376/Plugins/MWT.Plugin.Misc.MwtStorefront/Content/css/bootstrap.min.css.map - 404 - - 2474.1286ms
info: Microsoft.AspNetCore.Routing.EndpointMiddleware[0]
      Executing endpoint 'Nop.Web.Controllers.CommonController.GenericUrl (Nop.Web)'
info: Microsoft.AspNetCore.Hosting.Diagnostics[16]
      Request reached the end of the middleware pipeline without being handled by application code. Request path: GET https://localhost:44376/Plugins/MWT.Plugin.Misc.MwtStorefront/Content/css/bootstrap.min.css.map, Response status code: 404
info: Microsoft.AspNetCore.StaticFiles.StaticFileMiddleware[2]
      Sending file. Request path: '/images/thumbs/0416521_Kitchen Island .jpeg'. Physical path: 'D:\Mind web Tree\Slc4.9\Source Code\Presentation\Nop.Web\wwwroot\images\thumbs\0416521_Kitchen Island .jpeg'
info: Microsoft.AspNetCore.Hosting.Diagnostics[2]
      Request finished HTTP/2 GET https://localhost:44376/.well-known/appspecific/com.chrome.devtools.json - 404 - - 2535.5150ms
info: Microsoft.AspNetCore.Hosting.Diagnostics[16]
      Request reached the end of the middleware pipeline without being handled by application code. Request path: GET https://localhost:44376/.well-known/appspecific/com.chrome.devtools.json, Response status code: 404
info: Microsoft.AspNetCore.StaticFiles.StaticFileMiddleware[2]
      Sending file. Request path: '/images/thumbs/0416523_King size copy.jpeg'. Physical path: 'D:\Mind web Tree\Slc4.9\Source Code\Presentation\Nop.Web\wwwroot\images\thumbs\0416523_King size copy.jpeg'
info: Microsoft.AspNetCore.Routing.EndpointMiddleware[0]
      Executing endpoint 'Nop.Web.Controllers.CommonController.GenericUrl (Nop.Web)'
info: Microsoft.AspNetCore.Hosting.Diagnostics[2]
      Request finished HTTP/2 GET https://localhost:44376/images/thumbs/0416523_King size copy.jpeg - 200 0 image/jpeg 2539.0116ms
info: Microsoft.AspNetCore.Hosting.Diagnostics[2]
      Request finished HTTP/2 GET https://localhost:44376/images/icons/share-std.svg - 404 - - 2640.1850ms
info: Microsoft.AspNetCore.Hosting.Diagnostics[16]
      Request reached the end of the middleware pipeline without being handled by application code. Request path: GET https://localhost:44376/images/icons/share-std.svg, Response status code: 404
info: Microsoft.AspNetCore.Hosting.Diagnostics[2]
      Request finished HTTP/2 GET https://localhost:44376/Plugins/MWT.Plugin.Misc.MwtStorefront/Content/js/bootstrap.bundle.min.js.map - 404 - - 2187.6291ms
info: Microsoft.AspNetCore.Hosting.Diagnostics[2]
      Request finished HTTP/2 GET https://localhost:44376/images/thumbs/0416521_Kitchen Island .jpeg - 200 0 image/jpeg 2673.3745ms
info: Microsoft.AspNetCore.Hosting.Diagnostics[2]
      Request finished HTTP/2 GET https://localhost:44376/images/icons/guaranteeddelivery.png - 404 - - 2718.3675ms
info: Microsoft.AspNetCore.Hosting.Diagnostics[16]
      Request reached the end of the middleware pipeline without being handled by application code. Request path: GET https://localhost:44376/images/icons/guaranteeddelivery.png, Response status code: 404
info: Microsoft.AspNetCore.Hosting.Diagnostics[16]
      Request reached the end of the middleware pipeline without being handled by application code. Request path: GET https://localhost:44376/Plugins/MWT.Plugin.Misc.MwtStorefront/Content/js/bootstrap.bundle.min.js.map, Response status code: 404
info: Microsoft.AspNetCore.Mvc.Infrastructure.ControllerActionInvoker[102]
      Route matched with {action = "GenericUrl", controller = "Common", area = ""}. Executing controller action with signature Microsoft.AspNetCore.Mvc.IActionResult GenericUrl() on controller Nop.Web.Controllers.CommonController (Nop.Web).
info: Microsoft.AspNetCore.Mvc.Infrastructure.ControllerActionInvoker[102]
      Route matched with {action = "GenericUrl", controller = "Common", area = ""}. Executing controller action with signature Microsoft.AspNetCore.Mvc.IActionResult GenericUrl() on controller Nop.Web.Controllers.CommonController (Nop.Web).
info: Microsoft.AspNetCore.Mvc.Infrastructure.ControllerActionInvoker[102]
      Route matched with {action = "ShowPopup", controller = "CampaignManagement", area = ""}. Executing controller action with signature System.Threading.Tasks.Task`1[Microsoft.AspNetCore.Mvc.IActionResult] ShowPopup(System.String, System.String, Boolean) on controller MWT.Plugin.Misc.MwtStorefront.Controllers.CampaignManagementController (MWT.Plugin.Misc.MwtStorefront).
info: Microsoft.AspNetCore.Routing.EndpointMiddleware[0]
      Executing endpoint 'MWT.Plugin.Misc.MwtStorefront.Controllers.ShoppingCartController.CustomAddProductToCart_Details (MWT.Plugin.Misc.MwtStorefront)'
info: Microsoft.AspNetCore.StaticFiles.StaticFileMiddleware[2]
      Sending file. Request path: '/images/uploaded/frame-image-dimension.png'. Physical path: 'D:\Mind web Tree\Slc4.9\Source Code\Presentation\Nop.Web\wwwroot\images\uploaded\frame-image-dimension.png'
info: Microsoft.AspNetCore.Mvc.Infrastructure.ControllerActionInvoker[102]
      Route matched with {action = "CustomProductDetails_AttributeChange", controller = "ShoppingCart", area = ""}. Executing controller action with signature System.Threading.Tasks.Task`1[Microsoft.AspNetCore.Mvc.IActionResult] CustomProductDetails_AttributeChange(Int32, Boolean, Boolean, Microsoft.AspNetCore.Http.IFormCollection, System.String, Int32) on controller MWT.Plugin.Misc.MwtStorefront.Controllers.ShoppingCartController (MWT.Plugin.Misc.MwtStorefront).
info: Microsoft.AspNetCore.Mvc.Infrastructure.ControllerActionInvoker[105]
      Executed action Nop.Web.Controllers.CommonController.GenericUrl (Nop.Web) in 327.0447ms
info: Microsoft.AspNetCore.Mvc.Infrastructure.ControllerActionInvoker[105]
      Executed action Nop.Web.Controllers.CommonController.GenericUrl (Nop.Web) in 346.311ms
info: Microsoft.AspNetCore.Hosting.Diagnostics[2]
      Request finished HTTP/2 GET https://localhost:44376/images/uploaded/frame-image-dimension.png - 200 566 image/png 3618.8369ms
info: Microsoft.AspNetCore.Routing.EndpointMiddleware[1]
      Executed endpoint 'Nop.Web.Controllers.CommonController.GenericUrl (Nop.Web)'
info: Microsoft.AspNetCore.Routing.EndpointMiddleware[1]
      Executed endpoint 'Nop.Web.Controllers.CommonController.GenericUrl (Nop.Web)'
info: Microsoft.AspNetCore.Hosting.Diagnostics[2]
      Request finished HTTP/2 GET https://localhost:44376/images/svg-transparent.svg - 404 - - 3558.2037ms
info: Microsoft.AspNetCore.Hosting.Diagnostics[2]
      Request finished HTTP/2 GET https://localhost:44376/images/phone.png - 404 - - 3748.8528ms
info: Microsoft.AspNetCore.Mvc.Infrastructure.ControllerActionInvoker[102]
      Route matched with {action = "CustomAddProductToCart_Details", controller = "ShoppingCart", area = ""}. Executing controller action with signature System.Threading.Tasks.Task`1[Microsoft.AspNetCore.Mvc.IActionResult] CustomAddProductToCart_Details(Int32, Int32, Microsoft.AspNetCore.Http.IFormCollection, System.String) on controller MWT.Plugin.Misc.MwtStorefront.Controllers.ShoppingCartController (MWT.Plugin.Misc.MwtStorefront).
info: System.Net.Http.HttpClient.default.ClientHandler[101]
      Received HTTP response headers after 770.8907ms - 404
info: System.Net.Http.HttpClient.default.LogicalHandler[101]
      End processing HTTP request after 1782.6191ms - 404
info: Microsoft.AspNetCore.Mvc.NewtonsoftJson.NewtonsoftJsonResultExecutor[2]
      Executing JsonResult, writing value of type 'MWT.Plugin.Misc.MwtStorefront.Models.Catalog.Campaign_Management.CampaignPopupResultModel'.
info: Microsoft.AspNetCore.Routing.EndpointMiddleware[0]
      Executing endpoint 'Nop.Web.Controllers.CommonController.GenericUrl (Nop.Web)'
info: Microsoft.AspNetCore.Mvc.Infrastructure.ControllerActionInvoker[105]
      Executed action MWT.Plugin.Misc.MwtStorefront.Controllers.CampaignManagementController.ShowPopup (MWT.Plugin.Misc.MwtStorefront) in 588.6102ms
info: Microsoft.AspNetCore.Routing.EndpointMiddleware[1]
      Executed endpoint 'MWT.Plugin.Misc.MwtStorefront.Controllers.CampaignManagementController.ShowPopup (MWT.Plugin.Misc.MwtStorefront)'
info: Microsoft.AspNetCore.Hosting.Diagnostics[2]
      Request finished HTTP/2 POST https://localhost:44376/CampaignManagement/showPopup - 200 - application/json;+charset=utf-8 2139.2697ms
info: Microsoft.AspNetCore.Hosting.Diagnostics[2]
      Request finished HTTP/2 GET https://localhost:44376/images/icons/hand-holding-dollar-solid.svg - 404 - - 3906.3087ms
info: Microsoft.AspNetCore.Hosting.Diagnostics[16]
      Request reached the end of the middleware pipeline without being handled by application code. Request path: GET https://localhost:44376/images/icons/hand-holding-dollar-solid.svg, Response status code: 404
info: Microsoft.AspNetCore.Mvc.Infrastructure.ControllerActionInvoker[102]
      Route matched with {action = "GenericUrl", controller = "Common", area = ""}. Executing controller action with signature Microsoft.AspNetCore.Mvc.IActionResult GenericUrl() on controller Nop.Web.Controllers.CommonController (Nop.Web).
info: Microsoft.AspNetCore.Mvc.Infrastructure.ControllerActionInvoker[105]
      Executed action Nop.Web.Controllers.CommonController.GenericUrl (Nop.Web) in 10.2655ms
info: Microsoft.AspNetCore.Routing.EndpointMiddleware[1]
      Executed endpoint 'Nop.Web.Controllers.CommonController.GenericUrl (Nop.Web)'
info: Microsoft.AspNetCore.Hosting.Diagnostics[2]
      Request finished HTTP/2 GET https://localhost:44376/images/pixel.png - 404 - - 4103.3020ms
info: Microsoft.AspNetCore.Mvc.NewtonsoftJson.NewtonsoftJsonResultExecutor[2]
      Executing JsonResult, writing value of type '<>f__AnonymousType67`29[[System.Int32, System.Private.CoreLib, Version=9.0.0.0, Culture=neutral, PublicKeyToken=7cec85d7bea7798e],[System.String, System.Private.CoreLib, Version=9.0.0.0, Culture=neutral, PublicKeyToken=7cec85d7bea7798e],[System.String, System.Private.CoreLib, Version=9.0.0.0, Culture=neutral, PublicKeyToken=7cec85d7bea7798e],[System.String, System.Private.CoreLib, Version=9.0.0.0, Culture=neutral, PublicKeyToken=7cec85d7bea7798e],[System.String, System.Private.CoreLib, Version=9.0.0.0, Culture=neutral, PublicKeyToken=7cec85d7bea7798e],[System.String, System.Private.CoreLib, Version=9.0.0.0, Culture=neutral, PublicKeyToken=7cec85d7bea7798e],[System.String, System.Private.CoreLib, Version=9.0.0.0, Culture=neutral, PublicKeyToken=7cec85d7bea7798e],[System.String, System.Private.CoreLib, Version=9.0.0.0, Culture=neutral, PublicKeyToken=7cec85d7bea7798e],[System.String, System.Private.CoreLib, Version=9.0.0.0, Culture=neutral, PublicKeyToken=7cec85d7bea7798e],[System.Decimal, System.Private.CoreLib, Version=9.0.0.0, Culture=neutral, PublicKeyToken=7cec85d7bea7798e],[System.String, System.Private.CoreLib, Version=9.0.0.0, Culture=neutral, PublicKeyToken=7cec85d7bea7798e],[System.String, System.Private.CoreLib, Version=9.0.0.0, Culture=neutral, PublicKeyToken=7cec85d7bea7798e],[System.String, System.Private.CoreLib, Version=9.0.0.0, Culture=neutral, PublicKeyToken=7cec85d7bea7798e],[System.Int32[], System.Private.CoreLib, Version=9.0.0.0, Culture=neutral, PublicKeyToken=7cec85d7bea7798e],[System.Int32[], System.Private.CoreLib, Version=9.0.0.0, Culture=neutral, PublicKeyToken=7cec85d7bea7798e],[System.String, System.Private.CoreLib, Version=9.0.0.0, Culture=neutral, PublicKeyToken=7cec85d7bea7798e],[System.String, System.Private.CoreLib, Version=9.0.0.0, Culture=neutral, PublicKeyToken=7cec85d7bea7798e],[System.String, System.Private.CoreLib, Version=9.0.0.0, Culture=neutral, PublicKeyToken=7cec85d7bea7798e],[System.Boolean, System.Private.CoreLib, Version=9.0.0.0, Culture=neutral, PublicKeyToken=7cec85d7bea7798e],[System.String[], System.Private.CoreLib, Version=9.0.0.0, Culture=neutral, PublicKeyToken=7cec85d7bea7798e],[System.String, System.Private.CoreLib, Version=9.0.0.0, Culture=neutral, PublicKeyToken=7cec85d7bea7798e],[System.String, System.Private.CoreLib, Version=9.0.0.0, Culture=neutral, PublicKeyToken=7cec85d7bea7798e],[System.Collections.Generic.List`1[[Nop.Web.Models.Media.PictureModel, Nop.Web, Version=4.90.0.0, Culture=neutral, PublicKeyToken=null]], System.Private.CoreLib, Version=9.0.0.0, Culture=neutral, PublicKeyToken=7cec85d7bea7798e],[System.Int32, System.Private.CoreLib, Version=9.0.0.0, Culture=neutral, PublicKeyToken=7cec85d7bea7798e],[System.String, System.Private.CoreLib, Version=9.0.0.0, Culture=neutral, PublicKeyToken=7cec85d7bea7798e],[System.String, System.Private.CoreLib, Version=9.0.0.0, Culture=neutral, PublicKeyToken=7cec85d7bea7798e],[System.String, System.Private.CoreLib, Version=9.0.0.0, Culture=neutral, PublicKeyToken=7cec85d7bea7798e],[System.String, System.Private.CoreLib, Version=9.0.0.0, Culture=neutral, PublicKeyToken=7cec85d7bea7798e],[System.String, System.Private.CoreLib, Version=9.0.0.0, Culture=neutral, PublicKeyToken=7cec85d7bea7798e]]'.
info: Microsoft.AspNetCore.Mvc.Infrastructure.ControllerActionInvoker[105]
      Executed action MWT.Plugin.Misc.MwtStorefront.Controllers.ShoppingCartController.CustomProductDetails_AttributeChange (MWT.Plugin.Misc.MwtStorefront) in 610.7037ms
info: Microsoft.AspNetCore.Routing.EndpointMiddleware[1]
      Executed endpoint 'MWT.Plugin.Misc.MwtStorefront.Controllers.ShoppingCartController.CustomProductDetails_AttributeChange (MWT.Plugin.Misc.MwtStorefront)'
info: Microsoft.AspNetCore.Hosting.Diagnostics[2]
      Request finished HTTP/2 POST https://localhost:44376/shoppingcart/CustomProductDetails_AttributeChange?productId=1251&formId=product_details_form&validateAttributeConditions=False&loadPicture=True&attrid=0 - 200 - application/json;+charset=utf-8 2970.4721ms
info: Microsoft.AspNetCore.Mvc.NewtonsoftJson.NewtonsoftJsonResultExecutor[2]
      Executing JsonResult, writing value of type '<>f__AnonymousType62`5[[System.Boolean, System.Private.CoreLib, Version=9.0.0.0, Culture=neutral, PublicKeyToken=7cec85d7bea7798e],[System.String, System.Private.CoreLib, Version=9.0.0.0, Culture=neutral, PublicKeyToken=7cec85d7bea7798e],[System.String, System.Private.CoreLib, Version=9.0.0.0, Culture=neutral, PublicKeyToken=7cec85d7bea7798e],[System.String, System.Private.CoreLib, Version=9.0.0.0, Culture=neutral, PublicKeyToken=7cec85d7bea7798e],[System.String, System.Private.CoreLib, Version=9.0.0.0, Culture=neutral, PublicKeyToken=7cec85d7bea7798e]]'.
info: Microsoft.AspNetCore.Mvc.Infrastructure.ControllerActionInvoker[105]
      Executed action MWT.Plugin.Misc.MwtStorefront.Controllers.ShoppingCartController.CustomAddProductToCart_Details (MWT.Plugin.Misc.MwtStorefront) in 1080.2181ms
info: Microsoft.AspNetCore.Routing.EndpointMiddleware[1]
      Executed endpoint 'MWT.Plugin.Misc.MwtStorefront.Controllers.ShoppingCartController.CustomAddProductToCart_Details (MWT.Plugin.Misc.MwtStorefront)'
info: Microsoft.AspNetCore.Hosting.Diagnostics[2]
      Request finished HTTP/2 POST https://localhost:44376/addproducttocart/details/1251/1/product_details_form - 200 - application/json;+charset=utf-8 2376.6085ms
info: Microsoft.AspNetCore.Hosting.Diagnostics[1]
      Request starting HTTP/2 GET https://localhost:44376/images/pixel.png - - -
info: Microsoft.AspNetCore.Routing.EndpointMiddleware[0]
      Executing endpoint 'Nop.Web.Controllers.CommonController.GenericUrl (Nop.Web)'
info: Microsoft.AspNetCore.Mvc.Infrastructure.ControllerActionInvoker[102]
      Route matched with {action = "GenericUrl", controller = "Common", area = ""}. Executing controller action with signature Microsoft.AspNetCore.Mvc.IActionResult GenericUrl() on controller Nop.Web.Controllers.CommonController (Nop.Web).
info: Microsoft.AspNetCore.Mvc.Infrastructure.ControllerActionInvoker[105]
      Executed action Nop.Web.Controllers.CommonController.GenericUrl (Nop.Web) in 1.8115ms
info: Microsoft.AspNetCore.Routing.EndpointMiddleware[1]
      Executed endpoint 'Nop.Web.Controllers.CommonController.GenericUrl (Nop.Web)'
info: Microsoft.AspNetCore.Hosting.Diagnostics[2]
      Request finished HTTP/2 GET https://localhost:44376/images/pixel.png - 499 - - 279.3131ms
info: Microsoft.AspNetCore.Hosting.Diagnostics[1]
      Request starting HTTP/2 GET https://localhost:44376/checkout - - -
info: Microsoft.AspNetCore.Routing.EndpointMiddleware[0]
      Executing endpoint 'Nop.Web.Controllers.CheckoutController.Index (Nop.Web)'
info: Microsoft.AspNetCore.Mvc.Infrastructure.ControllerActionInvoker[102]
      Route matched with {action = "Index", controller = "Checkout", area = ""}. Executing controller action with signature System.Threading.Tasks.Task`1[Microsoft.AspNetCore.Mvc.IActionResult] Index() on controller Nop.Web.Controllers.CheckoutController (Nop.Web).
info: Microsoft.AspNetCore.Mvc.RedirectToRouteResult[1]
      Executing RedirectToRouteResult, redirecting to /onepagecheckout from route CheckoutOnePage.
info: Microsoft.AspNetCore.Mvc.Infrastructure.ControllerActionInvoker[105]
      Executed action Nop.Web.Controllers.CheckoutController.Index (Nop.Web) in 35.8833ms
info: Microsoft.AspNetCore.Routing.EndpointMiddleware[1]
      Executed endpoint 'Nop.Web.Controllers.CheckoutController.Index (Nop.Web)'
info: Microsoft.AspNetCore.Hosting.Diagnostics[2]
      Request finished HTTP/2 GET https://localhost:44376/checkout - 302 - - 346.2085ms
info: Microsoft.AspNetCore.Hosting.Diagnostics[1]
      Request starting HTTP/2 GET https://localhost:44376/onepagecheckout - - -
info: Microsoft.AspNetCore.Routing.EndpointMiddleware[0]
      Executing endpoint 'MWT.Plugin.Misc.MwtStorefront.Controllers.CheckoutExtendedController.CustomOnePageCheckout (MWT.Plugin.Misc.MwtStorefront)'
info: Microsoft.AspNetCore.Mvc.Infrastructure.ControllerActionInvoker[102]
      Route matched with {action = "CustomOnePageCheckout", controller = "CheckoutExtended", area = ""}. Executing controller action with signature System.Threading.Tasks.Task`1[Microsoft.AspNetCore.Mvc.IActionResult] CustomOnePageCheckout() on controller MWT.Plugin.Misc.MwtStorefront.Controllers.CheckoutExtendedController (MWT.Plugin.Misc.MwtStorefront).
info: Microsoft.AspNetCore.Mvc.ViewFeatures.ViewResultExecutor[1]
      Executing ViewResult, running view onePageCheckout.
info: System.Net.Http.HttpClient.default.LogicalHandler[100]
      Start processing HTTP request GET https://api.zip-tax.com/request/v40?*
info: System.Net.Http.HttpClient.default.ClientHandler[100]
      Sending HTTP request GET https://api.zip-tax.com/request/v40?*
info: System.Net.Http.HttpClient.default.ClientHandler[101]
      Received HTTP response headers after 1401.5093ms - 200
info: System.Net.Http.HttpClient.default.LogicalHandler[101]
      End processing HTTP request after 1406.4437ms - 200
info: System.Net.Http.HttpClient.default.LogicalHandler[100]
      Start processing HTTP request GET https://api.zip-tax.com/request/v40?*
info: System.Net.Http.HttpClient.default.ClientHandler[100]
      Sending HTTP request GET https://api.zip-tax.com/request/v40?*
info: System.Net.Http.HttpClient.default.ClientHandler[101]
      Received HTTP response headers after 453.6321ms - 200
info: System.Net.Http.HttpClient.default.LogicalHandler[101]
      End processing HTTP request after 458.0426ms - 200
info: Microsoft.AspNetCore.Mvc.ViewFeatures.ViewResultExecutor[4]
      Executed ViewResult - view onePageCheckout executed in 4839.0572ms.
info: Microsoft.AspNetCore.Mvc.Infrastructure.ControllerActionInvoker[105]
      Executed action MWT.Plugin.Misc.MwtStorefront.Controllers.CheckoutExtendedController.CustomOnePageCheckout (MWT.Plugin.Misc.MwtStorefront) in 5479.2409ms
info: Microsoft.AspNetCore.Routing.EndpointMiddleware[1]
      Executed endpoint 'MWT.Plugin.Misc.MwtStorefront.Controllers.CheckoutExtendedController.CustomOnePageCheckout (MWT.Plugin.Misc.MwtStorefront)'
info: Microsoft.AspNetCore.Hosting.Diagnostics[2]
      Request finished HTTP/2 GET https://localhost:44376/onepagecheckout - 200 - text/html;+charset=utf-8 5728.0705ms
info: Microsoft.AspNetCore.Hosting.Diagnostics[1]
      Request starting HTTP/2 GET https://localhost:44376/_framework/aspnetcore-browser-refresh.js - - -
info: Microsoft.AspNetCore.Hosting.Diagnostics[1]
      Request starting HTTP/2 GET https://localhost:44376/images/phone.png - - -
info: Microsoft.AspNetCore.Hosting.Diagnostics[2]
      Request finished HTTP/2 GET https://localhost:44376/_framework/aspnetcore-browser-refresh.js - 200 16499 application/javascript;+charset=utf-8 3.7492ms
info: Microsoft.AspNetCore.Hosting.Diagnostics[1]
      Request starting HTTP/2 GET https://localhost:44376/Themes/BlackWhiteTheme/Content/images/top.png - - -
info: Microsoft.AspNetCore.Hosting.Diagnostics[1]
      Request starting HTTP/2 GET https://localhost:44376/_vs/browserLink - - -
info: Microsoft.AspNetCore.Hosting.Diagnostics[1]
      Request starting HTTP/2 GET https://localhost:44376/.well-known/appspecific/com.chrome.devtools.json - - -
info: Microsoft.AspNetCore.Hosting.Diagnostics[1]
      Request starting HTTP/2 GET https://localhost:44376/Plugins/MWT.Plugin.Misc.MwtStorefront/Content/css/bootstrap.min.css.map - - -
info: Microsoft.AspNetCore.Hosting.Diagnostics[2]
      Request finished HTTP/2 GET https://localhost:44376/_vs/browserLink - 200 - text/javascript;+charset=UTF-8 755.7340ms
info: Microsoft.AspNetCore.Routing.EndpointMiddleware[0]
      Executing endpoint 'Nop.Web.Controllers.CommonController.GenericUrl (Nop.Web)'
info: Microsoft.AspNetCore.Hosting.Diagnostics[2]
      Request finished HTTP/2 GET https://localhost:44376/Themes/BlackWhiteTheme/Content/images/top.png - 404 - - 1056.6480ms
info: Microsoft.AspNetCore.Hosting.Diagnostics[2]
      Request finished HTTP/2 GET https://localhost:44376/.well-known/appspecific/com.chrome.devtools.json - 404 - - 994.2800ms
info: Microsoft.AspNetCore.Hosting.Diagnostics[2]
      Request finished HTTP/2 GET https://localhost:44376/Plugins/MWT.Plugin.Misc.MwtStorefront/Content/css/bootstrap.min.css.map - 404 - - 964.4728ms
info: Microsoft.AspNetCore.Hosting.Diagnostics[16]
      Request reached the end of the middleware pipeline without being handled by application code. Request path: GET https://localhost:44376/Plugins/MWT.Plugin.Misc.MwtStorefront/Content/css/bootstrap.min.css.map, Response status code: 404
info: Microsoft.AspNetCore.Hosting.Diagnostics[16]
      Request reached the end of the middleware pipeline without being handled by application code. Request path: GET https://localhost:44376/Themes/BlackWhiteTheme/Content/images/top.png, Response status code: 404
info: Microsoft.AspNetCore.Hosting.Diagnostics[16]
      Request reached the end of the middleware pipeline without being handled by application code. Request path: GET https://localhost:44376/.well-known/appspecific/com.chrome.devtools.json, Response status code: 404
info: Microsoft.AspNetCore.Mvc.Infrastructure.ControllerActionInvoker[102]
      Route matched with {action = "GenericUrl", controller = "Common", area = ""}. Executing controller action with signature Microsoft.AspNetCore.Mvc.IActionResult GenericUrl() on controller Nop.Web.Controllers.CommonController (Nop.Web).
info: Microsoft.AspNetCore.Mvc.Infrastructure.ControllerActionInvoker[105]
      Executed action Nop.Web.Controllers.CommonController.GenericUrl (Nop.Web) in 4.9123ms
info: Microsoft.AspNetCore.Routing.EndpointMiddleware[1]
      Executed endpoint 'Nop.Web.Controllers.CommonController.GenericUrl (Nop.Web)'
info: Microsoft.AspNetCore.Hosting.Diagnostics[2]
      Request finished HTTP/2 GET https://localhost:44376/images/phone.png - 404 - - 1203.6837ms
info: Microsoft.AspNetCore.Hosting.Diagnostics[1]
      Request starting HTTP/2 GET https://localhost:44376/Plugins/MWT.Plugin.Misc.MwtStorefront/Content/js/bootstrap.bundle.min.js.map - - -
info: Microsoft.AspNetCore.Hosting.Diagnostics[1]
      Request starting HTTP/2 GET https://localhost:44376/.well-known/appspecific/com.chrome.devtools.json - - -
info: System.Net.Http.HttpClient.default.LogicalHandler[100]
      Start processing HTTP request POST https://localhost:44399/scheduletask/runtask
info: Microsoft.AspNetCore.Hosting.Diagnostics[1]
      Request starting HTTP/2 POST https://localhost:44376/CampaignManagement/showPopup - application/x-www-form-urlencoded;+charset=UTF-8 93
info: System.Net.Http.HttpClient.default.ClientHandler[100]
      Sending HTTP request POST https://localhost:44399/scheduletask/runtask
info: Microsoft.AspNetCore.Routing.EndpointMiddleware[0]
      Executing endpoint 'MWT.Plugin.Misc.MwtStorefront.Controllers.CampaignManagementController.ShowPopup (MWT.Plugin.Misc.MwtStorefront)'
info: System.Net.Http.HttpClient.default.ClientHandler[101]
      Received HTTP response headers after 172.6521ms - 404
info: System.Net.Http.HttpClient.default.LogicalHandler[101]
      End processing HTTP request after 270.669ms - 404
info: Microsoft.AspNetCore.Hosting.Diagnostics[2]
      Request finished HTTP/2 GET https://localhost:44376/.well-known/appspecific/com.chrome.devtools.json - 404 - - 529.4070ms
info: Microsoft.AspNetCore.Hosting.Diagnostics[2]
      Request finished HTTP/2 GET https://localhost:44376/Plugins/MWT.Plugin.Misc.MwtStorefront/Content/js/bootstrap.bundle.min.js.map - 404 - - 559.6155ms
info: Microsoft.AspNetCore.Hosting.Diagnostics[16]
      Request reached the end of the middleware pipeline without being handled by application code. Request path: GET https://localhost:44376/Plugins/MWT.Plugin.Misc.MwtStorefront/Content/js/bootstrap.bundle.min.js.map, Response status code: 404
info: Microsoft.AspNetCore.Hosting.Diagnostics[16]
      Request reached the end of the middleware pipeline without being handled by application code. Request path: GET https://localhost:44376/.well-known/appspecific/com.chrome.devtools.json, Response status code: 404
info: Microsoft.AspNetCore.Mvc.Infrastructure.ControllerActionInvoker[102]
      Route matched with {action = "ShowPopup", controller = "CampaignManagement", area = ""}. Executing controller action with signature System.Threading.Tasks.Task`1[Microsoft.AspNetCore.Mvc.IActionResult] ShowPopup(System.String, System.String, Boolean) on controller MWT.Plugin.Misc.MwtStorefront.Controllers.CampaignManagementController (MWT.Plugin.Misc.MwtStorefront).
info: Microsoft.AspNetCore.Mvc.NewtonsoftJson.NewtonsoftJsonResultExecutor[2]
      Executing JsonResult, writing value of type 'MWT.Plugin.Misc.MwtStorefront.Models.Catalog.Campaign_Management.CampaignPopupResultModel'.
info: Microsoft.AspNetCore.Mvc.Infrastructure.ControllerActionInvoker[105]
      Executed action MWT.Plugin.Misc.MwtStorefront.Controllers.CampaignManagementController.ShowPopup (MWT.Plugin.Misc.MwtStorefront) in 8.9532ms
info: Microsoft.AspNetCore.Routing.EndpointMiddleware[1]
      Executed endpoint 'MWT.Plugin.Misc.MwtStorefront.Controllers.CampaignManagementController.ShowPopup (MWT.Plugin.Misc.MwtStorefront)'
info: Microsoft.AspNetCore.Hosting.Diagnostics[2]
      Request finished HTTP/2 POST https://localhost:44376/CampaignManagement/showPopup - 200 - application/json;+charset=utf-8 408.9873ms
info: Microsoft.AspNetCore.Hosting.Diagnostics[1]
      Request starting HTTP/2 POST https://localhost:44376/Common/MailchimpEvents - application/x-www-form-urlencoded;+charset=UTF-8 251
info: Microsoft.AspNetCore.Hosting.Diagnostics[1]
      Request starting HTTP/2 POST https://localhost:44376/checkoutextended/OpcCustomSaveShippingMethod/ - application/x-www-form-urlencoded;+charset=UTF-8 317
info: Microsoft.AspNetCore.Routing.EndpointMiddleware[0]
      Executing endpoint 'MWT.Plugin.Misc.MwtStorefront.Controllers.CommonController.MailchimpEvents (MWT.Plugin.Misc.MwtStorefront)'
info: Microsoft.AspNetCore.Routing.EndpointMiddleware[0]
      Executing endpoint 'MWT.Plugin.Misc.MwtStorefront.Controllers.CheckoutExtendedController.OpcCustomSaveShippingMethod (MWT.Plugin.Misc.MwtStorefront)'
info: Microsoft.AspNetCore.Mvc.Infrastructure.ControllerActionInvoker[102]
      Route matched with {action = "OpcCustomSaveShippingMethod", controller = "CheckoutExtended", area = ""}. Executing controller action with signature System.Threading.Tasks.Task`1[Microsoft.AspNetCore.Mvc.IActionResult] OpcCustomSaveShippingMethod(System.String, Microsoft.AspNetCore.Http.IFormCollection, Boolean) on controller MWT.Plugin.Misc.MwtStorefront.Controllers.CheckoutExtendedController (MWT.Plugin.Misc.MwtStorefront).
info: Microsoft.AspNetCore.Mvc.Infrastructure.ControllerActionInvoker[102]
      Route matched with {action = "MailchimpEvents", controller = "Common", area = ""}. Executing controller action with signature System.Threading.Tasks.Task`1[Microsoft.AspNetCore.Mvc.IActionResult] MailchimpEvents(System.String, System.String) on controller MWT.Plugin.Misc.MwtStorefront.Controllers.CommonController (MWT.Plugin.Misc.MwtStorefront).
info: Microsoft.AspNetCore.Mvc.NewtonsoftJson.NewtonsoftJsonResultExecutor[2]
      Executing JsonResult, writing value of type '<>f__AnonymousType30`1[[System.Net.HttpStatusCode, System.Net.Primitives, Version=9.0.0.0, Culture=neutral, PublicKeyToken=b03f5f7f11d50a3a]]'.
info: Microsoft.AspNetCore.Mvc.Infrastructure.ControllerActionInvoker[105]
      Executed action MWT.Plugin.Misc.MwtStorefront.Controllers.CommonController.MailchimpEvents (MWT.Plugin.Misc.MwtStorefront) in 19.9913ms
info: Microsoft.AspNetCore.Routing.EndpointMiddleware[1]
      Executed endpoint 'MWT.Plugin.Misc.MwtStorefront.Controllers.CommonController.MailchimpEvents (MWT.Plugin.Misc.MwtStorefront)'
info: Microsoft.AspNetCore.Hosting.Diagnostics[2]
      Request finished HTTP/2 POST https://localhost:44376/Common/MailchimpEvents - 200 - application/json;+charset=utf-8 729.8525ms
info: System.Net.Http.HttpClient.default.LogicalHandler[100]
      Start processing HTTP request PUT https://us1.api.mailchimp.com/3.0/lists/05a2f8885a/members/1D777D2F3170C89DF8418725B09FEE0A
info: System.Net.Http.HttpClient.default.ClientHandler[100]
      Sending HTTP request PUT https://us1.api.mailchimp.com/3.0/lists/05a2f8885a/members/1D777D2F3170C89DF8418725B09FEE0A
info: Microsoft.AspNetCore.Mvc.NewtonsoftJson.NewtonsoftJsonResultExecutor[2]
      Executing JsonResult, writing value of type '<>f__AnonymousType39`2[[Nop.Web.Models.Checkout.Customizations.CustomUpdateSectionJsonModel, Nop.Web, Version=4.90.0.0, Culture=neutral, PublicKeyToken=null],[System.String, System.Private.CoreLib, Version=9.0.0.0, Culture=neutral, PublicKeyToken=7cec85d7bea7798e]]'.
info: Microsoft.AspNetCore.Mvc.Infrastructure.ControllerActionInvoker[105]
      Executed action MWT.Plugin.Misc.MwtStorefront.Controllers.CheckoutExtendedController.OpcCustomSaveShippingMethod (MWT.Plugin.Misc.MwtStorefront) in 307.312ms
info: Microsoft.AspNetCore.Routing.EndpointMiddleware[1]
      Executed endpoint 'MWT.Plugin.Misc.MwtStorefront.Controllers.CheckoutExtendedController.OpcCustomSaveShippingMethod (MWT.Plugin.Misc.MwtStorefront)'
info: Microsoft.AspNetCore.Hosting.Diagnostics[2]
      Request finished HTTP/2 POST https://localhost:44376/checkoutextended/OpcCustomSaveShippingMethod/ - 200 - application/json;+charset=utf-8 980.7278ms
info: Microsoft.AspNetCore.Hosting.Diagnostics[1]
      Request starting HTTP/2 GET https://localhost:44376/CheckoutExtended/CheckoutOrderSummary?isConfirmationPage=true - - -
info: Microsoft.AspNetCore.Routing.EndpointMiddleware[0]
      Executing endpoint 'MWT.Plugin.Misc.MwtStorefront.Controllers.CheckoutExtendedController.CheckoutOrderSummary (MWT.Plugin.Misc.MwtStorefront)'
info: Microsoft.AspNetCore.Mvc.Infrastructure.ControllerActionInvoker[102]
      Route matched with {action = "CheckoutOrderSummary", controller = "CheckoutExtended", area = ""}. Executing controller action with signature System.Threading.Tasks.Task`1[Microsoft.AspNetCore.Mvc.IActionResult] CheckoutOrderSummary(Boolean) on controller MWT.Plugin.Misc.MwtStorefront.Controllers.CheckoutExtendedController (MWT.Plugin.Misc.MwtStorefront).
info: Microsoft.AspNetCore.Mvc.ViewFeatures.ViewResultExecutor[1]
      Executing ViewResult, running view CheckoutOrderSummary.
info: Microsoft.AspNetCore.Mvc.ViewFeatures.ViewResultExecutor[4]
      Executed ViewResult - view CheckoutOrderSummary executed in 296.2874ms.
info: Microsoft.AspNetCore.Mvc.Infrastructure.ControllerActionInvoker[105]
      Executed action MWT.Plugin.Misc.MwtStorefront.Controllers.CheckoutExtendedController.CheckoutOrderSummary (MWT.Plugin.Misc.MwtStorefront) in 302.9503ms
info: Microsoft.AspNetCore.Routing.EndpointMiddleware[1]
      Executed endpoint 'MWT.Plugin.Misc.MwtStorefront.Controllers.CheckoutExtendedController.CheckoutOrderSummary (MWT.Plugin.Misc.MwtStorefront)'
info: System.Net.Http.HttpClient.default.ClientHandler[101]
      Received HTTP response headers after 693.5176ms - 400
info: System.Net.Http.HttpClient.default.LogicalHandler[101]
      End processing HTTP request after 698.6919ms - 400
warn: Microsoft.WebTools.BrowserLink.Net.BrowserLinkMiddleware[3]
      Unable to configure Browser Link script injection on the response. 
info: Microsoft.AspNetCore.Hosting.Diagnostics[2]
      Request finished HTTP/2 GET https://localhost:44376/CheckoutExtended/CheckoutOrderSummary?isConfirmationPage=true - 200 - text/html;+charset=utf-8 601.5827ms
info: System.Net.Http.HttpClient.default.LogicalHandler[100]
      Start processing HTTP request POST https://us1.api.mailchimp.com/3.0/lists/05a2f8885a/segments/2169
info: System.Net.Http.HttpClient.default.ClientHandler[100]
      Sending HTTP request POST https://us1.api.mailchimp.com/3.0/lists/05a2f8885a/segments/2169
info: System.Net.Http.HttpClient.default.ClientHandler[101]
      Received HTTP response headers after 1135.1414ms - 400
info: System.Net.Http.HttpClient.default.LogicalHandler[101]
      End processing HTTP request after 1144.5839ms - 400
info: System.Net.Http.HttpClient.default.LogicalHandler[100]
      Start processing HTTP request POST https://us1.api.mailchimp.com/3.0/lists/05a2f8885a/segments/2065
info: System.Net.Http.HttpClient.default.ClientHandler[100]
      Sending HTTP request POST https://us1.api.mailchimp.com/3.0/lists/05a2f8885a/segments/2065
info: Microsoft.AspNetCore.Hosting.Diagnostics[1]
      Request starting HTTP/2 POST https://localhost:44376/Common/MailchimpEvents - application/x-www-form-urlencoded;+charset=UTF-8 251
info: Microsoft.AspNetCore.Hosting.Diagnostics[1]
      Request starting HTTP/2 POST https://localhost:44376/checkoutextended/OpcCustomSaveShippingMethod/ - application/x-www-form-urlencoded;+charset=UTF-8 317
info: Microsoft.AspNetCore.Routing.EndpointMiddleware[0]
      Executing endpoint 'MWT.Plugin.Misc.MwtStorefront.Controllers.CommonController.MailchimpEvents (MWT.Plugin.Misc.MwtStorefront)'
info: Microsoft.AspNetCore.Routing.EndpointMiddleware[0]
      Executing endpoint 'MWT.Plugin.Misc.MwtStorefront.Controllers.CheckoutExtendedController.OpcCustomSaveShippingMethod (MWT.Plugin.Misc.MwtStorefront)'
info: Microsoft.AspNetCore.Mvc.Infrastructure.ControllerActionInvoker[102]
      Route matched with {action = "MailchimpEvents", controller = "Common", area = ""}. Executing controller action with signature System.Threading.Tasks.Task`1[Microsoft.AspNetCore.Mvc.IActionResult] MailchimpEvents(System.String, System.String) on controller MWT.Plugin.Misc.MwtStorefront.Controllers.CommonController (MWT.Plugin.Misc.MwtStorefront).
info: Microsoft.AspNetCore.Mvc.Infrastructure.ControllerActionInvoker[102]
      Route matched with {action = "OpcCustomSaveShippingMethod", controller = "CheckoutExtended", area = ""}. Executing controller action with signature System.Threading.Tasks.Task`1[Microsoft.AspNetCore.Mvc.IActionResult] OpcCustomSaveShippingMethod(System.String, Microsoft.AspNetCore.Http.IFormCollection, Boolean) on controller MWT.Plugin.Misc.MwtStorefront.Controllers.CheckoutExtendedController (MWT.Plugin.Misc.MwtStorefront).
info: Microsoft.AspNetCore.Mvc.NewtonsoftJson.NewtonsoftJsonResultExecutor[2]
      Executing JsonResult, writing value of type '<>f__AnonymousType30`1[[System.Net.HttpStatusCode, System.Net.Primitives, Version=9.0.0.0, Culture=neutral, PublicKeyToken=b03f5f7f11d50a3a]]'.
info: System.Net.Http.HttpClient.default.LogicalHandler[100]
      Start processing HTTP request PUT https://us1.api.mailchimp.com/3.0/lists/05a2f8885a/members/1D777D2F3170C89DF8418725B09FEE0A
info: System.Net.Http.HttpClient.default.ClientHandler[100]
      Sending HTTP request PUT https://us1.api.mailchimp.com/3.0/lists/05a2f8885a/members/1D777D2F3170C89DF8418725B09FEE0A
info: Microsoft.AspNetCore.Mvc.Infrastructure.ControllerActionInvoker[105]
      Executed action MWT.Plugin.Misc.MwtStorefront.Controllers.CommonController.MailchimpEvents (MWT.Plugin.Misc.MwtStorefront) in 191.0694ms
info: Microsoft.AspNetCore.Routing.EndpointMiddleware[1]
      Executed endpoint 'MWT.Plugin.Misc.MwtStorefront.Controllers.CommonController.MailchimpEvents (MWT.Plugin.Misc.MwtStorefront)'
info: Microsoft.AspNetCore.Hosting.Diagnostics[2]
      Request finished HTTP/2 POST https://localhost:44376/Common/MailchimpEvents - 200 - application/json;+charset=utf-8 862.2228ms
info: Microsoft.AspNetCore.Mvc.NewtonsoftJson.NewtonsoftJsonResultExecutor[2]
      Executing JsonResult, writing value of type '<>f__AnonymousType39`2[[Nop.Web.Models.Checkout.Customizations.CustomUpdateSectionJsonModel, Nop.Web, Version=4.90.0.0, Culture=neutral, PublicKeyToken=null],[System.String, System.Private.CoreLib, Version=9.0.0.0, Culture=neutral, PublicKeyToken=7cec85d7bea7798e]]'.
info: Microsoft.AspNetCore.Mvc.Infrastructure.ControllerActionInvoker[105]
      Executed action MWT.Plugin.Misc.MwtStorefront.Controllers.CheckoutExtendedController.OpcCustomSaveShippingMethod (MWT.Plugin.Misc.MwtStorefront) in 479.28ms
info: Microsoft.AspNetCore.Routing.EndpointMiddleware[1]
      Executed endpoint 'MWT.Plugin.Misc.MwtStorefront.Controllers.CheckoutExtendedController.OpcCustomSaveShippingMethod (MWT.Plugin.Misc.MwtStorefront)'
info: Microsoft.AspNetCore.Hosting.Diagnostics[2]
      Request finished HTTP/2 POST https://localhost:44376/checkoutextended/OpcCustomSaveShippingMethod/ - 200 - application/json;+charset=utf-8 1003.9482ms
info: Microsoft.AspNetCore.Hosting.Diagnostics[1]
      Request starting HTTP/2 GET https://localhost:44376/CheckoutExtended/CheckoutOrderSummary?isConfirmationPage=true - - -
info: System.Net.Http.HttpClient.default.ClientHandler[101]
      Received HTTP response headers after 1329.8523ms - 400
info: System.Net.Http.HttpClient.default.LogicalHandler[101]
      End processing HTTP request after 1335.9883ms - 400
info: System.Net.Http.HttpClient.default.LogicalHandler[100]
      Start processing HTTP request POST https://us1.api.mailchimp.com/3.0/lists/05a2f8885a/segments/2069
info: System.Net.Http.HttpClient.default.ClientHandler[100]
      Sending HTTP request POST https://us1.api.mailchimp.com/3.0/lists/05a2f8885a/segments/2069
info: Microsoft.AspNetCore.Routing.EndpointMiddleware[0]
      Executing endpoint 'MWT.Plugin.Misc.MwtStorefront.Controllers.CheckoutExtendedController.CheckoutOrderSummary (MWT.Plugin.Misc.MwtStorefront)'
info: Microsoft.AspNetCore.Mvc.Infrastructure.ControllerActionInvoker[102]
      Route matched with {action = "CheckoutOrderSummary", controller = "CheckoutExtended", area = ""}. Executing controller action with signature System.Threading.Tasks.Task`1[Microsoft.AspNetCore.Mvc.IActionResult] CheckoutOrderSummary(Boolean) on controller MWT.Plugin.Misc.MwtStorefront.Controllers.CheckoutExtendedController (MWT.Plugin.Misc.MwtStorefront).
info: Microsoft.AspNetCore.Mvc.ViewFeatures.ViewResultExecutor[1]
      Executing ViewResult, running view CheckoutOrderSummary.
info: Microsoft.AspNetCore.Mvc.ViewFeatures.ViewResultExecutor[4]
      Executed ViewResult - view CheckoutOrderSummary executed in 360.0106ms.
info: Microsoft.AspNetCore.Mvc.Infrastructure.ControllerActionInvoker[105]
      Executed action MWT.Plugin.Misc.MwtStorefront.Controllers.CheckoutExtendedController.CheckoutOrderSummary (MWT.Plugin.Misc.MwtStorefront) in 364.9362ms
info: Microsoft.AspNetCore.Routing.EndpointMiddleware[1]
      Executed endpoint 'MWT.Plugin.Misc.MwtStorefront.Controllers.CheckoutExtendedController.CheckoutOrderSummary (MWT.Plugin.Misc.MwtStorefront)'
warn: Microsoft.WebTools.BrowserLink.Net.BrowserLinkMiddleware[3]
      Unable to configure Browser Link script injection on the response. 
info: Microsoft.AspNetCore.Hosting.Diagnostics[2]
      Request finished HTTP/2 GET https://localhost:44376/CheckoutExtended/CheckoutOrderSummary?isConfirmationPage=true - 200 - text/html;+charset=utf-8 783.2104ms
info: System.Net.Http.HttpClient.default.ClientHandler[101]
      Received HTTP response headers after 1266.3583ms - 400
info: System.Net.Http.HttpClient.default.LogicalHandler[101]
      End processing HTTP request after 1325.0931ms - 400
info: System.Net.Http.HttpClient.default.LogicalHandler[100]
      Start processing HTTP request POST https://us1.api.mailchimp.com/3.0/lists/05a2f8885a/segments/2169
info: System.Net.Http.HttpClient.default.ClientHandler[100]
      Sending HTTP request POST https://us1.api.mailchimp.com/3.0/lists/05a2f8885a/segments/2169
info: System.Net.Http.HttpClient.default.ClientHandler[101]
      Received HTTP response headers after 1145.2497ms - 400
info: System.Net.Http.HttpClient.default.LogicalHandler[101]
      End processing HTTP request after 1161.9129ms - 400
info: System.Net.Http.HttpClient.default.ClientHandler[101]
      Received HTTP response headers after 1131.9405ms - 400
info: System.Net.Http.HttpClient.default.LogicalHandler[101]
      End processing HTTP request after 1139.1257ms - 400
info: System.Net.Http.HttpClient.default.LogicalHandler[100]
      Start processing HTTP request POST https://us1.api.mailchimp.com/3.0/lists/05a2f8885a/segments/2065
info: System.Net.Http.HttpClient.default.ClientHandler[100]
      Sending HTTP request POST https://us1.api.mailchimp.com/3.0/lists/05a2f8885a/segments/2065
info: System.Net.Http.HttpClient.default.ClientHandler[101]
      Received HTTP response headers after 1461.8497ms - 400
info: System.Net.Http.HttpClient.default.LogicalHandler[101]
      End processing HTTP request after 1469.5273ms - 400
info: System.Net.Http.HttpClient.default.LogicalHandler[100]
      Start processing HTTP request POST https://us1.api.mailchimp.com/3.0/lists/05a2f8885a/segments/2069
info: System.Net.Http.HttpClient.default.ClientHandler[100]
      Sending HTTP request POST https://us1.api.mailchimp.com/3.0/lists/05a2f8885a/segments/2069
info: Microsoft.AspNetCore.Hosting.Diagnostics[1]
      Request starting HTTP/2 POST https://localhost:44376/Common/MailchimpEvents - application/x-www-form-urlencoded;+charset=UTF-8 251
info: Microsoft.AspNetCore.Hosting.Diagnostics[1]
      Request starting HTTP/2 POST https://localhost:44376/checkoutextended/OpcCustomSaveShippingMethod/ - application/x-www-form-urlencoded;+charset=UTF-8 317
info: Microsoft.AspNetCore.Routing.EndpointMiddleware[0]
      Executing endpoint 'MWT.Plugin.Misc.MwtStorefront.Controllers.CommonController.MailchimpEvents (MWT.Plugin.Misc.MwtStorefront)'
info: Microsoft.AspNetCore.Routing.EndpointMiddleware[0]
      Executing endpoint 'MWT.Plugin.Misc.MwtStorefront.Controllers.CheckoutExtendedController.OpcCustomSaveShippingMethod (MWT.Plugin.Misc.MwtStorefront)'
info: Microsoft.AspNetCore.Mvc.Infrastructure.ControllerActionInvoker[102]
      Route matched with {action = "MailchimpEvents", controller = "Common", area = ""}. Executing controller action with signature System.Threading.Tasks.Task`1[Microsoft.AspNetCore.Mvc.IActionResult] MailchimpEvents(System.String, System.String) on controller MWT.Plugin.Misc.MwtStorefront.Controllers.CommonController (MWT.Plugin.Misc.MwtStorefront).
info: Microsoft.AspNetCore.Mvc.Infrastructure.ControllerActionInvoker[102]
      Route matched with {action = "OpcCustomSaveShippingMethod", controller = "CheckoutExtended", area = ""}. Executing controller action with signature System.Threading.Tasks.Task`1[Microsoft.AspNetCore.Mvc.IActionResult] OpcCustomSaveShippingMethod(System.String, Microsoft.AspNetCore.Http.IFormCollection, Boolean) on controller MWT.Plugin.Misc.MwtStorefront.Controllers.CheckoutExtendedController (MWT.Plugin.Misc.MwtStorefront).
info: Microsoft.AspNetCore.Mvc.NewtonsoftJson.NewtonsoftJsonResultExecutor[2]
      Executing JsonResult, writing value of type '<>f__AnonymousType30`1[[System.Net.HttpStatusCode, System.Net.Primitives, Version=9.0.0.0, Culture=neutral, PublicKeyToken=b03f5f7f11d50a3a]]'.
info: Microsoft.AspNetCore.Mvc.Infrastructure.ControllerActionInvoker[105]
      Executed action MWT.Plugin.Misc.MwtStorefront.Controllers.CommonController.MailchimpEvents (MWT.Plugin.Misc.MwtStorefront) in 115.5728ms
info: Microsoft.AspNetCore.Routing.EndpointMiddleware[1]
      Executed endpoint 'MWT.Plugin.Misc.MwtStorefront.Controllers.CommonController.MailchimpEvents (MWT.Plugin.Misc.MwtStorefront)'
info: System.Net.Http.HttpClient.default.LogicalHandler[100]
      Start processing HTTP request PUT https://us1.api.mailchimp.com/3.0/lists/05a2f8885a/members/1D777D2F3170C89DF8418725B09FEE0A
info: System.Net.Http.HttpClient.default.ClientHandler[100]
      Sending HTTP request PUT https://us1.api.mailchimp.com/3.0/lists/05a2f8885a/members/1D777D2F3170C89DF8418725B09FEE0A
info: Microsoft.AspNetCore.Hosting.Diagnostics[2]
      Request finished HTTP/2 POST https://localhost:44376/Common/MailchimpEvents - 200 - application/json;+charset=utf-8 598.1038ms
info: Microsoft.AspNetCore.Mvc.NewtonsoftJson.NewtonsoftJsonResultExecutor[2]
      Executing JsonResult, writing value of type '<>f__AnonymousType39`2[[Nop.Web.Models.Checkout.Customizations.CustomUpdateSectionJsonModel, Nop.Web, Version=4.90.0.0, Culture=neutral, PublicKeyToken=null],[System.String, System.Private.CoreLib, Version=9.0.0.0, Culture=neutral, PublicKeyToken=7cec85d7bea7798e]]'.
info: Microsoft.AspNetCore.Mvc.Infrastructure.ControllerActionInvoker[105]
      Executed action MWT.Plugin.Misc.MwtStorefront.Controllers.CheckoutExtendedController.OpcCustomSaveShippingMethod (MWT.Plugin.Misc.MwtStorefront) in 288.6613ms
info: Microsoft.AspNetCore.Routing.EndpointMiddleware[1]
      Executed endpoint 'MWT.Plugin.Misc.MwtStorefront.Controllers.CheckoutExtendedController.OpcCustomSaveShippingMethod (MWT.Plugin.Misc.MwtStorefront)'
info: Microsoft.AspNetCore.Hosting.Diagnostics[2]
      Request finished HTTP/2 POST https://localhost:44376/checkoutextended/OpcCustomSaveShippingMethod/ - 200 - application/json;+charset=utf-8 745.1267ms
info: Microsoft.AspNetCore.Hosting.Diagnostics[1]
      Request starting HTTP/2 GET https://localhost:44376/CheckoutExtended/CheckoutOrderSummary?isConfirmationPage=true - - -
info: System.Net.Http.HttpClient.default.ClientHandler[101]
      Received HTTP response headers after 1101.655ms - 400
info: System.Net.Http.HttpClient.default.LogicalHandler[101]
      End processing HTTP request after 1106.4704ms - 400
info: Microsoft.AspNetCore.Routing.EndpointMiddleware[0]
      Executing endpoint 'MWT.Plugin.Misc.MwtStorefront.Controllers.CheckoutExtendedController.CheckoutOrderSummary (MWT.Plugin.Misc.MwtStorefront)'
info: Microsoft.AspNetCore.Mvc.Infrastructure.ControllerActionInvoker[102]
      Route matched with {action = "CheckoutOrderSummary", controller = "CheckoutExtended", area = ""}. Executing controller action with signature System.Threading.Tasks.Task`1[Microsoft.AspNetCore.Mvc.IActionResult] CheckoutOrderSummary(Boolean) on controller MWT.Plugin.Misc.MwtStorefront.Controllers.CheckoutExtendedController (MWT.Plugin.Misc.MwtStorefront).
info: Microsoft.AspNetCore.Mvc.ViewFeatures.ViewResultExecutor[1]
      Executing ViewResult, running view CheckoutOrderSummary.
info: Microsoft.AspNetCore.Mvc.ViewFeatures.ViewResultExecutor[4]
      Executed ViewResult - view CheckoutOrderSummary executed in 127.6065ms.
info: Microsoft.AspNetCore.Mvc.Infrastructure.ControllerActionInvoker[105]
      Executed action MWT.Plugin.Misc.MwtStorefront.Controllers.CheckoutExtendedController.CheckoutOrderSummary (MWT.Plugin.Misc.MwtStorefront) in 131.6831ms
info: Microsoft.AspNetCore.Routing.EndpointMiddleware[1]
      Executed endpoint 'MWT.Plugin.Misc.MwtStorefront.Controllers.CheckoutExtendedController.CheckoutOrderSummary (MWT.Plugin.Misc.MwtStorefront)'
warn: Microsoft.WebTools.BrowserLink.Net.BrowserLinkMiddleware[3]
      Unable to configure Browser Link script injection on the response. 
info: Microsoft.AspNetCore.Hosting.Diagnostics[2]
      Request finished HTTP/2 GET https://localhost:44376/CheckoutExtended/CheckoutOrderSummary?isConfirmationPage=true - 200 - text/html;+charset=utf-8 378.2811ms
info: System.Net.Http.HttpClient.default.ClientHandler[101]
      Received HTTP response headers after 1487.8343ms - 400
info: System.Net.Http.HttpClient.default.LogicalHandler[101]
      End processing HTTP request after 1502.7889ms - 400
info: System.Net.Http.HttpClient.default.LogicalHandler[100]
      Start processing HTTP request POST https://us1.api.mailchimp.com/3.0/lists/05a2f8885a/segments/2169
info: System.Net.Http.HttpClient.default.ClientHandler[100]
      Sending HTTP request POST https://us1.api.mailchimp.com/3.0/lists/05a2f8885a/segments/2169
info: System.Net.Http.HttpClient.default.ClientHandler[101]
      Received HTTP response headers after 1124.5333ms - 400
info: System.Net.Http.HttpClient.default.LogicalHandler[101]
      End processing HTTP request after 1133.5587ms - 400
info: System.Net.Http.HttpClient.default.LogicalHandler[100]
      Start processing HTTP request POST https://us1.api.mailchimp.com/3.0/lists/05a2f8885a/segments/2065
info: System.Net.Http.HttpClient.default.ClientHandler[100]
      Sending HTTP request POST https://us1.api.mailchimp.com/3.0/lists/05a2f8885a/segments/2065
info: Microsoft.AspNetCore.Hosting.Diagnostics[1]
      Request starting HTTP/2 POST https://localhost:44376/checkoutextended/OpcCustomSaveShippingMethod/ - application/x-www-form-urlencoded;+charset=UTF-8 321
info: Microsoft.AspNetCore.Hosting.Diagnostics[1]
      Request starting HTTP/2 POST https://localhost:44376/Common/MailchimpEvents - application/x-www-form-urlencoded;+charset=UTF-8 251
info: Microsoft.AspNetCore.Routing.EndpointMiddleware[0]
      Executing endpoint 'MWT.Plugin.Misc.MwtStorefront.Controllers.CheckoutExtendedController.OpcCustomSaveShippingMethod (MWT.Plugin.Misc.MwtStorefront)'
info: Microsoft.AspNetCore.Routing.EndpointMiddleware[0]
      Executing endpoint 'MWT.Plugin.Misc.MwtStorefront.Controllers.CommonController.MailchimpEvents (MWT.Plugin.Misc.MwtStorefront)'
info: Microsoft.AspNetCore.Mvc.Infrastructure.ControllerActionInvoker[102]
      Route matched with {action = "MailchimpEvents", controller = "Common", area = ""}. Executing controller action with signature System.Threading.Tasks.Task`1[Microsoft.AspNetCore.Mvc.IActionResult] MailchimpEvents(System.String, System.String) on controller MWT.Plugin.Misc.MwtStorefront.Controllers.CommonController (MWT.Plugin.Misc.MwtStorefront).
info: Microsoft.AspNetCore.Mvc.Infrastructure.ControllerActionInvoker[102]
      Route matched with {action = "OpcCustomSaveShippingMethod", controller = "CheckoutExtended", area = ""}. Executing controller action with signature System.Threading.Tasks.Task`1[Microsoft.AspNetCore.Mvc.IActionResult] OpcCustomSaveShippingMethod(System.String, Microsoft.AspNetCore.Http.IFormCollection, Boolean) on controller MWT.Plugin.Misc.MwtStorefront.Controllers.CheckoutExtendedController (MWT.Plugin.Misc.MwtStorefront).
info: Microsoft.AspNetCore.Mvc.NewtonsoftJson.NewtonsoftJsonResultExecutor[2]
      Executing JsonResult, writing value of type '<>f__AnonymousType30`1[[System.Net.HttpStatusCode, System.Net.Primitives, Version=9.0.0.0, Culture=neutral, PublicKeyToken=b03f5f7f11d50a3a]]'.
info: Microsoft.AspNetCore.Mvc.Infrastructure.ControllerActionInvoker[105]
      Executed action MWT.Plugin.Misc.MwtStorefront.Controllers.CommonController.MailchimpEvents (MWT.Plugin.Misc.MwtStorefront) in 75.0715ms
info: System.Net.Http.HttpClient.default.LogicalHandler[100]
      Start processing HTTP request PUT https://us1.api.mailchimp.com/3.0/lists/05a2f8885a/members/1D777D2F3170C89DF8418725B09FEE0A
info: Microsoft.AspNetCore.Routing.EndpointMiddleware[1]
      Executed endpoint 'MWT.Plugin.Misc.MwtStorefront.Controllers.CommonController.MailchimpEvents (MWT.Plugin.Misc.MwtStorefront)'
info: System.Net.Http.HttpClient.default.ClientHandler[100]
      Sending HTTP request PUT https://us1.api.mailchimp.com/3.0/lists/05a2f8885a/members/1D777D2F3170C89DF8418725B09FEE0A
info: Microsoft.AspNetCore.Hosting.Diagnostics[2]
      Request finished HTTP/2 POST https://localhost:44376/Common/MailchimpEvents - 200 - application/json;+charset=utf-8 440.6962ms
info: System.Net.Http.HttpClient.default.ClientHandler[101]
      Received HTTP response headers after 1227.9011ms - 400
info: System.Net.Http.HttpClient.default.LogicalHandler[101]
      End processing HTTP request after 1232.1014ms - 400
info: System.Net.Http.HttpClient.default.LogicalHandler[100]
      Start processing HTTP request POST https://us1.api.mailchimp.com/3.0/lists/05a2f8885a/segments/2069
info: System.Net.Http.HttpClient.default.ClientHandler[100]
      Sending HTTP request POST https://us1.api.mailchimp.com/3.0/lists/05a2f8885a/segments/2069
info: System.Net.Http.HttpClient.default.LogicalHandler[100]
      Start processing HTTP request POST https://apitest.authorize.net/xml/v1/request.api
info: System.Net.Http.HttpClient.default.ClientHandler[100]
      Sending HTTP request POST https://apitest.authorize.net/xml/v1/request.api
info: System.Net.Http.HttpClient.default.ClientHandler[101]
      Received HTTP response headers after 1380.8546ms - 400
info: System.Net.Http.HttpClient.default.LogicalHandler[101]
      End processing HTTP request after 1391.1692ms - 400
info: System.Net.Http.HttpClient.default.ClientHandler[101]
      Received HTTP response headers after 1219.8379ms - 400
info: System.Net.Http.HttpClient.default.LogicalHandler[101]
      End processing HTTP request after 1250.7678ms - 400
info: System.Net.Http.HttpClient.default.LogicalHandler[100]
      Start processing HTTP request POST https://us1.api.mailchimp.com/3.0/lists/05a2f8885a/segments/2169
info: System.Net.Http.HttpClient.default.ClientHandler[100]
      Sending HTTP request POST https://us1.api.mailchimp.com/3.0/lists/05a2f8885a/segments/2169
info: System.Net.Http.HttpClient.default.ClientHandler[101]
      Received HTTP response headers after 1206.204ms - 200
info: System.Net.Http.HttpClient.default.LogicalHandler[101]
      End processing HTTP request after 1213.5751ms - 200
info: System.Net.Http.HttpClient.default.ClientHandler[101]
      Received HTTP response headers after 1192.6624ms - 400
info: System.Net.Http.HttpClient.default.LogicalHandler[101]
      End processing HTTP request after 1199.1468ms - 400
info: System.Net.Http.HttpClient.default.LogicalHandler[100]
      Start processing HTTP request POST https://us1.api.mailchimp.com/3.0/lists/05a2f8885a/segments/2065
info: System.Net.Http.HttpClient.default.ClientHandler[100]
      Sending HTTP request POST https://us1.api.mailchimp.com/3.0/lists/05a2f8885a/segments/2065
info: Microsoft.AspNetCore.Mvc.NewtonsoftJson.NewtonsoftJsonResultExecutor[2]
      Executing JsonResult, writing value of type '<>f__AnonymousType39`2[[Nop.Web.Models.Checkout.Customizations.CustomUpdateSectionJsonModel, Nop.Web, Version=4.90.0.0, Culture=neutral, PublicKeyToken=null],[System.String, System.Private.CoreLib, Version=9.0.0.0, Culture=neutral, PublicKeyToken=7cec85d7bea7798e]]'.
info: Microsoft.AspNetCore.Mvc.Infrastructure.ControllerActionInvoker[105]
      Executed action MWT.Plugin.Misc.MwtStorefront.Controllers.CheckoutExtendedController.OpcCustomSaveShippingMethod (MWT.Plugin.Misc.MwtStorefront) in 3210.1227ms
info: Microsoft.AspNetCore.Routing.EndpointMiddleware[1]
      Executed endpoint 'MWT.Plugin.Misc.MwtStorefront.Controllers.CheckoutExtendedController.OpcCustomSaveShippingMethod (MWT.Plugin.Misc.MwtStorefront)'
info: Microsoft.AspNetCore.Hosting.Diagnostics[2]
      Request finished HTTP/2 POST https://localhost:44376/checkoutextended/OpcCustomSaveShippingMethod/ - 200 - application/json;+charset=utf-8 3592.0810ms
info: Microsoft.AspNetCore.Hosting.Diagnostics[1]
      Request starting HTTP/2 GET https://localhost:44376/CheckoutExtended/CheckoutOrderSummary?isConfirmationPage=true - - -
info: Microsoft.AspNetCore.Hosting.Diagnostics[1]
      Request starting HTTP/2 GET https://localhost:44376/Plugins/Payments.PayPalCommerce/logo.svg - - -
info: Microsoft.AspNetCore.Hosting.Diagnostics[1]
      Request starting HTTP/2 GET https://localhost:44376/.well-known/appspecific/com.chrome.devtools.json - - -
info: Microsoft.AspNetCore.Hosting.Diagnostics[2]
      Request finished HTTP/2 GET https://localhost:44376/Plugins/Payments.PayPalCommerce/logo.svg - 404 - - 554.0258ms
info: Microsoft.AspNetCore.Hosting.Diagnostics[16]
      Request reached the end of the middleware pipeline without being handled by application code. Request path: GET https://localhost:44376/Plugins/Payments.PayPalCommerce/logo.svg, Response status code: 404
info: Microsoft.AspNetCore.Routing.EndpointMiddleware[0]
      Executing endpoint 'MWT.Plugin.Misc.MwtStorefront.Controllers.CheckoutExtendedController.CheckoutOrderSummary (MWT.Plugin.Misc.MwtStorefront)'
info: Microsoft.AspNetCore.Hosting.Diagnostics[2]
      Request finished HTTP/2 GET https://localhost:44376/.well-known/appspecific/com.chrome.devtools.json - 404 - - 545.0770ms
info: Microsoft.AspNetCore.Hosting.Diagnostics[16]
      Request reached the end of the middleware pipeline without being handled by application code. Request path: GET https://localhost:44376/.well-known/appspecific/com.chrome.devtools.json, Response status code: 404
info: Microsoft.AspNetCore.Mvc.Infrastructure.ControllerActionInvoker[102]
      Route matched with {action = "CheckoutOrderSummary", controller = "CheckoutExtended", area = ""}. Executing controller action with signature System.Threading.Tasks.Task`1[Microsoft.AspNetCore.Mvc.IActionResult] CheckoutOrderSummary(Boolean) on controller MWT.Plugin.Misc.MwtStorefront.Controllers.CheckoutExtendedController (MWT.Plugin.Misc.MwtStorefront).
info: Microsoft.AspNetCore.Mvc.ViewFeatures.ViewResultExecutor[1]
      Executing ViewResult, running view CheckoutOrderSummary.
info: Microsoft.AspNetCore.Mvc.ViewFeatures.ViewResultExecutor[4]
      Executed ViewResult - view CheckoutOrderSummary executed in 180.0979ms.
info: Microsoft.AspNetCore.Mvc.Infrastructure.ControllerActionInvoker[105]
      Executed action MWT.Plugin.Misc.MwtStorefront.Controllers.CheckoutExtendedController.CheckoutOrderSummary (MWT.Plugin.Misc.MwtStorefront) in 188.1107ms
info: Microsoft.AspNetCore.Routing.EndpointMiddleware[1]
      Executed endpoint 'MWT.Plugin.Misc.MwtStorefront.Controllers.CheckoutExtendedController.CheckoutOrderSummary (MWT.Plugin.Misc.MwtStorefront)'
warn: Microsoft.WebTools.BrowserLink.Net.BrowserLinkMiddleware[3]
      Unable to configure Browser Link script injection on the response. 
info: Microsoft.AspNetCore.Hosting.Diagnostics[2]
      Request finished HTTP/2 GET https://localhost:44376/CheckoutExtended/CheckoutOrderSummary?isConfirmationPage=true - 200 - text/html;+charset=utf-8 912.3100ms
info: System.Net.Http.HttpClient.default.ClientHandler[101]
      Received HTTP response headers after 1267.8928ms - 400
info: System.Net.Http.HttpClient.default.LogicalHandler[101]
      End processing HTTP request after 1283.7799ms - 400
info: System.Net.Http.HttpClient.default.LogicalHandler[100]
      Start processing HTTP request POST https://us1.api.mailchimp.com/3.0/lists/05a2f8885a/segments/2069
info: System.Net.Http.HttpClient.default.ClientHandler[100]
      Sending HTTP request POST https://us1.api.mailchimp.com/3.0/lists/05a2f8885a/segments/2069
info: System.Net.Http.HttpClient.default.ClientHandler[101]
      Received HTTP response headers after 1182.999ms - 400
info: System.Net.Http.HttpClient.default.LogicalHandler[101]
      End processing HTTP request after 1212.9423ms - 400
info: Microsoft.AspNetCore.Hosting.Diagnostics[1]
      Request starting HTTP/2 GET https://localhost:44376/Admin/Affirm/CancelCallbackHandler - - -
info: Microsoft.AspNetCore.Routing.EndpointMiddleware[0]
      Executing endpoint 'MWT.Nop.Plugin.Payments.Affirm.Controllers.AffirmController.CancelCallbackHandler (MWT.Nop.Plugin.Payments.Affirm)'
info: Microsoft.AspNetCore.Mvc.Infrastructure.ControllerActionInvoker[102]
      Route matched with {action = "CancelCallbackHandler", controller = "Affirm", area = ""}. Executing controller action with signature Microsoft.AspNetCore.Mvc.IActionResult CancelCallbackHandler() on controller MWT.Nop.Plugin.Payments.Affirm.Controllers.AffirmController (MWT.Nop.Plugin.Payments.Affirm).
info: Microsoft.AspNetCore.Mvc.RedirectToRouteResult[1]
      Executing RedirectToRouteResult, redirecting to /onepagecheckout from route CheckoutOnePage.
info: Microsoft.AspNetCore.Mvc.Infrastructure.ControllerActionInvoker[105]
      Executed action MWT.Nop.Plugin.Payments.Affirm.Controllers.AffirmController.CancelCallbackHandler (MWT.Nop.Plugin.Payments.Affirm) in 104.082ms
info: Microsoft.AspNetCore.Routing.EndpointMiddleware[1]
      Executed endpoint 'MWT.Nop.Plugin.Payments.Affirm.Controllers.AffirmController.CancelCallbackHandler (MWT.Nop.Plugin.Payments.Affirm)'
info: Microsoft.AspNetCore.Hosting.Diagnostics[2]
      Request finished HTTP/2 GET https://localhost:44376/Admin/Affirm/CancelCallbackHandler - 302 - - 289.6993ms
info: Microsoft.AspNetCore.Hosting.Diagnostics[1]
      Request starting HTTP/2 GET https://localhost:44376/onepagecheckout - - -
info: Microsoft.AspNetCore.Routing.EndpointMiddleware[0]
      Executing endpoint 'MWT.Plugin.Misc.MwtStorefront.Controllers.CheckoutExtendedController.CustomOnePageCheckout (MWT.Plugin.Misc.MwtStorefront)'
info: Microsoft.AspNetCore.Mvc.Infrastructure.ControllerActionInvoker[102]
      Route matched with {action = "CustomOnePageCheckout", controller = "CheckoutExtended", area = ""}. Executing controller action with signature System.Threading.Tasks.Task`1[Microsoft.AspNetCore.Mvc.IActionResult] CustomOnePageCheckout() on controller MWT.Plugin.Misc.MwtStorefront.Controllers.CheckoutExtendedController (MWT.Plugin.Misc.MwtStorefront).
info: Microsoft.AspNetCore.Mvc.ViewFeatures.ViewResultExecutor[1]
      Executing ViewResult, running view onePageCheckout.
info: System.Net.Http.HttpClient.default.LogicalHandler[100]
      Start processing HTTP request POST https://apitest.authorize.net/xml/v1/request.api
info: System.Net.Http.HttpClient.default.ClientHandler[100]
      Sending HTTP request POST https://apitest.authorize.net/xml/v1/request.api
info: System.Net.Http.HttpClient.default.LogicalHandler[100]
      Start processing HTTP request POST https://localhost:44399/scheduletask/runtask
info: System.Net.Http.HttpClient.default.ClientHandler[100]
      Sending HTTP request POST https://localhost:44399/scheduletask/runtask
info: System.Net.Http.HttpClient.default.ClientHandler[101]
      Received HTTP response headers after 5.7503ms - 404
info: System.Net.Http.HttpClient.default.LogicalHandler[101]
      End processing HTTP request after 10.5276ms - 404
info: System.Net.Http.HttpClient.default.ClientHandler[101]
      Received HTTP response headers after 945.4511ms - 200
info: System.Net.Http.HttpClient.default.LogicalHandler[101]
      End processing HTTP request after 952.8455ms - 200
info: Microsoft.AspNetCore.Mvc.ViewFeatures.ViewResultExecutor[4]
      Executed ViewResult - view onePageCheckout executed in 1260.9765ms.
info: Microsoft.AspNetCore.Mvc.Infrastructure.ControllerActionInvoker[105]
      Executed action MWT.Plugin.Misc.MwtStorefront.Controllers.CheckoutExtendedController.CustomOnePageCheckout (MWT.Plugin.Misc.MwtStorefront) in 1433.6482ms
info: Microsoft.AspNetCore.Routing.EndpointMiddleware[1]
      Executed endpoint 'MWT.Plugin.Misc.MwtStorefront.Controllers.CheckoutExtendedController.CustomOnePageCheckout (MWT.Plugin.Misc.MwtStorefront)'
info: Microsoft.AspNetCore.Hosting.Diagnostics[2]
      Request finished HTTP/2 GET https://localhost:44376/onepagecheckout - 200 - text/html;+charset=utf-8 1682.5619ms
info: Microsoft.AspNetCore.Hosting.Diagnostics[1]
      Request starting HTTP/2 GET https://localhost:44376/Plugins/Payments.PayPalCommerce/logo.svg - - -
info: Microsoft.AspNetCore.Hosting.Diagnostics[1]
      Request starting HTTP/2 GET https://localhost:44376/images/phone.png - - -
info: Microsoft.AspNetCore.Hosting.Diagnostics[1]
      Request starting HTTP/2 GET https://localhost:44376/_framework/aspnetcore-browser-refresh.js - - -
info: Microsoft.AspNetCore.Hosting.Diagnostics[1]
      Request starting HTTP/2 GET https://localhost:44376/_vs/browserLink - - -
info: Microsoft.AspNetCore.Hosting.Diagnostics[1]
      Request starting HTTP/2 GET https://localhost:44376/Themes/BlackWhiteTheme/Content/images/top.png - - -
info: Microsoft.AspNetCore.Hosting.Diagnostics[2]
      Request finished HTTP/2 GET https://localhost:44376/_framework/aspnetcore-browser-refresh.js - 200 16499 application/javascript;+charset=utf-8 155.6798ms
info: Microsoft.AspNetCore.Hosting.Diagnostics[1]
      Request starting HTTP/2 GET https://localhost:44376/Plugins/MWT.Plugin.Misc.MwtStorefront/Content/css/bootstrap.min.css.map - - -
info: Microsoft.AspNetCore.Hosting.Diagnostics[1]
      Request starting HTTP/2 GET https://localhost:44376/.well-known/appspecific/com.chrome.devtools.json - - -
info: Microsoft.AspNetCore.Hosting.Diagnostics[1]
      Request starting HTTP/2 POST https://localhost:44376/CampaignManagement/showPopup - application/x-www-form-urlencoded;+charset=UTF-8 92
info: Microsoft.AspNetCore.Hosting.Diagnostics[1]
      Request starting HTTP/2 GET https://localhost:44376/Plugins/MWT.Plugin.Misc.MwtStorefront/Content/js/bootstrap.bundle.min.js.map - - -
info: Microsoft.AspNetCore.Hosting.Diagnostics[2]
      Request finished HTTP/2 GET https://localhost:44376/_vs/browserLink - 200 - text/javascript;+charset=UTF-8 1043.2145ms
info: Microsoft.AspNetCore.Routing.EndpointMiddleware[0]
      Executing endpoint 'MWT.Plugin.Misc.MwtStorefront.Controllers.CampaignManagementController.ShowPopup (MWT.Plugin.Misc.MwtStorefront)'
info: Microsoft.AspNetCore.Mvc.Infrastructure.ControllerActionInvoker[102]
      Route matched with {action = "ShowPopup", controller = "CampaignManagement", area = ""}. Executing controller action with signature System.Threading.Tasks.Task`1[Microsoft.AspNetCore.Mvc.IActionResult] ShowPopup(System.String, System.String, Boolean) on controller MWT.Plugin.Misc.MwtStorefront.Controllers.CampaignManagementController (MWT.Plugin.Misc.MwtStorefront).
info: Microsoft.AspNetCore.Hosting.Diagnostics[2]
      Request finished HTTP/2 GET https://localhost:44376/Plugins/Payments.PayPalCommerce/logo.svg - 404 - - 1684.4728ms
info: Microsoft.AspNetCore.Hosting.Diagnostics[16]
      Request reached the end of the middleware pipeline without being handled by application code. Request path: GET https://localhost:44376/Plugins/Payments.PayPalCommerce/logo.svg, Response status code: 404
info: Microsoft.AspNetCore.Routing.EndpointMiddleware[0]
      Executing endpoint 'Nop.Web.Controllers.CommonController.GenericUrl (Nop.Web)'
info: Microsoft.AspNetCore.Hosting.Diagnostics[2]
      Request finished HTTP/2 GET https://localhost:44376/.well-known/appspecific/com.chrome.devtools.json - 404 - - 1436.0270ms
info: Microsoft.AspNetCore.Hosting.Diagnostics[16]
      Request reached the end of the middleware pipeline without being handled by application code. Request path: GET https://localhost:44376/.well-known/appspecific/com.chrome.devtools.json, Response status code: 404
info: Microsoft.AspNetCore.Hosting.Diagnostics[1]
      Request starting HTTP/2 GET https://localhost:44376/.well-known/appspecific/com.chrome.devtools.json - - -
info: Microsoft.AspNetCore.Hosting.Diagnostics[2]
      Request finished HTTP/2 GET https://localhost:44376/Themes/BlackWhiteTheme/Content/images/top.png - 404 - - 1818.1657ms
info: Microsoft.AspNetCore.Hosting.Diagnostics[2]
      Request finished HTTP/2 GET https://localhost:44376/Plugins/MWT.Plugin.Misc.MwtStorefront/Content/css/bootstrap.min.css.map - 404 - - 1658.6689ms
info: Microsoft.AspNetCore.Mvc.Infrastructure.ControllerActionInvoker[102]
      Route matched with {action = "GenericUrl", controller = "Common", area = ""}. Executing controller action with signature Microsoft.AspNetCore.Mvc.IActionResult GenericUrl() on controller Nop.Web.Controllers.CommonController (Nop.Web).
info: Microsoft.AspNetCore.Hosting.Diagnostics[16]
      Request reached the end of the middleware pipeline without being handled by application code. Request path: GET https://localhost:44376/Plugins/MWT.Plugin.Misc.MwtStorefront/Content/css/bootstrap.min.css.map, Response status code: 404
info: Microsoft.AspNetCore.Hosting.Diagnostics[16]
      Request reached the end of the middleware pipeline without being handled by application code. Request path: GET https://localhost:44376/Themes/BlackWhiteTheme/Content/images/top.png, Response status code: 404
info: Microsoft.AspNetCore.Mvc.NewtonsoftJson.NewtonsoftJsonResultExecutor[2]
      Executing JsonResult, writing value of type 'MWT.Plugin.Misc.MwtStorefront.Models.Catalog.Campaign_Management.CampaignPopupResultModel'.
info: Microsoft.AspNetCore.Mvc.Infrastructure.ControllerActionInvoker[105]
      Executed action MWT.Plugin.Misc.MwtStorefront.Controllers.CampaignManagementController.ShowPopup (MWT.Plugin.Misc.MwtStorefront) in 524.9574ms
info: Microsoft.AspNetCore.Routing.EndpointMiddleware[1]
      Executed endpoint 'MWT.Plugin.Misc.MwtStorefront.Controllers.CampaignManagementController.ShowPopup (MWT.Plugin.Misc.MwtStorefront)'
info: Microsoft.AspNetCore.Hosting.Diagnostics[2]
      Request finished HTTP/2 POST https://localhost:44376/CampaignManagement/showPopup - 200 - application/json;+charset=utf-8 1095.9451ms
info: Microsoft.AspNetCore.Hosting.Diagnostics[2]
      Request finished HTTP/2 GET https://localhost:44376/Plugins/MWT.Plugin.Misc.MwtStorefront/Content/js/bootstrap.bundle.min.js.map - 404 - - 1083.9256ms
info: Microsoft.AspNetCore.Hosting.Diagnostics[16]
      Request reached the end of the middleware pipeline without being handled by application code. Request path: GET https://localhost:44376/Plugins/MWT.Plugin.Misc.MwtStorefront/Content/js/bootstrap.bundle.min.js.map, Response status code: 404
info: Microsoft.AspNetCore.Mvc.Infrastructure.ControllerActionInvoker[105]
      Executed action Nop.Web.Controllers.CommonController.GenericUrl (Nop.Web) in 117.5311ms
info: Microsoft.AspNetCore.Routing.EndpointMiddleware[1]
      Executed endpoint 'Nop.Web.Controllers.CommonController.GenericUrl (Nop.Web)'
info: Microsoft.AspNetCore.Hosting.Diagnostics[2]
      Request finished HTTP/2 GET https://localhost:44376/images/phone.png - 404 - - 2101.5237ms
info: Microsoft.AspNetCore.Hosting.Diagnostics[2]
      Request finished HTTP/2 GET https://localhost:44376/.well-known/appspecific/com.chrome.devtools.json - 404 - - 385.2548ms
info: Microsoft.AspNetCore.Hosting.Diagnostics[16]
      Request reached the end of the middleware pipeline without being handled by application code. Request path: GET https://localhost:44376/.well-known/appspecific/com.chrome.devtools.json, Response status code: 404
info: Microsoft.AspNetCore.Hosting.Diagnostics[1]
      Request starting HTTP/2 GET https://localhost:44376/.well-known/appspecific/com.chrome.devtools.json - - -
info: Microsoft.AspNetCore.Hosting.Diagnostics[2]
      Request finished HTTP/2 GET https://localhost:44376/.well-known/appspecific/com.chrome.devtools.json - 404 - - 149.1246ms
info: Microsoft.AspNetCore.Hosting.Diagnostics[16]
      Request reached the end of the middleware pipeline without being handled by application code. Request path: GET https://localhost:44376/.well-known/appspecific/com.chrome.devtools.json, Response status code: 404
info: Microsoft.AspNetCore.Hosting.Diagnostics[1]
      Request starting HTTP/2 POST https://localhost:44376/Common/MailchimpEvents - application/x-www-form-urlencoded;+charset=UTF-8 255
info: Microsoft.AspNetCore.Hosting.Diagnostics[1]
      Request starting HTTP/2 POST https://localhost:44376/checkoutextended/OpcSaveCustomerInfo/ - application/x-www-form-urlencoded;+charset=UTF-8 588
info: Microsoft.AspNetCore.Routing.EndpointMiddleware[0]
      Executing endpoint 'MWT.Plugin.Misc.MwtStorefront.Controllers.CommonController.MailchimpEvents (MWT.Plugin.Misc.MwtStorefront)'
info: Microsoft.AspNetCore.Routing.EndpointMiddleware[0]
      Executing endpoint 'MWT.Plugin.Misc.MwtStorefront.Controllers.CheckoutExtendedController.OpcSaveCustomerInfo (MWT.Plugin.Misc.MwtStorefront)'
info: Microsoft.AspNetCore.Mvc.Infrastructure.ControllerActionInvoker[102]
      Route matched with {action = "MailchimpEvents", controller = "Common", area = ""}. Executing controller action with signature System.Threading.Tasks.Task`1[Microsoft.AspNetCore.Mvc.IActionResult] MailchimpEvents(System.String, System.String) on controller MWT.Plugin.Misc.MwtStorefront.Controllers.CommonController (MWT.Plugin.Misc.MwtStorefront).
info: Microsoft.AspNetCore.Mvc.NewtonsoftJson.NewtonsoftJsonResultExecutor[2]
      Executing JsonResult, writing value of type '<>f__AnonymousType30`1[[System.Net.HttpStatusCode, System.Net.Primitives, Version=9.0.0.0, Culture=neutral, PublicKeyToken=b03f5f7f11d50a3a]]'.
info: System.Net.Http.HttpClient.default.LogicalHandler[100]
      Start processing HTTP request PUT https://us1.api.mailchimp.com/3.0/lists/05a2f8885a/members/1D777D2F3170C89DF8418725B09FEE0A
info: Microsoft.AspNetCore.Mvc.Infrastructure.ControllerActionInvoker[105]
      Executed action MWT.Plugin.Misc.MwtStorefront.Controllers.CommonController.MailchimpEvents (MWT.Plugin.Misc.MwtStorefront) in 84.6978ms
info: System.Net.Http.HttpClient.default.ClientHandler[100]
      Sending HTTP request PUT https://us1.api.mailchimp.com/3.0/lists/05a2f8885a/members/1D777D2F3170C89DF8418725B09FEE0A
info: Microsoft.AspNetCore.Routing.EndpointMiddleware[1]
      Executed endpoint 'MWT.Plugin.Misc.MwtStorefront.Controllers.CommonController.MailchimpEvents (MWT.Plugin.Misc.MwtStorefront)'
info: Microsoft.AspNetCore.Hosting.Diagnostics[2]
      Request finished HTTP/2 POST https://localhost:44376/Common/MailchimpEvents - 200 - application/json;+charset=utf-8 716.1833ms
info: Microsoft.AspNetCore.Mvc.Infrastructure.ControllerActionInvoker[102]
      Route matched with {action = "OpcSaveCustomerInfo", controller = "CheckoutExtended", area = ""}. Executing controller action with signature System.Threading.Tasks.Task`1[Microsoft.AspNetCore.Mvc.IActionResult] OpcSaveCustomerInfo(Nop.Web.Models.Checkout.CheckoutAddressModel, Microsoft.AspNetCore.Http.IFormCollection, Boolean, Boolean) on controller MWT.Plugin.Misc.MwtStorefront.Controllers.CheckoutExtendedController (MWT.Plugin.Misc.MwtStorefront).
info: System.Net.Http.HttpClient.default.LogicalHandler[100]
      Start processing HTTP request PUT https://us1.api.mailchimp.com/3.0/lists/05a2f8885a/members/1D777D2F3170C89DF8418725B09FEE0A
info: System.Net.Http.HttpClient.default.ClientHandler[100]
      Sending HTTP request PUT https://us1.api.mailchimp.com/3.0/lists/05a2f8885a/members/1D777D2F3170C89DF8418725B09FEE0A
info: Microsoft.AspNetCore.Mvc.NewtonsoftJson.NewtonsoftJsonResultExecutor[2]
      Executing JsonResult, writing value of type '<>f__AnonymousType37`1[[Nop.Web.Models.Checkout.Customizations.CustomUpdateSectionJsonModel, Nop.Web, Version=4.90.0.0, Culture=neutral, PublicKeyToken=null]]'.
info: Microsoft.AspNetCore.Mvc.Infrastructure.ControllerActionInvoker[105]
      Executed action MWT.Plugin.Misc.MwtStorefront.Controllers.CheckoutExtendedController.OpcSaveCustomerInfo (MWT.Plugin.Misc.MwtStorefront) in 764.4713ms
info: Microsoft.AspNetCore.Routing.EndpointMiddleware[1]
      Executed endpoint 'MWT.Plugin.Misc.MwtStorefront.Controllers.CheckoutExtendedController.OpcSaveCustomerInfo (MWT.Plugin.Misc.MwtStorefront)'
info: Microsoft.AspNetCore.Hosting.Diagnostics[2]
      Request finished HTTP/2 POST https://localhost:44376/checkoutextended/OpcSaveCustomerInfo/ - 200 - application/json;+charset=utf-8 1490.0062ms
info: Microsoft.AspNetCore.Hosting.Diagnostics[1]
      Request starting HTTP/2 GET https://localhost:44376/CheckoutExtended/CheckoutOrderSummary - - -
info: Microsoft.AspNetCore.Routing.EndpointMiddleware[0]
      Executing endpoint 'MWT.Plugin.Misc.MwtStorefront.Controllers.CheckoutExtendedController.CheckoutOrderSummary (MWT.Plugin.Misc.MwtStorefront)'
info: Microsoft.AspNetCore.Mvc.Infrastructure.ControllerActionInvoker[102]
      Route matched with {action = "CheckoutOrderSummary", controller = "CheckoutExtended", area = ""}. Executing controller action with signature System.Threading.Tasks.Task`1[Microsoft.AspNetCore.Mvc.IActionResult] CheckoutOrderSummary(Boolean) on controller MWT.Plugin.Misc.MwtStorefront.Controllers.CheckoutExtendedController (MWT.Plugin.Misc.MwtStorefront).
info: Microsoft.AspNetCore.Mvc.ViewFeatures.ViewResultExecutor[1]
      Executing ViewResult, running view CheckoutOrderSummary.
info: System.Net.Http.HttpClient.default.ClientHandler[101]
      Received HTTP response headers after 1200.2686ms - 400
info: System.Net.Http.HttpClient.default.LogicalHandler[101]
      End processing HTTP request after 1233.6239ms - 400
info: System.Net.Http.HttpClient.default.LogicalHandler[100]
      Start processing HTTP request POST https://us1.api.mailchimp.com/3.0/lists/05a2f8885a/segments/2097
info: System.Net.Http.HttpClient.default.ClientHandler[100]
      Sending HTTP request POST https://us1.api.mailchimp.com/3.0/lists/05a2f8885a/segments/2097
info: Microsoft.AspNetCore.Mvc.ViewFeatures.ViewResultExecutor[4]
      Executed ViewResult - view CheckoutOrderSummary executed in 230.9267ms.
info: Microsoft.AspNetCore.Mvc.Infrastructure.ControllerActionInvoker[105]
      Executed action MWT.Plugin.Misc.MwtStorefront.Controllers.CheckoutExtendedController.CheckoutOrderSummary (MWT.Plugin.Misc.MwtStorefront) in 238.982ms
info: Microsoft.AspNetCore.Routing.EndpointMiddleware[1]
      Executed endpoint 'MWT.Plugin.Misc.MwtStorefront.Controllers.CheckoutExtendedController.CheckoutOrderSummary (MWT.Plugin.Misc.MwtStorefront)'
warn: Microsoft.WebTools.BrowserLink.Net.BrowserLinkMiddleware[3]
      Unable to configure Browser Link script injection on the response. 
info: Microsoft.AspNetCore.Hosting.Diagnostics[2]
      Request finished HTTP/2 GET https://localhost:44376/CheckoutExtended/CheckoutOrderSummary - 200 - text/html;+charset=utf-8 507.4194ms
info: System.Net.Http.HttpClient.default.ClientHandler[101]
      Received HTTP response headers after 1324.3382ms - 400
info: System.Net.Http.HttpClient.default.LogicalHandler[101]
      End processing HTTP request after 1330.159ms - 400
info: System.Net.Http.HttpClient.default.LogicalHandler[100]
      Start processing HTTP request POST https://us1.api.mailchimp.com/3.0/lists/05a2f8885a/segments/369
info: System.Net.Http.HttpClient.default.ClientHandler[100]
      Sending HTTP request POST https://us1.api.mailchimp.com/3.0/lists/05a2f8885a/segments/369
info: System.Net.Http.HttpClient.default.ClientHandler[101]
      Received HTTP response headers after 1050.7885ms - 400
info: System.Net.Http.HttpClient.default.LogicalHandler[101]
      End processing HTTP request after 1092.0409ms - 400
info: System.Net.Http.HttpClient.default.LogicalHandler[100]
      Start processing HTTP request POST https://us1.api.mailchimp.com/3.0/lists/05a2f8885a/segments/2065
info: System.Net.Http.HttpClient.default.ClientHandler[100]
      Sending HTTP request POST https://us1.api.mailchimp.com/3.0/lists/05a2f8885a/segments/2065
info: Microsoft.AspNetCore.Hosting.Diagnostics[1]
      Request starting HTTP/2 POST https://localhost:44376/checkoutextended/OpcSaveCustomerInfo/ - application/x-www-form-urlencoded;+charset=UTF-8 602
info: Microsoft.AspNetCore.Routing.EndpointMiddleware[0]
      Executing endpoint 'MWT.Plugin.Misc.MwtStorefront.Controllers.CheckoutExtendedController.OpcSaveCustomerInfo (MWT.Plugin.Misc.MwtStorefront)'
info: Microsoft.AspNetCore.Mvc.Infrastructure.ControllerActionInvoker[102]
      Route matched with {action = "OpcSaveCustomerInfo", controller = "CheckoutExtended", area = ""}. Executing controller action with signature System.Threading.Tasks.Task`1[Microsoft.AspNetCore.Mvc.IActionResult] OpcSaveCustomerInfo(Nop.Web.Models.Checkout.CheckoutAddressModel, Microsoft.AspNetCore.Http.IFormCollection, Boolean, Boolean) on controller MWT.Plugin.Misc.MwtStorefront.Controllers.CheckoutExtendedController (MWT.Plugin.Misc.MwtStorefront).
info: System.Net.Http.HttpClient.default.ClientHandler[101]
      Received HTTP response headers after 1117.7425ms - 400
info: System.Net.Http.HttpClient.default.LogicalHandler[101]
      End processing HTTP request after 1125.2792ms - 400
info: System.Net.Http.HttpClient.default.LogicalHandler[100]
      Start processing HTTP request POST https://us1.api.mailchimp.com/3.0/lists/05a2f8885a/segments/2065
info: System.Net.Http.HttpClient.default.ClientHandler[100]
      Sending HTTP request POST https://us1.api.mailchimp.com/3.0/lists/05a2f8885a/segments/2065
info: Microsoft.AspNetCore.Mvc.NewtonsoftJson.NewtonsoftJsonResultExecutor[2]
      Executing JsonResult, writing value of type '<>f__AnonymousType39`2[[Nop.Web.Models.Checkout.Customizations.CustomUpdateSectionJsonModel, Nop.Web, Version=4.90.0.0, Culture=neutral, PublicKeyToken=null],[System.String, System.Private.CoreLib, Version=9.0.0.0, Culture=neutral, PublicKeyToken=7cec85d7bea7798e]]'.
info: Microsoft.AspNetCore.Mvc.Infrastructure.ControllerActionInvoker[105]
      Executed action MWT.Plugin.Misc.MwtStorefront.Controllers.CheckoutExtendedController.OpcSaveCustomerInfo (MWT.Plugin.Misc.MwtStorefront) in 243.5702ms
info: Microsoft.AspNetCore.Routing.EndpointMiddleware[1]
      Executed endpoint 'MWT.Plugin.Misc.MwtStorefront.Controllers.CheckoutExtendedController.OpcSaveCustomerInfo (MWT.Plugin.Misc.MwtStorefront)'
info: Microsoft.AspNetCore.Hosting.Diagnostics[2]
      Request finished HTTP/2 POST https://localhost:44376/checkoutextended/OpcSaveCustomerInfo/ - 200 - application/json;+charset=utf-8 470.0564ms
info: Microsoft.AspNetCore.Hosting.Diagnostics[1]
      Request starting HTTP/2 GET https://localhost:44376/CheckoutExtended/CheckoutOrderSummary - - -
info: Microsoft.AspNetCore.Hosting.Diagnostics[1]
      Request starting HTTP/2 GET https://localhost:44376/.well-known/appspecific/com.chrome.devtools.json - - -
info: Microsoft.AspNetCore.Routing.EndpointMiddleware[0]
      Executing endpoint 'MWT.Plugin.Misc.MwtStorefront.Controllers.CheckoutExtendedController.CheckoutOrderSummary (MWT.Plugin.Misc.MwtStorefront)'
info: Microsoft.AspNetCore.Hosting.Diagnostics[2]
      Request finished HTTP/2 GET https://localhost:44376/.well-known/appspecific/com.chrome.devtools.json - 404 - - 241.1179ms
info: Microsoft.AspNetCore.Hosting.Diagnostics[16]
      Request reached the end of the middleware pipeline without being handled by application code. Request path: GET https://localhost:44376/.well-known/appspecific/com.chrome.devtools.json, Response status code: 404
info: Microsoft.AspNetCore.Mvc.Infrastructure.ControllerActionInvoker[102]
      Route matched with {action = "CheckoutOrderSummary", controller = "CheckoutExtended", area = ""}. Executing controller action with signature System.Threading.Tasks.Task`1[Microsoft.AspNetCore.Mvc.IActionResult] CheckoutOrderSummary(Boolean) on controller MWT.Plugin.Misc.MwtStorefront.Controllers.CheckoutExtendedController (MWT.Plugin.Misc.MwtStorefront).
info: Microsoft.AspNetCore.Mvc.ViewFeatures.ViewResultExecutor[1]
      Executing ViewResult, running view CheckoutOrderSummary.
info: System.Net.Http.HttpClient.default.ClientHandler[101]
      Received HTTP response headers after 1215.0322ms - 400
info: System.Net.Http.HttpClient.default.LogicalHandler[101]
      End processing HTTP request after 1243.8308ms - 400
info: System.Net.Http.HttpClient.default.LogicalHandler[100]
      Start processing HTTP request POST https://us1.api.mailchimp.com/3.0/lists/05a2f8885a/segments/2069
info: System.Net.Http.HttpClient.default.ClientHandler[100]
      Sending HTTP request POST https://us1.api.mailchimp.com/3.0/lists/05a2f8885a/segments/2069
info: Microsoft.AspNetCore.Mvc.ViewFeatures.ViewResultExecutor[4]
      Executed ViewResult - view CheckoutOrderSummary executed in 286.8979ms.
info: Microsoft.AspNetCore.Mvc.Infrastructure.ControllerActionInvoker[105]
      Executed action MWT.Plugin.Misc.MwtStorefront.Controllers.CheckoutExtendedController.CheckoutOrderSummary (MWT.Plugin.Misc.MwtStorefront) in 290.6629ms
info: Microsoft.AspNetCore.Routing.EndpointMiddleware[1]
      Executed endpoint 'MWT.Plugin.Misc.MwtStorefront.Controllers.CheckoutExtendedController.CheckoutOrderSummary (MWT.Plugin.Misc.MwtStorefront)'
warn: Microsoft.WebTools.BrowserLink.Net.BrowserLinkMiddleware[3]
      Unable to configure Browser Link script injection on the response. 
info: Microsoft.AspNetCore.Hosting.Diagnostics[2]
      Request finished HTTP/2 GET https://localhost:44376/CheckoutExtended/CheckoutOrderSummary - 200 - text/html;+charset=utf-8 666.2917ms
info: System.Net.Http.HttpClient.default.ClientHandler[101]
      Received HTTP response headers after 1001.9125ms - 400
info: System.Net.Http.HttpClient.default.LogicalHandler[101]
      End processing HTTP request after 1031.8491ms - 400
info: System.Net.Http.HttpClient.default.LogicalHandler[100]
      Start processing HTTP request POST https://us1.api.mailchimp.com/3.0/lists/05a2f8885a/segments/2069
info: System.Net.Http.HttpClient.default.ClientHandler[100]
      Sending HTTP request POST https://us1.api.mailchimp.com/3.0/lists/05a2f8885a/segments/2069
info: System.Net.Http.HttpClient.default.ClientHandler[101]
      Received HTTP response headers after 1099.6249ms - 400
info: System.Net.Http.HttpClient.default.LogicalHandler[101]
      End processing HTTP request after 1129.5582ms - 400
info: System.Net.Http.HttpClient.default.ClientHandler[101]
      Received HTTP response headers after 1124.7491ms - 400
info: System.Net.Http.HttpClient.default.LogicalHandler[101]
      End processing HTTP request after 1133.0128ms - 400
info: Microsoft.AspNetCore.Hosting.Diagnostics[1]
      Request starting HTTP/2 POST https://localhost:44376/Common/MailchimpEvents - application/x-www-form-urlencoded;+charset=UTF-8 251
info: Microsoft.AspNetCore.Hosting.Diagnostics[1]
      Request starting HTTP/2 POST https://localhost:44376/checkoutextended/OpcCustomSaveShippingMethod/ - application/x-www-form-urlencoded;+charset=UTF-8 316
info: Microsoft.AspNetCore.Routing.EndpointMiddleware[0]
      Executing endpoint 'MWT.Plugin.Misc.MwtStorefront.Controllers.CheckoutExtendedController.OpcCustomSaveShippingMethod (MWT.Plugin.Misc.MwtStorefront)'
info: Microsoft.AspNetCore.Routing.EndpointMiddleware[0]
      Executing endpoint 'MWT.Plugin.Misc.MwtStorefront.Controllers.CommonController.MailchimpEvents (MWT.Plugin.Misc.MwtStorefront)'
info: Microsoft.AspNetCore.Mvc.Infrastructure.ControllerActionInvoker[102]
      Route matched with {action = "OpcCustomSaveShippingMethod", controller = "CheckoutExtended", area = ""}. Executing controller action with signature System.Threading.Tasks.Task`1[Microsoft.AspNetCore.Mvc.IActionResult] OpcCustomSaveShippingMethod(System.String, Microsoft.AspNetCore.Http.IFormCollection, Boolean) on controller MWT.Plugin.Misc.MwtStorefront.Controllers.CheckoutExtendedController (MWT.Plugin.Misc.MwtStorefront).
info: Microsoft.AspNetCore.Mvc.Infrastructure.ControllerActionInvoker[102]
      Route matched with {action = "MailchimpEvents", controller = "Common", area = ""}. Executing controller action with signature System.Threading.Tasks.Task`1[Microsoft.AspNetCore.Mvc.IActionResult] MailchimpEvents(System.String, System.String) on controller MWT.Plugin.Misc.MwtStorefront.Controllers.CommonController (MWT.Plugin.Misc.MwtStorefront).
info: Microsoft.AspNetCore.Mvc.NewtonsoftJson.NewtonsoftJsonResultExecutor[2]
      Executing JsonResult, writing value of type '<>f__AnonymousType30`1[[System.Net.HttpStatusCode, System.Net.Primitives, Version=9.0.0.0, Culture=neutral, PublicKeyToken=b03f5f7f11d50a3a]]'.
info: Microsoft.AspNetCore.Mvc.Infrastructure.ControllerActionInvoker[105]
      Executed action MWT.Plugin.Misc.MwtStorefront.Controllers.CommonController.MailchimpEvents (MWT.Plugin.Misc.MwtStorefront) in 76.1008ms
info: System.Net.Http.HttpClient.default.LogicalHandler[100]
      Start processing HTTP request PUT https://us1.api.mailchimp.com/3.0/lists/05a2f8885a/members/1D777D2F3170C89DF8418725B09FEE0A
info: Microsoft.AspNetCore.Routing.EndpointMiddleware[1]
      Executed endpoint 'MWT.Plugin.Misc.MwtStorefront.Controllers.CommonController.MailchimpEvents (MWT.Plugin.Misc.MwtStorefront)'
info: System.Net.Http.HttpClient.default.ClientHandler[100]
      Sending HTTP request PUT https://us1.api.mailchimp.com/3.0/lists/05a2f8885a/members/1D777D2F3170C89DF8418725B09FEE0A
info: Microsoft.AspNetCore.Hosting.Diagnostics[2]
      Request finished HTTP/2 POST https://localhost:44376/Common/MailchimpEvents - 200 - application/json;+charset=utf-8 506.7827ms
info: Microsoft.AspNetCore.Mvc.NewtonsoftJson.NewtonsoftJsonResultExecutor[2]
      Executing JsonResult, writing value of type '<>f__AnonymousType39`2[[Nop.Web.Models.Checkout.Customizations.CustomUpdateSectionJsonModel, Nop.Web, Version=4.90.0.0, Culture=neutral, PublicKeyToken=null],[System.String, System.Private.CoreLib, Version=9.0.0.0, Culture=neutral, PublicKeyToken=7cec85d7bea7798e]]'.
info: Microsoft.AspNetCore.Mvc.Infrastructure.ControllerActionInvoker[105]
      Executed action MWT.Plugin.Misc.MwtStorefront.Controllers.CheckoutExtendedController.OpcCustomSaveShippingMethod (MWT.Plugin.Misc.MwtStorefront) in 303.2959ms
info: Microsoft.AspNetCore.Routing.EndpointMiddleware[1]
      Executed endpoint 'MWT.Plugin.Misc.MwtStorefront.Controllers.CheckoutExtendedController.OpcCustomSaveShippingMethod (MWT.Plugin.Misc.MwtStorefront)'
info: Microsoft.AspNetCore.Hosting.Diagnostics[2]
      Request finished HTTP/2 POST https://localhost:44376/checkoutextended/OpcCustomSaveShippingMethod/ - 200 - application/json;+charset=utf-8 731.8341ms
info: Microsoft.AspNetCore.Hosting.Diagnostics[1]
      Request starting HTTP/2 GET https://localhost:44376/CheckoutExtended/CheckoutOrderSummary?isConfirmationPage=true - - -
info: Microsoft.AspNetCore.Routing.EndpointMiddleware[0]
      Executing endpoint 'MWT.Plugin.Misc.MwtStorefront.Controllers.CheckoutExtendedController.CheckoutOrderSummary (MWT.Plugin.Misc.MwtStorefront)'
info: Microsoft.AspNetCore.Mvc.Infrastructure.ControllerActionInvoker[102]
      Route matched with {action = "CheckoutOrderSummary", controller = "CheckoutExtended", area = ""}. Executing controller action with signature System.Threading.Tasks.Task`1[Microsoft.AspNetCore.Mvc.IActionResult] CheckoutOrderSummary(Boolean) on controller MWT.Plugin.Misc.MwtStorefront.Controllers.CheckoutExtendedController (MWT.Plugin.Misc.MwtStorefront).
info: Microsoft.AspNetCore.Mvc.ViewFeatures.ViewResultExecutor[1]
      Executing ViewResult, running view CheckoutOrderSummary.
info: Microsoft.AspNetCore.Mvc.ViewFeatures.ViewResultExecutor[4]
      Executed ViewResult - view CheckoutOrderSummary executed in 138.0069ms.
info: Microsoft.AspNetCore.Mvc.Infrastructure.ControllerActionInvoker[105]
      Executed action MWT.Plugin.Misc.MwtStorefront.Controllers.CheckoutExtendedController.CheckoutOrderSummary (MWT.Plugin.Misc.MwtStorefront) in 145.7261ms
info: Microsoft.AspNetCore.Routing.EndpointMiddleware[1]
      Executed endpoint 'MWT.Plugin.Misc.MwtStorefront.Controllers.CheckoutExtendedController.CheckoutOrderSummary (MWT.Plugin.Misc.MwtStorefront)'
warn: Microsoft.WebTools.BrowserLink.Net.BrowserLinkMiddleware[3]
      Unable to configure Browser Link script injection on the response. 
info: Microsoft.AspNetCore.Hosting.Diagnostics[2]
      Request finished HTTP/2 GET https://localhost:44376/CheckoutExtended/CheckoutOrderSummary?isConfirmationPage=true - 200 - text/html;+charset=utf-8 347.1230ms
info: System.Net.Http.HttpClient.default.ClientHandler[101]
      Received HTTP response headers after 1251.1649ms - 400
info: System.Net.Http.HttpClient.default.LogicalHandler[101]
      End processing HTTP request after 1258.8575ms - 400
info: System.Net.Http.HttpClient.default.LogicalHandler[100]
      Start processing HTTP request POST https://us1.api.mailchimp.com/3.0/lists/05a2f8885a/segments/2169
info: System.Net.Http.HttpClient.default.ClientHandler[100]
      Sending HTTP request POST https://us1.api.mailchimp.com/3.0/lists/05a2f8885a/segments/2169
info: System.Net.Http.HttpClient.default.ClientHandler[101]
      Received HTTP response headers after 1140.941ms - 400
info: System.Net.Http.HttpClient.default.LogicalHandler[101]
      End processing HTTP request after 1148.7809ms - 400
info: System.Net.Http.HttpClient.default.LogicalHandler[100]
      Start processing HTTP request POST https://us1.api.mailchimp.com/3.0/lists/05a2f8885a/segments/2065
info: System.Net.Http.HttpClient.default.ClientHandler[100]
      Sending HTTP request POST https://us1.api.mailchimp.com/3.0/lists/05a2f8885a/segments/2065
info: Microsoft.AspNetCore.Hosting.Diagnostics[1]
      Request starting HTTP/2 POST https://localhost:44376/Common/MailchimpEvents - application/x-www-form-urlencoded;+charset=UTF-8 251
info: Microsoft.AspNetCore.Hosting.Diagnostics[1]
      Request starting HTTP/2 POST https://localhost:44376/checkoutextended/OpcCustomSaveShippingMethod/ - application/x-www-form-urlencoded;+charset=UTF-8 320
info: Microsoft.AspNetCore.Routing.EndpointMiddleware[0]
      Executing endpoint 'MWT.Plugin.Misc.MwtStorefront.Controllers.CheckoutExtendedController.OpcCustomSaveShippingMethod (MWT.Plugin.Misc.MwtStorefront)'
info: Microsoft.AspNetCore.Routing.EndpointMiddleware[0]
      Executing endpoint 'MWT.Plugin.Misc.MwtStorefront.Controllers.CommonController.MailchimpEvents (MWT.Plugin.Misc.MwtStorefront)'
info: Microsoft.AspNetCore.Mvc.Infrastructure.ControllerActionInvoker[102]
      Route matched with {action = "OpcCustomSaveShippingMethod", controller = "CheckoutExtended", area = ""}. Executing controller action with signature System.Threading.Tasks.Task`1[Microsoft.AspNetCore.Mvc.IActionResult] OpcCustomSaveShippingMethod(System.String, Microsoft.AspNetCore.Http.IFormCollection, Boolean) on controller MWT.Plugin.Misc.MwtStorefront.Controllers.CheckoutExtendedController (MWT.Plugin.Misc.MwtStorefront).
info: Microsoft.AspNetCore.Mvc.Infrastructure.ControllerActionInvoker[102]
      Route matched with {action = "MailchimpEvents", controller = "Common", area = ""}. Executing controller action with signature System.Threading.Tasks.Task`1[Microsoft.AspNetCore.Mvc.IActionResult] MailchimpEvents(System.String, System.String) on controller MWT.Plugin.Misc.MwtStorefront.Controllers.CommonController (MWT.Plugin.Misc.MwtStorefront).
info: Microsoft.AspNetCore.Mvc.NewtonsoftJson.NewtonsoftJsonResultExecutor[2]
      Executing JsonResult, writing value of type '<>f__AnonymousType30`1[[System.Net.HttpStatusCode, System.Net.Primitives, Version=9.0.0.0, Culture=neutral, PublicKeyToken=b03f5f7f11d50a3a]]'.
info: Microsoft.AspNetCore.Mvc.Infrastructure.ControllerActionInvoker[105]
      Executed action MWT.Plugin.Misc.MwtStorefront.Controllers.CommonController.MailchimpEvents (MWT.Plugin.Misc.MwtStorefront) in 61.6803ms
info: Microsoft.AspNetCore.Routing.EndpointMiddleware[1]
      Executed endpoint 'MWT.Plugin.Misc.MwtStorefront.Controllers.CommonController.MailchimpEvents (MWT.Plugin.Misc.MwtStorefront)'
info: System.Net.Http.HttpClient.default.LogicalHandler[100]
      Start processing HTTP request PUT https://us1.api.mailchimp.com/3.0/lists/05a2f8885a/members/1D777D2F3170C89DF8418725B09FEE0A
info: System.Net.Http.HttpClient.default.ClientHandler[100]
      Sending HTTP request PUT https://us1.api.mailchimp.com/3.0/lists/05a2f8885a/members/1D777D2F3170C89DF8418725B09FEE0A
info: Microsoft.AspNetCore.Hosting.Diagnostics[2]
      Request finished HTTP/2 POST https://localhost:44376/Common/MailchimpEvents - 200 - application/json;+charset=utf-8 641.4748ms
info: System.Net.Http.HttpClient.default.LogicalHandler[100]
      Start processing HTTP request POST https://apitest.authorize.net/xml/v1/request.api
info: System.Net.Http.HttpClient.default.ClientHandler[100]
      Sending HTTP request POST https://apitest.authorize.net/xml/v1/request.api
info: System.Net.Http.HttpClient.default.ClientHandler[101]
      Received HTTP response headers after 1245.3691ms - 400
info: System.Net.Http.HttpClient.default.LogicalHandler[101]
      End processing HTTP request after 1249.3261ms - 400
info: System.Net.Http.HttpClient.default.LogicalHandler[100]
      Start processing HTTP request POST https://us1.api.mailchimp.com/3.0/lists/05a2f8885a/segments/2069
info: System.Net.Http.HttpClient.default.ClientHandler[100]
      Sending HTTP request POST https://us1.api.mailchimp.com/3.0/lists/05a2f8885a/segments/2069
info: System.Net.Http.HttpClient.default.LogicalHandler[100]
      Start processing HTTP request POST https://localhost:44399/scheduletask/runtask
info: System.Net.Http.HttpClient.default.ClientHandler[100]
      Sending HTTP request POST https://localhost:44399/scheduletask/runtask
info: System.Net.Http.HttpClient.default.ClientHandler[101]
      Received HTTP response headers after 12.057ms - 404
info: System.Net.Http.HttpClient.default.LogicalHandler[101]
      End processing HTTP request after 33.408ms - 404
info: System.Net.Http.HttpClient.default.ClientHandler[101]
      Received HTTP response headers after 361.5215ms - 200
info: System.Net.Http.HttpClient.default.LogicalHandler[101]
      End processing HTTP request after 365.2355ms - 200
info: Microsoft.AspNetCore.Mvc.NewtonsoftJson.NewtonsoftJsonResultExecutor[2]
      Executing JsonResult, writing value of type '<>f__AnonymousType39`2[[Nop.Web.Models.Checkout.Customizations.CustomUpdateSectionJsonModel, Nop.Web, Version=4.90.0.0, Culture=neutral, PublicKeyToken=null],[System.String, System.Private.CoreLib, Version=9.0.0.0, Culture=neutral, PublicKeyToken=7cec85d7bea7798e]]'.
info: Microsoft.AspNetCore.Mvc.Infrastructure.ControllerActionInvoker[105]
      Executed action MWT.Plugin.Misc.MwtStorefront.Controllers.CheckoutExtendedController.OpcCustomSaveShippingMethod (MWT.Plugin.Misc.MwtStorefront) in 991.5153ms
info: Microsoft.AspNetCore.Routing.EndpointMiddleware[1]
      Executed endpoint 'MWT.Plugin.Misc.MwtStorefront.Controllers.CheckoutExtendedController.OpcCustomSaveShippingMethod (MWT.Plugin.Misc.MwtStorefront)'
info: Microsoft.AspNetCore.Hosting.Diagnostics[2]
      Request finished HTTP/2 POST https://localhost:44376/checkoutextended/OpcCustomSaveShippingMethod/ - 200 - application/json;+charset=utf-8 1479.4190ms
info: Microsoft.AspNetCore.Hosting.Diagnostics[1]
      Request starting HTTP/2 GET https://localhost:44376/Plugins/Payments.PayPalCommerce/logo.svg - - -
info: Microsoft.AspNetCore.Hosting.Diagnostics[1]
      Request starting HTTP/2 GET https://localhost:44376/CheckoutExtended/CheckoutOrderSummary?isConfirmationPage=true - - -
info: Microsoft.AspNetCore.Hosting.Diagnostics[1]
      Request starting HTTP/2 GET https://localhost:44376/.well-known/appspecific/com.chrome.devtools.json - - -
info: Microsoft.AspNetCore.Hosting.Diagnostics[2]
      Request finished HTTP/2 GET https://localhost:44376/Plugins/Payments.PayPalCommerce/logo.svg - 404 - - 527.0328ms
info: Microsoft.AspNetCore.Routing.EndpointMiddleware[0]
      Executing endpoint 'MWT.Plugin.Misc.MwtStorefront.Controllers.CheckoutExtendedController.CheckoutOrderSummary (MWT.Plugin.Misc.MwtStorefront)'
info: Microsoft.AspNetCore.Hosting.Diagnostics[16]
      Request reached the end of the middleware pipeline without being handled by application code. Request path: GET https://localhost:44376/Plugins/Payments.PayPalCommerce/logo.svg, Response status code: 404
info: Microsoft.AspNetCore.Hosting.Diagnostics[2]
      Request finished HTTP/2 GET https://localhost:44376/.well-known/appspecific/com.chrome.devtools.json - 404 - - 383.4208ms
info: Microsoft.AspNetCore.Hosting.Diagnostics[16]
      Request reached the end of the middleware pipeline without being handled by application code. Request path: GET https://localhost:44376/.well-known/appspecific/com.chrome.devtools.json, Response status code: 404
info: Microsoft.AspNetCore.Mvc.Infrastructure.ControllerActionInvoker[102]
      Route matched with {action = "CheckoutOrderSummary", controller = "CheckoutExtended", area = ""}. Executing controller action with signature System.Threading.Tasks.Task`1[Microsoft.AspNetCore.Mvc.IActionResult] CheckoutOrderSummary(Boolean) on controller MWT.Plugin.Misc.MwtStorefront.Controllers.CheckoutExtendedController (MWT.Plugin.Misc.MwtStorefront).
info: Microsoft.AspNetCore.Mvc.ViewFeatures.ViewResultExecutor[1]
      Executing ViewResult, running view CheckoutOrderSummary.
info: System.Net.Http.HttpClient.default.ClientHandler[101]
      Received HTTP response headers after 1065.5353ms - 400
info: System.Net.Http.HttpClient.default.LogicalHandler[101]
      End processing HTTP request after 1069.7591ms - 400
info: System.Net.Http.HttpClient.default.ClientHandler[101]
      Received HTTP response headers after 1637.4166ms - 400
info: System.Net.Http.HttpClient.default.LogicalHandler[101]
      End processing HTTP request after 1717.04ms - 400
info: System.Net.Http.HttpClient.default.LogicalHandler[100]
      Start processing HTTP request POST https://us1.api.mailchimp.com/3.0/lists/05a2f8885a/segments/2169
info: System.Net.Http.HttpClient.default.ClientHandler[100]
      Sending HTTP request POST https://us1.api.mailchimp.com/3.0/lists/05a2f8885a/segments/2169
info: Microsoft.AspNetCore.Mvc.ViewFeatures.ViewResultExecutor[4]
      Executed ViewResult - view CheckoutOrderSummary executed in 370.664ms.
info: Microsoft.AspNetCore.Mvc.Infrastructure.ControllerActionInvoker[105]
      Executed action MWT.Plugin.Misc.MwtStorefront.Controllers.CheckoutExtendedController.CheckoutOrderSummary (MWT.Plugin.Misc.MwtStorefront) in 391.065ms
info: Microsoft.AspNetCore.Routing.EndpointMiddleware[1]
      Executed endpoint 'MWT.Plugin.Misc.MwtStorefront.Controllers.CheckoutExtendedController.CheckoutOrderSummary (MWT.Plugin.Misc.MwtStorefront)'
warn: Microsoft.WebTools.BrowserLink.Net.BrowserLinkMiddleware[3]
      Unable to configure Browser Link script injection on the response. 
info: Microsoft.AspNetCore.Hosting.Diagnostics[2]
      Request finished HTTP/2 GET https://localhost:44376/CheckoutExtended/CheckoutOrderSummary?isConfirmationPage=true - 200 - text/html;+charset=utf-8 999.4068ms
info: System.Net.Http.HttpClient.default.ClientHandler[101]
      Received HTTP response headers after 1174.0572ms - 400
info: System.Net.Http.HttpClient.default.LogicalHandler[101]
      End processing HTTP request after 1210.9082ms - 400
info: System.Net.Http.HttpClient.default.LogicalHandler[100]
      Start processing HTTP request POST https://us1.api.mailchimp.com/3.0/lists/05a2f8885a/segments/2065
info: System.Net.Http.HttpClient.default.ClientHandler[100]
      Sending HTTP request POST https://us1.api.mailchimp.com/3.0/lists/05a2f8885a/segments/2065
info: System.Net.Http.HttpClient.default.ClientHandler[101]
      Received HTTP response headers after 1111.2429ms - 400
info: System.Net.Http.HttpClient.default.LogicalHandler[101]
      End processing HTTP request after 1115.3233ms - 400
info: System.Net.Http.HttpClient.default.LogicalHandler[100]
      Start processing HTTP request POST https://us1.api.mailchimp.com/3.0/lists/05a2f8885a/segments/2069
info: System.Net.Http.HttpClient.default.ClientHandler[100]
      Sending HTTP request POST https://us1.api.mailchimp.com/3.0/lists/05a2f8885a/segments/2069
info: System.Net.Http.HttpClient.default.ClientHandler[101]
      Received HTTP response headers after 1195.0104ms - 400
info: System.Net.Http.HttpClient.default.LogicalHandler[101]
      End processing HTTP request after 1199.0124ms - 400
info: Microsoft.AspNetCore.Hosting.Diagnostics[1]
      Request starting HTTP/2 GET https://localhost:44376/Admin/Affirm/ConfirmCallbackHandler?checkout_token=EB9QAR1R9IQDC5XW - - -
info: Microsoft.AspNetCore.Routing.EndpointMiddleware[0]
      Executing endpoint 'MWT.Nop.Plugin.Payments.Affirm.Controllers.AffirmController.ConfirmCallbackHandler (MWT.Nop.Plugin.Payments.Affirm)'
info: Microsoft.AspNetCore.Mvc.Infrastructure.ControllerActionInvoker[102]
      Route matched with {action = "ConfirmCallbackHandler", controller = "Affirm", area = ""}. Executing controller action with signature System.Threading.Tasks.Task`1[Microsoft.AspNetCore.Mvc.IActionResult] ConfirmCallbackHandler() on controller MWT.Nop.Plugin.Payments.Affirm.Controllers.AffirmController (MWT.Nop.Plugin.Payments.Affirm).
info: System.Net.Http.HttpClient.default.LogicalHandler[100]
      Start processing HTTP request GET https://sandbox.affirm.com/api/v2/checkout/EB9QAR1R9IQDC5XW
info: System.Net.Http.HttpClient.default.ClientHandler[100]
      Sending HTTP request GET https://sandbox.affirm.com/api/v2/checkout/EB9QAR1R9IQDC5XW
info: System.Net.Http.HttpClient.default.ClientHandler[101]
      Received HTTP response headers after 632.1341ms - 200
info: System.Net.Http.HttpClient.default.LogicalHandler[101]
      End processing HTTP request after 637.5053ms - 200
info: Microsoft.AspNetCore.Mvc.RedirectToRouteResult[1]
      Executing RedirectToRouteResult, redirecting to /onepagecheckout?AffirmMessage=Affirm.Error.Invalid from route CheckoutOnePage.
info: Microsoft.AspNetCore.Mvc.Infrastructure.ControllerActionInvoker[105]
      Executed action MWT.Nop.Plugin.Payments.Affirm.Controllers.AffirmController.ConfirmCallbackHandler (MWT.Nop.Plugin.Payments.Affirm) in 803.3049ms
info: Microsoft.AspNetCore.Routing.EndpointMiddleware[1]
      Executed endpoint 'MWT.Nop.Plugin.Payments.Affirm.Controllers.AffirmController.ConfirmCallbackHandler (MWT.Nop.Plugin.Payments.Affirm)'
info: Microsoft.AspNetCore.Hosting.Diagnostics[2]
      Request finished HTTP/2 GET https://localhost:44376/Admin/Affirm/ConfirmCallbackHandler?checkout_token=EB9QAR1R9IQDC5XW - 302 - - 1025.4914ms
info: Microsoft.AspNetCore.Hosting.Diagnostics[1]
      Request starting HTTP/2 GET https://localhost:44376/onepagecheckout?AffirmMessage=Affirm.Error.Invalid - - -
info: Microsoft.AspNetCore.Routing.EndpointMiddleware[0]
      Executing endpoint 'MWT.Plugin.Misc.MwtStorefront.Controllers.CheckoutExtendedController.CustomOnePageCheckout (MWT.Plugin.Misc.MwtStorefront)'
info: Microsoft.AspNetCore.Mvc.Infrastructure.ControllerActionInvoker[102]
      Route matched with {action = "CustomOnePageCheckout", controller = "CheckoutExtended", area = ""}. Executing controller action with signature System.Threading.Tasks.Task`1[Microsoft.AspNetCore.Mvc.IActionResult] CustomOnePageCheckout() on controller MWT.Plugin.Misc.MwtStorefront.Controllers.CheckoutExtendedController (MWT.Plugin.Misc.MwtStorefront).
info: Microsoft.AspNetCore.Mvc.ViewFeatures.ViewResultExecutor[1]
      Executing ViewResult, running view onePageCheckout.
info: System.Net.Http.HttpClient.default.LogicalHandler[100]
      Start processing HTTP request POST https://apitest.authorize.net/xml/v1/request.api
info: System.Net.Http.HttpClient.default.ClientHandler[100]
      Sending HTTP request POST https://apitest.authorize.net/xml/v1/request.api
info: System.Net.Http.HttpClient.default.ClientHandler[101]
      Received HTTP response headers after 361.4787ms - 200
info: System.Net.Http.HttpClient.default.LogicalHandler[101]
      End processing HTTP request after 366.7887ms - 200
info: Microsoft.AspNetCore.Mvc.ViewFeatures.ViewResultExecutor[4]
      Executed ViewResult - view onePageCheckout executed in 680.1612ms.
info: Microsoft.AspNetCore.Mvc.Infrastructure.ControllerActionInvoker[105]
      Executed action MWT.Plugin.Misc.MwtStorefront.Controllers.CheckoutExtendedController.CustomOnePageCheckout (MWT.Plugin.Misc.MwtStorefront) in 836.861ms
info: Microsoft.AspNetCore.Routing.EndpointMiddleware[1]
      Executed endpoint 'MWT.Plugin.Misc.MwtStorefront.Controllers.CheckoutExtendedController.CustomOnePageCheckout (MWT.Plugin.Misc.MwtStorefront)'
info: Microsoft.AspNetCore.Hosting.Diagnostics[2]
      Request finished HTTP/2 GET https://localhost:44376/onepagecheckout?AffirmMessage=Affirm.Error.Invalid - 200 - text/html;+charset=utf-8 1070.2227ms
info: Microsoft.AspNetCore.Hosting.Diagnostics[1]
      Request starting HTTP/2 GET https://localhost:44376/Plugins/Payments.PayPalCommerce/logo.svg - - -
info: Microsoft.AspNetCore.Hosting.Diagnostics[1]
      Request starting HTTP/2 GET https://localhost:44376/Themes/BlackWhiteTheme/Content/images/top.png - - -
info: Microsoft.AspNetCore.Hosting.Diagnostics[1]
      Request starting HTTP/2 GET https://localhost:44376/_vs/browserLink - - -
info: Microsoft.AspNetCore.Hosting.Diagnostics[1]
      Request starting HTTP/2 GET https://localhost:44376/images/phone.png - - -
info: Microsoft.AspNetCore.Hosting.Diagnostics[1]
      Request starting HTTP/2 GET https://localhost:44376/_framework/aspnetcore-browser-refresh.js - - -
info: Microsoft.AspNetCore.Hosting.Diagnostics[2]
      Request finished HTTP/2 GET https://localhost:44376/_framework/aspnetcore-browser-refresh.js - 200 16499 application/javascript;+charset=utf-8 30.3347ms
info: Microsoft.AspNetCore.Hosting.Diagnostics[1]
      Request starting HTTP/2 GET https://localhost:44376/Plugins/MWT.Plugin.Misc.MwtStorefront/Content/css/bootstrap.min.css.map - - -
info: Microsoft.AspNetCore.Hosting.Diagnostics[1]
      Request starting HTTP/2 GET https://localhost:44376/Plugins/MWT.Plugin.Misc.MwtStorefront/Content/js/bootstrap.bundle.min.js.map - - -
info: Microsoft.AspNetCore.Hosting.Diagnostics[1]
      Request starting HTTP/2 GET https://localhost:44376/.well-known/appspecific/com.chrome.devtools.json - - -
info: Microsoft.AspNetCore.Hosting.Diagnostics[1]
      Request starting HTTP/2 POST https://localhost:44376/CampaignManagement/showPopup - application/x-www-form-urlencoded;+charset=UTF-8 131
info: Microsoft.AspNetCore.Hosting.Diagnostics[2]
      Request finished HTTP/2 GET https://localhost:44376/_vs/browserLink - 200 - text/javascript;+charset=UTF-8 809.3920ms
info: Microsoft.AspNetCore.Hosting.Diagnostics[2]
      Request finished HTTP/2 GET https://localhost:44376/Plugins/Payments.PayPalCommerce/logo.svg - 404 - - 1550.8442ms
info: Microsoft.AspNetCore.Hosting.Diagnostics[16]
      Request reached the end of the middleware pipeline without being handled by application code. Request path: GET https://localhost:44376/Plugins/Payments.PayPalCommerce/logo.svg, Response status code: 404
info: Microsoft.AspNetCore.Routing.EndpointMiddleware[0]
      Executing endpoint 'MWT.Plugin.Misc.MwtStorefront.Controllers.CampaignManagementController.ShowPopup (MWT.Plugin.Misc.MwtStorefront)'
info: Microsoft.AspNetCore.Hosting.Diagnostics[2]
      Request finished HTTP/2 GET https://localhost:44376/Plugins/MWT.Plugin.Misc.MwtStorefront/Content/css/bootstrap.min.css.map - 404 - - 1439.1629ms
info: Microsoft.AspNetCore.Hosting.Diagnostics[16]
      Request reached the end of the middleware pipeline without being handled by application code. Request path: GET https://localhost:44376/Plugins/MWT.Plugin.Misc.MwtStorefront/Content/css/bootstrap.min.css.map, Response status code: 404
info: Microsoft.AspNetCore.Hosting.Diagnostics[2]
      Request finished HTTP/2 GET https://localhost:44376/Themes/BlackWhiteTheme/Content/images/top.png - 404 - - 1809.6411ms
info: Microsoft.AspNetCore.Hosting.Diagnostics[16]
      Request reached the end of the middleware pipeline without being handled by application code. Request path: GET https://localhost:44376/Themes/BlackWhiteTheme/Content/images/top.png, Response status code: 404
info: Microsoft.AspNetCore.Routing.EndpointMiddleware[0]
      Executing endpoint 'Nop.Web.Controllers.CommonController.GenericUrl (Nop.Web)'
info: Microsoft.AspNetCore.Hosting.Diagnostics[1]
      Request starting HTTP/2 GET https://localhost:44376/.well-known/appspecific/com.chrome.devtools.json - - -
info: Microsoft.AspNetCore.Mvc.Infrastructure.ControllerActionInvoker[102]
      Route matched with {action = "ShowPopup", controller = "CampaignManagement", area = ""}. Executing controller action with signature System.Threading.Tasks.Task`1[Microsoft.AspNetCore.Mvc.IActionResult] ShowPopup(System.String, System.String, Boolean) on controller MWT.Plugin.Misc.MwtStorefront.Controllers.CampaignManagementController (MWT.Plugin.Misc.MwtStorefront).
info: Microsoft.AspNetCore.Hosting.Diagnostics[2]
      Request finished HTTP/2 GET https://localhost:44376/.well-known/appspecific/com.chrome.devtools.json - 404 - - 1575.3164ms
info: Microsoft.AspNetCore.Hosting.Diagnostics[16]
      Request reached the end of the middleware pipeline without being handled by application code. Request path: GET https://localhost:44376/.well-known/appspecific/com.chrome.devtools.json, Response status code: 404
info: Microsoft.AspNetCore.Hosting.Diagnostics[2]
      Request finished HTTP/2 GET https://localhost:44376/Plugins/MWT.Plugin.Misc.MwtStorefront/Content/js/bootstrap.bundle.min.js.map - 404 - - 1928.1732ms
info: Microsoft.AspNetCore.Hosting.Diagnostics[16]
      Request reached the end of the middleware pipeline without being handled by application code. Request path: GET https://localhost:44376/Plugins/MWT.Plugin.Misc.MwtStorefront/Content/js/bootstrap.bundle.min.js.map, Response status code: 404
info: Microsoft.AspNetCore.Mvc.Infrastructure.ControllerActionInvoker[102]
      Route matched with {action = "GenericUrl", controller = "Common", area = ""}. Executing controller action with signature Microsoft.AspNetCore.Mvc.IActionResult GenericUrl() on controller Nop.Web.Controllers.CommonController (Nop.Web).
info: Microsoft.AspNetCore.Mvc.Infrastructure.ControllerActionInvoker[105]
      Executed action Nop.Web.Controllers.CommonController.GenericUrl (Nop.Web) in 139.3368ms
info: Microsoft.AspNetCore.Mvc.NewtonsoftJson.NewtonsoftJsonResultExecutor[2]
      Executing JsonResult, writing value of type 'MWT.Plugin.Misc.MwtStorefront.Models.Catalog.Campaign_Management.CampaignPopupResultModel'.
info: Microsoft.AspNetCore.Mvc.Infrastructure.ControllerActionInvoker[105]
      Executed action MWT.Plugin.Misc.MwtStorefront.Controllers.CampaignManagementController.ShowPopup (MWT.Plugin.Misc.MwtStorefront) in 435.9596ms
info: Microsoft.AspNetCore.Routing.EndpointMiddleware[1]
      Executed endpoint 'Nop.Web.Controllers.CommonController.GenericUrl (Nop.Web)'
info: Microsoft.AspNetCore.Routing.EndpointMiddleware[1]
      Executed endpoint 'MWT.Plugin.Misc.MwtStorefront.Controllers.CampaignManagementController.ShowPopup (MWT.Plugin.Misc.MwtStorefront)'
info: Microsoft.AspNetCore.Hosting.Diagnostics[2]
      Request finished HTTP/2 GET https://localhost:44376/.well-known/appspecific/com.chrome.devtools.json - 404 - - 553.0703ms
info: Microsoft.AspNetCore.Hosting.Diagnostics[2]
      Request finished HTTP/2 GET https://localhost:44376/images/phone.png - 404 - - 2509.8018ms
info: Microsoft.AspNetCore.Hosting.Diagnostics[16]
      Request reached the end of the middleware pipeline without being handled by application code. Request path: GET https://localhost:44376/.well-known/appspecific/com.chrome.devtools.json, Response status code: 404
info: Microsoft.AspNetCore.Hosting.Diagnostics[1]
      Request starting HTTP/2 GET https://localhost:44376/.well-known/appspecific/com.chrome.devtools.json - - -
info: Microsoft.AspNetCore.Hosting.Diagnostics[2]
      Request finished HTTP/2 POST https://localhost:44376/CampaignManagement/showPopup - 200 - application/json;+charset=utf-8 1841.0079ms
info: Microsoft.AspNetCore.Hosting.Diagnostics[2]
      Request finished HTTP/2 GET https://localhost:44376/.well-known/appspecific/com.chrome.devtools.json - 404 - - 177.0238ms
info: Microsoft.AspNetCore.Hosting.Diagnostics[16]
      Request reached the end of the middleware pipeline without being handled by application code. Request path: GET https://localhost:44376/.well-known/appspecific/com.chrome.devtools.json, Response status code: 404
info: System.Net.Http.HttpClient.default.LogicalHandler[100]
      Start processing HTTP request POST https://localhost:44399/scheduletask/runtask
info: System.Net.Http.HttpClient.default.ClientHandler[100]
      Sending HTTP request POST https://localhost:44399/scheduletask/runtask
info: System.Net.Http.HttpClient.default.ClientHandler[101]
      Received HTTP response headers after 8.8771ms - 404
info: System.Net.Http.HttpClient.default.LogicalHandler[101]
      End processing HTTP request after 17.5064ms - 404
info: Microsoft.AspNetCore.Hosting.Diagnostics[1]
      Request starting HTTP/2 GET https://localhost:44376/Admin/Affirm/ConfirmCallbackHandler?checkout_token=CAOVI5VZ7MD8YYC7 - - -
info: Microsoft.AspNetCore.Routing.EndpointMiddleware[0]
      Executing endpoint 'MWT.Nop.Plugin.Payments.Affirm.Controllers.AffirmController.ConfirmCallbackHandler (MWT.Nop.Plugin.Payments.Affirm)'
info: Microsoft.AspNetCore.Mvc.Infrastructure.ControllerActionInvoker[102]
      Route matched with {action = "ConfirmCallbackHandler", controller = "Affirm", area = ""}. Executing controller action with signature System.Threading.Tasks.Task`1[Microsoft.AspNetCore.Mvc.IActionResult] ConfirmCallbackHandler() on controller MWT.Nop.Plugin.Payments.Affirm.Controllers.AffirmController (MWT.Nop.Plugin.Payments.Affirm).
info: System.Net.Http.HttpClient.default.LogicalHandler[100]
      Start processing HTTP request GET https://sandbox.affirm.com/api/v2/checkout/CAOVI5VZ7MD8YYC7
info: System.Net.Http.HttpClient.default.ClientHandler[100]
      Sending HTTP request GET https://sandbox.affirm.com/api/v2/checkout/CAOVI5VZ7MD8YYC7
info: System.Net.Http.HttpClient.default.ClientHandler[101]
      Received HTTP response headers after 494.1757ms - 200
info: System.Net.Http.HttpClient.default.LogicalHandler[101]
      End processing HTTP request after 504.0217ms - 200
info: System.Net.Http.HttpClient.default.LogicalHandler[100]
      Start processing HTTP request POST https://sandbox.affirm.com/api/v1/transactions
info: System.Net.Http.HttpClient.default.ClientHandler[100]
      Sending HTTP request POST https://sandbox.affirm.com/api/v1/transactions
info: System.Net.Http.HttpClient.default.ClientHandler[101]
      Received HTTP response headers after 940.6713ms - 200
info: System.Net.Http.HttpClient.default.LogicalHandler[101]
      End processing HTTP request after 948.5384ms - 200
info: System.Net.Http.HttpClient.default.LogicalHandler[100]
      Start processing HTTP request PUT https://us1.api.mailchimp.com/3.0/lists/05a2f8885a/members/1D777D2F3170C89DF8418725B09FEE0A
info: System.Net.Http.HttpClient.default.ClientHandler[100]
      Sending HTTP request PUT https://us1.api.mailchimp.com/3.0/lists/05a2f8885a/members/1D777D2F3170C89DF8418725B09FEE0A
info: System.Net.Http.HttpClient.default.LogicalHandler[100]
      Start processing HTTP request POST https://accounts.zoho.com/oauth/v2/token
info: System.Net.Http.HttpClient.default.ClientHandler[100]
      Sending HTTP request POST https://accounts.zoho.com/oauth/v2/token
info: System.Net.Http.HttpClient.default.ClientHandler[101]
      Received HTTP response headers after 1176.2481ms - 400
info: System.Net.Http.HttpClient.default.LogicalHandler[101]
      End processing HTTP request after 1186.0174ms - 400
info: System.Net.Http.HttpClient.default.LogicalHandler[100]
      Start processing HTTP request POST https://us1.api.mailchimp.com/3.0/lists/05a2f8885a/segments/105
info: System.Net.Http.HttpClient.default.ClientHandler[100]
      Sending HTTP request POST https://us1.api.mailchimp.com/3.0/lists/05a2f8885a/segments/105
info: System.Net.Http.HttpClient.default.ClientHandler[101]
      Received HTTP response headers after 904.0407ms - 200
info: System.Net.Http.HttpClient.default.LogicalHandler[101]
      End processing HTTP request after 911.7756ms - 200
info: System.Net.Http.HttpClient.default.LogicalHandler[100]
      Start processing HTTP request POST https://www.zohoapis.com/crm/v2/Contacts
info: System.Net.Http.HttpClient.default.ClientHandler[100]
      Sending HTTP request POST https://www.zohoapis.com/crm/v2/Contacts
info: System.Net.Http.HttpClient.default.ClientHandler[101]
      Received HTTP response headers after 1177.0502ms - 400
info: System.Net.Http.HttpClient.default.LogicalHandler[101]
      End processing HTTP request after 1185.5067ms - 400
info: System.Net.Http.HttpClient.default.LogicalHandler[100]
      Start processing HTTP request POST https://us1.api.mailchimp.com/3.0/lists/05a2f8885a/segments/2145
info: System.Net.Http.HttpClient.default.ClientHandler[100]
      Sending HTTP request POST https://us1.api.mailchimp.com/3.0/lists/05a2f8885a/segments/2145
info: System.Net.Http.HttpClient.default.ClientHandler[101]
      Received HTTP response headers after 1327.6042ms - 201
info: System.Net.Http.HttpClient.default.LogicalHandler[101]
      End processing HTTP request after 1331.973ms - 201
info: System.Net.Http.HttpClient.default.ClientHandler[101]
      Received HTTP response headers after 1086.305ms - 400
info: System.Net.Http.HttpClient.default.LogicalHandler[101]
      End processing HTTP request after 1091.1527ms - 400
info: System.Net.Http.HttpClient.default.LogicalHandler[100]
      Start processing HTTP request POST https://us1.api.mailchimp.com/3.0/lists/05a2f8885a/segments/2069
info: System.Net.Http.HttpClient.default.ClientHandler[100]
      Sending HTTP request POST https://us1.api.mailchimp.com/3.0/lists/05a2f8885a/segments/2069
info: Microsoft.AspNetCore.Mvc.RedirectToRouteResult[1]
      Executing RedirectToRouteResult, redirecting to /checkout/completed/13716 from route CheckoutCompleted.
info: Microsoft.AspNetCore.Mvc.Infrastructure.ControllerActionInvoker[105]
      Executed action MWT.Nop.Plugin.Payments.Affirm.Controllers.AffirmController.ConfirmCallbackHandler (MWT.Nop.Plugin.Payments.Affirm) in 5681.3365ms
info: Microsoft.AspNetCore.Routing.EndpointMiddleware[1]
      Executed endpoint 'MWT.Nop.Plugin.Payments.Affirm.Controllers.AffirmController.ConfirmCallbackHandler (MWT.Nop.Plugin.Payments.Affirm)'
info: Microsoft.AspNetCore.Hosting.Diagnostics[2]
      Request finished HTTP/2 GET https://localhost:44376/Admin/Affirm/ConfirmCallbackHandler?checkout_token=CAOVI5VZ7MD8YYC7 - 302 - - 5860.6775ms
info: Microsoft.AspNetCore.Hosting.Diagnostics[1]
      Request starting HTTP/2 GET https://localhost:44376/checkout/completed/13716 - - -
info: Microsoft.AspNetCore.Routing.EndpointMiddleware[0]
      Executing endpoint 'MWT.Plugin.Misc.MwtStorefront.Controllers.CheckoutExtendedController.CustomCompleted (MWT.Plugin.Misc.MwtStorefront)'
info: Microsoft.AspNetCore.Mvc.Infrastructure.ControllerActionInvoker[102]
      Route matched with {action = "CustomCompleted", controller = "CheckoutExtended", area = ""}. Executing controller action with signature System.Threading.Tasks.Task`1[Microsoft.AspNetCore.Mvc.IActionResult] CustomCompleted(System.Nullable`1[System.Int32]) on controller MWT.Plugin.Misc.MwtStorefront.Controllers.CheckoutExtendedController (MWT.Plugin.Misc.MwtStorefront).
info: Microsoft.AspNetCore.Mvc.ViewFeatures.ViewResultExecutor[1]
      Executing ViewResult, running view Completed.
info: Microsoft.AspNetCore.Mvc.ViewFeatures.ViewResultExecutor[4]
      Executed ViewResult - view Completed executed in 86.984ms.
info: Microsoft.AspNetCore.Mvc.Infrastructure.ControllerActionInvoker[105]
      Executed action MWT.Plugin.Misc.MwtStorefront.Controllers.CheckoutExtendedController.CustomCompleted (MWT.Plugin.Misc.MwtStorefront) in 247.1396ms
info: Microsoft.AspNetCore.Routing.EndpointMiddleware[1]
      Executed endpoint 'MWT.Plugin.Misc.MwtStorefront.Controllers.CheckoutExtendedController.CustomCompleted (MWT.Plugin.Misc.MwtStorefront)'
info: Microsoft.AspNetCore.Hosting.Diagnostics[2]
      Request finished HTTP/2 GET https://localhost:44376/checkout/completed/13716 - 200 - text/html;+charset=utf-8 546.7711ms
info: Microsoft.AspNetCore.Hosting.Diagnostics[1]
      Request starting HTTP/2 GET https://localhost:44376/images/icons/hand-holding-dollar-solid.svg - - -
info: Microsoft.AspNetCore.Hosting.Diagnostics[1]
      Request starting HTTP/2 GET https://localhost:44376/images/phone.png - - -
info: Microsoft.AspNetCore.Hosting.Diagnostics[1]
      Request starting HTTP/2 GET https://localhost:44376/Themes/BlackWhiteTheme/Content/images/top.png - - -
info: Microsoft.AspNetCore.Hosting.Diagnostics[1]
      Request starting HTTP/2 GET https://localhost:44376/_vs/browserLink - - -
info: Microsoft.AspNetCore.Hosting.Diagnostics[1]
      Request starting HTTP/2 GET https://localhost:44376/_framework/aspnetcore-browser-refresh.js - - -
info: Microsoft.AspNetCore.Hosting.Diagnostics[1]
      Request starting HTTP/2 GET https://localhost:44376/.well-known/appspecific/com.chrome.devtools.json - - -
info: Microsoft.AspNetCore.Hosting.Diagnostics[1]
      Request starting HTTP/2 GET https://localhost:44376/Plugins/MWT.Plugin.Misc.MwtStorefront/Content/js/bootstrap.bundle.min.js.map - - -
info: Microsoft.AspNetCore.Hosting.Diagnostics[1]
      Request starting HTTP/2 GET https://localhost:44376/Plugins/MWT.Plugin.Misc.MwtStorefront/Content/css/bootstrap.min.css.map - - -
info: Microsoft.AspNetCore.Hosting.Diagnostics[2]
      Request finished HTTP/2 GET https://localhost:44376/_framework/aspnetcore-browser-refresh.js - 200 16499 application/javascript;+charset=utf-8 279.8679ms
info: System.Net.Http.HttpClient.default.ClientHandler[101]
      Received HTTP response headers after 1335.9443ms - 400
info: System.Net.Http.HttpClient.default.LogicalHandler[101]
      End processing HTTP request after 1407.4426ms - 400
info: Microsoft.AspNetCore.Hosting.Diagnostics[1]
      Request starting HTTP/2 POST https://localhost:44376/CampaignManagement/showPopup - application/x-www-form-urlencoded;+charset=UTF-8 84
info: Microsoft.AspNetCore.Hosting.Diagnostics[2]
      Request finished HTTP/2 GET https://localhost:44376/_vs/browserLink - 200 - text/javascript;+charset=UTF-8 1095.3279ms
info: Microsoft.AspNetCore.Routing.EndpointMiddleware[0]
      Executing endpoint 'MWT.Plugin.Misc.MwtStorefront.Controllers.CampaignManagementController.ShowPopup (MWT.Plugin.Misc.MwtStorefront)'
info: Microsoft.AspNetCore.Hosting.Diagnostics[2]
      Request finished HTTP/2 GET https://localhost:44376/Plugins/MWT.Plugin.Misc.MwtStorefront/Content/js/bootstrap.bundle.min.js.map - 404 - - 1448.6607ms
info: Microsoft.AspNetCore.Mvc.Infrastructure.ControllerActionInvoker[102]
      Route matched with {action = "ShowPopup", controller = "CampaignManagement", area = ""}. Executing controller action with signature System.Threading.Tasks.Task`1[Microsoft.AspNetCore.Mvc.IActionResult] ShowPopup(System.String, System.String, Boolean) on controller MWT.Plugin.Misc.MwtStorefront.Controllers.CampaignManagementController (MWT.Plugin.Misc.MwtStorefront).
info: Microsoft.AspNetCore.Hosting.Diagnostics[16]
      Request reached the end of the middleware pipeline without being handled by application code. Request path: GET https://localhost:44376/Plugins/MWT.Plugin.Misc.MwtStorefront/Content/js/bootstrap.bundle.min.js.map, Response status code: 404
info: Microsoft.AspNetCore.Hosting.Diagnostics[2]
      Request finished HTTP/2 GET https://localhost:44376/Themes/BlackWhiteTheme/Content/images/top.png - 404 - - 1718.3914ms
info: Microsoft.AspNetCore.Hosting.Diagnostics[2]
      Request finished HTTP/2 GET https://localhost:44376/.well-known/appspecific/com.chrome.devtools.json - 404 - - 1560.3627ms
info: Microsoft.AspNetCore.Hosting.Diagnostics[16]
      Request reached the end of the middleware pipeline without being handled by application code. Request path: GET https://localhost:44376/Themes/BlackWhiteTheme/Content/images/top.png, Response status code: 404
info: Microsoft.AspNetCore.Hosting.Diagnostics[16]
      Request reached the end of the middleware pipeline without being handled by application code. Request path: GET https://localhost:44376/.well-known/appspecific/com.chrome.devtools.json, Response status code: 404
info: Microsoft.AspNetCore.Hosting.Diagnostics[2]
      Request finished HTTP/2 GET https://localhost:44376/Plugins/MWT.Plugin.Misc.MwtStorefront/Content/css/bootstrap.min.css.map - 404 - - 1453.3570ms
info: Microsoft.AspNetCore.Hosting.Diagnostics[16]
      Request reached the end of the middleware pipeline without being handled by application code. Request path: GET https://localhost:44376/Plugins/MWT.Plugin.Misc.MwtStorefront/Content/css/bootstrap.min.css.map, Response status code: 404
info: Microsoft.AspNetCore.Hosting.Diagnostics[2]
      Request finished HTTP/2 GET https://localhost:44376/images/icons/hand-holding-dollar-solid.svg - 404 - - 1921.7633ms
info: Microsoft.AspNetCore.Hosting.Diagnostics[16]
      Request reached the end of the middleware pipeline without being handled by application code. Request path: GET https://localhost:44376/images/icons/hand-holding-dollar-solid.svg, Response status code: 404
info: Microsoft.AspNetCore.Routing.EndpointMiddleware[0]
      Executing endpoint 'Nop.Web.Controllers.CommonController.GenericUrl (Nop.Web)'
info: Microsoft.AspNetCore.Mvc.NewtonsoftJson.NewtonsoftJsonResultExecutor[2]
      Executing JsonResult, writing value of type 'MWT.Plugin.Misc.MwtStorefront.Models.Catalog.Campaign_Management.CampaignPopupResultModel'.
info: Microsoft.AspNetCore.Mvc.Infrastructure.ControllerActionInvoker[105]
      Executed action MWT.Plugin.Misc.MwtStorefront.Controllers.CampaignManagementController.ShowPopup (MWT.Plugin.Misc.MwtStorefront) in 392.7777ms
info: Microsoft.AspNetCore.Mvc.Infrastructure.ControllerActionInvoker[102]
      Route matched with {action = "GenericUrl", controller = "Common", area = ""}. Executing controller action with signature Microsoft.AspNetCore.Mvc.IActionResult GenericUrl() on controller Nop.Web.Controllers.CommonController (Nop.Web).
info: Microsoft.AspNetCore.Routing.EndpointMiddleware[1]
      Executed endpoint 'MWT.Plugin.Misc.MwtStorefront.Controllers.CampaignManagementController.ShowPopup (MWT.Plugin.Misc.MwtStorefront)'
info: Microsoft.AspNetCore.Hosting.Diagnostics[2]
      Request finished HTTP/2 POST https://localhost:44376/CampaignManagement/showPopup - 200 - application/json;+charset=utf-8 1376.7331ms
info: Microsoft.AspNetCore.Mvc.Infrastructure.ControllerActionInvoker[105]
      Executed action Nop.Web.Controllers.CommonController.GenericUrl (Nop.Web) in 43.4797ms
info: Microsoft.AspNetCore.Routing.EndpointMiddleware[1]
      Executed endpoint 'Nop.Web.Controllers.CommonController.GenericUrl (Nop.Web)'
info: Microsoft.AspNetCore.Hosting.Diagnostics[2]
      Request finished HTTP/2 GET https://localhost:44376/images/phone.png - 404 - - 2156.1840ms
info: Microsoft.AspNetCore.Hosting.Diagnostics[1]
      Request starting HTTP/2 GET https://localhost:44376/checkout/completed/13716 - - -
info: Microsoft.AspNetCore.Routing.EndpointMiddleware[0]
      Executing endpoint 'MWT.Plugin.Misc.MwtStorefront.Controllers.CheckoutExtendedController.CustomCompleted (MWT.Plugin.Misc.MwtStorefront)'
info: Microsoft.AspNetCore.Mvc.Infrastructure.ControllerActionInvoker[102]
      Route matched with {action = "CustomCompleted", controller = "CheckoutExtended", area = ""}. Executing controller action with signature System.Threading.Tasks.Task`1[Microsoft.AspNetCore.Mvc.IActionResult] CustomCompleted(System.Nullable`1[System.Int32]) on controller MWT.Plugin.Misc.MwtStorefront.Controllers.CheckoutExtendedController (MWT.Plugin.Misc.MwtStorefront).
info: Microsoft.AspNetCore.Mvc.ViewFeatures.ViewResultExecutor[1]
      Executing ViewResult, running view Completed.
info: Microsoft.AspNetCore.Mvc.ViewFeatures.ViewResultExecutor[4]
      Executed ViewResult - view Completed executed in 34.7728ms.
info: Microsoft.AspNetCore.Mvc.Infrastructure.ControllerActionInvoker[105]
      Executed action MWT.Plugin.Misc.MwtStorefront.Controllers.CheckoutExtendedController.CustomCompleted (MWT.Plugin.Misc.MwtStorefront) in 155.4541ms
info: Microsoft.AspNetCore.Routing.EndpointMiddleware[1]
      Executed endpoint 'MWT.Plugin.Misc.MwtStorefront.Controllers.CheckoutExtendedController.CustomCompleted (MWT.Plugin.Misc.MwtStorefront)'
info: Microsoft.AspNetCore.Hosting.Diagnostics[2]
      Request finished HTTP/2 GET https://localhost:44376/checkout/completed/13716 - 200 - text/html;+charset=utf-8 374.0070ms
info: Microsoft.AspNetCore.Hosting.Diagnostics[1]
      Request starting HTTP/2 GET https://localhost:44376/lib_npm/jquery-ui-dist/jquery-ui.min.css - - -
info: Microsoft.AspNetCore.StaticFiles.StaticFileMiddleware[2]
      Sending file. Request path: '/lib_npm/jquery-ui-dist/jquery-ui.min.css'. Physical path: 'D:\Mind web Tree\Slc4.9\Source Code\Presentation\Nop.Web\wwwroot\lib_npm\jquery-ui-dist\jquery-ui.min.css'
info: Microsoft.AspNetCore.Hosting.Diagnostics[1]
      Request starting HTTP/2 GET https://localhost:44376/Plugins/MWT.Plugin.Misc.MwtStorefront/Content/css/fontawesome-all.min.css - - -
info: Microsoft.AspNetCore.Hosting.Diagnostics[1]
      Request starting HTTP/2 GET https://localhost:44376/Plugins/MWT.Plugin.Misc.MwtStorefront/Content/css/slick.css - - -
info: Microsoft.AspNetCore.Hosting.Diagnostics[1]
      Request starting HTTP/2 GET https://localhost:44376/Plugins/MWT.Plugin.Misc.MwtStorefront/Content/css/root-theme-styles.css?ver=547 - - -
info: Microsoft.AspNetCore.Hosting.Diagnostics[2]
      Request finished HTTP/2 GET https://localhost:44376/lib_npm/jquery-ui-dist/jquery-ui.min.css - 200 32136 text/css 14.0022ms
info: Microsoft.AspNetCore.Hosting.Diagnostics[1]
      Request starting HTTP/2 GET https://localhost:44376/Plugins/MWT.Plugin.Misc.MwtStorefront/Content/css/slick-theme.css - - -
info: Microsoft.AspNetCore.Hosting.Diagnostics[1]
      Request starting HTTP/2 GET https://localhost:44376/Plugins/MWT.Plugin.Misc.MwtStorefront/Content/fonts/anticdidone/AnticDidone-Regular.woff2 - - -
info: Microsoft.AspNetCore.Hosting.Diagnostics[1]
      Request starting HTTP/2 GET https://localhost:44376/Plugins/MWT.Plugin.Misc.MwtStorefront/Content/fonts/anticdidone/BonaNova-Bold.woff2 - - -
info: Microsoft.AspNetCore.Hosting.Diagnostics[1]
      Request starting HTTP/2 GET https://localhost:44376/Plugins/MWT.Nop.Plugin.MegaMenu/Themes/BlackWhiteTheme/Content/MegaMenuDesktop.css - - -
info: Microsoft.AspNetCore.Hosting.Diagnostics[1]
      Request starting HTTP/2 GET https://localhost:44376/Plugins/MWT.Plugin.Misc.MwtStorefront/Content/fonts/anticdidone/BonaNova-Bold.woff - - -
info: Microsoft.AspNetCore.Hosting.Diagnostics[1]
      Request starting HTTP/2 GET https://localhost:44376/Plugins/MWT.Plugin.Misc.MwtStorefront/Content/fonts/anticdidone/BonaNova-Italic.woff2 - - -
info: Microsoft.AspNetCore.StaticFiles.StaticFileMiddleware[2]
      Sending file. Request path: '/MWT.Plugin.Misc.MwtStorefront/Content/fonts/anticdidone/AnticDidone-Regular.woff2'. Physical path: 'D:\Mind web Tree\Slc4.9\Source Code\Presentation\Nop.Web\Plugins\MWT.Plugin.Misc.MwtStorefront\Content\fonts\anticdidone\AnticDidone-Regular.woff2'
info: Microsoft.AspNetCore.StaticFiles.StaticFileMiddleware[2]
      Sending file. Request path: '/MWT.Nop.Plugin.MegaMenu/Themes/BlackWhiteTheme/Content/MegaMenuDesktop.css'. Physical path: 'D:\Mind web Tree\Slc4.9\Source Code\Presentation\Nop.Web\Plugins\MWT.Nop.Plugin.MegaMenu\Themes\BlackWhiteTheme\Content\MegaMenuDesktop.css'
info: Microsoft.AspNetCore.Hosting.Diagnostics[1]
      Request starting HTTP/2 GET https://localhost:44376/Plugins/MWT.Plugin.Misc.MwtStorefront/Content/fonts/anticdidone/BonaNova-Italic.woff - - -
info: Microsoft.AspNetCore.Hosting.Diagnostics[1]
      Request starting HTTP/2 GET https://localhost:44376/Plugins/MWT.Plugin.Misc.MwtStorefront/Content/fonts/anticdidone/BonaNova-Regular.woff2 - - -
info: Microsoft.AspNetCore.Hosting.Diagnostics[1]
      Request starting HTTP/2 GET https://localhost:44376/Plugins/MWT.Plugin.Misc.MwtStorefront/Content/fonts/anticdidone/AnticDidone-Regular.woff - - -
info: Microsoft.AspNetCore.Hosting.Diagnostics[1]
      Request starting HTTP/2 GET https://localhost:44376/Plugins/MWT.Plugin.Misc.MwtStorefront/Content/fonts/anticdidone/BonaNova-Regular.woff - - -
info: Microsoft.AspNetCore.Hosting.Diagnostics[2]
      Request finished HTTP/2 GET https://localhost:44376/Plugins/MWT.Plugin.Misc.MwtStorefront/Content/fonts/anticdidone/AnticDidone-Regular.woff2 - 200 13360 font/woff2 79.2595ms
info: Microsoft.AspNetCore.StaticFiles.StaticFileMiddleware[2]
      Sending file. Request path: '/MWT.Plugin.Misc.MwtStorefront/Content/css/slick-theme.css'. Physical path: 'D:\Mind web Tree\Slc4.9\Source Code\Presentation\Nop.Web\Plugins\MWT.Plugin.Misc.MwtStorefront\Content\css\slick-theme.css'
info: Microsoft.AspNetCore.StaticFiles.StaticFileMiddleware[2]
      Sending file. Request path: '/MWT.Plugin.Misc.MwtStorefront/Content/fonts/anticdidone/AnticDidone-Regular.woff'. Physical path: 'D:\Mind web Tree\Slc4.9\Source Code\Presentation\Nop.Web\Plugins\MWT.Plugin.Misc.MwtStorefront\Content\fonts\anticdidone\AnticDidone-Regular.woff'
info: Microsoft.AspNetCore.StaticFiles.StaticFileMiddleware[2]
      Sending file. Request path: '/MWT.Plugin.Misc.MwtStorefront/Content/fonts/anticdidone/BonaNova-Bold.woff2'. Physical path: 'D:\Mind web Tree\Slc4.9\Source Code\Presentation\Nop.Web\Plugins\MWT.Plugin.Misc.MwtStorefront\Content\fonts\anticdidone\BonaNova-Bold.woff2'
info: Microsoft.AspNetCore.Hosting.Diagnostics[2]
      Request finished HTTP/2 GET https://localhost:44376/Plugins/MWT.Plugin.Misc.MwtStorefront/Content/css/slick-theme.css - 200 3361 text/css 144.2324ms
info: Microsoft.AspNetCore.StaticFiles.StaticFileMiddleware[2]
      Sending file. Request path: '/MWT.Plugin.Misc.MwtStorefront/Content/css/fontawesome-all.min.css'. Physical path: 'D:\Mind web Tree\Slc4.9\Source Code\Presentation\Nop.Web\Plugins\MWT.Plugin.Misc.MwtStorefront\Content\css\fontawesome-all.min.css'
info: Microsoft.AspNetCore.StaticFiles.StaticFileMiddleware[2]
      Sending file. Request path: '/MWT.Plugin.Misc.MwtStorefront/Content/fonts/anticdidone/BonaNova-Bold.woff'. Physical path: 'D:\Mind web Tree\Slc4.9\Source Code\Presentation\Nop.Web\Plugins\MWT.Plugin.Misc.MwtStorefront\Content\fonts\anticdidone\BonaNova-Bold.woff'
info: Microsoft.AspNetCore.StaticFiles.StaticFileMiddleware[2]
      Sending file. Request path: '/MWT.Plugin.Misc.MwtStorefront/Content/fonts/anticdidone/BonaNova-Italic.woff2'. Physical path: 'D:\Mind web Tree\Slc4.9\Source Code\Presentation\Nop.Web\Plugins\MWT.Plugin.Misc.MwtStorefront\Content\fonts\anticdidone\BonaNova-Italic.woff2'
info: Microsoft.AspNetCore.StaticFiles.StaticFileMiddleware[2]
      Sending file. Request path: '/MWT.Plugin.Misc.MwtStorefront/Content/fonts/anticdidone/BonaNova-Regular.woff2'. Physical path: 'D:\Mind web Tree\Slc4.9\Source Code\Presentation\Nop.Web\Plugins\MWT.Plugin.Misc.MwtStorefront\Content\fonts\anticdidone\BonaNova-Regular.woff2'
info: Microsoft.AspNetCore.StaticFiles.StaticFileMiddleware[2]
      Sending file. Request path: '/MWT.Plugin.Misc.MwtStorefront/Content/css/slick.css'. Physical path: 'D:\Mind web Tree\Slc4.9\Source Code\Presentation\Nop.Web\Plugins\MWT.Plugin.Misc.MwtStorefront\Content\css\slick.css'
info: Microsoft.AspNetCore.Hosting.Diagnostics[1]
      Request starting HTTP/2 GET https://localhost:44376/images/thumbs/0433082_0413661_1e162568b9181b5d8de5e5181b5815e118917bab.jpeg - - -
info: Microsoft.AspNetCore.Hosting.Diagnostics[1]
      Request starting HTTP/2 GET https://localhost:44376/Plugins/MWT.Plugin.Misc.MwtStorefront/Content/fonts/Nunito/nunito-v26-latin-500.woff2 - - -
info: Microsoft.AspNetCore.Hosting.Diagnostics[2]
      Request finished HTTP/2 GET https://localhost:44376/Plugins/MWT.Nop.Plugin.MegaMenu/Themes/BlackWhiteTheme/Content/MegaMenuDesktop.css - 200 17180 text/css 163.5373ms
info: Microsoft.AspNetCore.Hosting.Diagnostics[1]
      Request starting HTTP/2 GET https://localhost:44376/images/logo.svg?v=1 - - -
info: Microsoft.AspNetCore.StaticFiles.StaticFileMiddleware[2]
      Sending file. Request path: '/images/thumbs/0433082_0413661_1e162568b9181b5d8de5e5181b5815e118917bab.jpeg'. Physical path: 'D:\Mind web Tree\Slc4.9\Source Code\Presentation\Nop.Web\wwwroot\images\thumbs\0433082_0413661_1e162568b9181b5d8de5e5181b5815e118917bab.jpeg'
info: Microsoft.AspNetCore.Hosting.Diagnostics[1]
      Request starting HTTP/2 GET https://localhost:44376/Plugins/MWT.Plugin.Misc.MwtStorefront/Content/fonts/Nunito/nunito-v26-latin-300.woff2 - - -
info: Microsoft.AspNetCore.Hosting.Diagnostics[1]
      Request starting HTTP/2 GET https://localhost:44376/Plugins/MWT.Plugin.Misc.MwtStorefront/Content/fonts/Nunito/nunito-v26-latin-800.woff2 - - -
info: Microsoft.AspNetCore.Hosting.Diagnostics[2]
      Request finished HTTP/2 GET https://localhost:44376/images/thumbs/0433082_0413661_1e162568b9181b5d8de5e5181b5815e118917bab.jpeg - 200 0 image/jpeg 11.8005ms
info: Microsoft.AspNetCore.Hosting.Diagnostics[1]
      Request starting HTTP/2 GET https://localhost:44376/Plugins/MWT.Plugin.Misc.MwtStorefront/Content/fonts/Nunito/nunito-v26-latin-regular.woff2 - - -
info: Microsoft.AspNetCore.Hosting.Diagnostics[1]
      Request starting HTTP/2 GET https://localhost:44376/Plugins/MWT.Plugin.Misc.MwtStorefront/Content/fonts/Nunito/nunito-v26-latin-700.woff2 - - -
info: Microsoft.AspNetCore.StaticFiles.StaticFileMiddleware[2]
      Sending file. Request path: '/MWT.Plugin.Misc.MwtStorefront/Content/fonts/Nunito/nunito-v26-latin-500.woff2'. Physical path: 'D:\Mind web Tree\Slc4.9\Source Code\Presentation\Nop.Web\Plugins\MWT.Plugin.Misc.MwtStorefront\Content\fonts\Nunito\nunito-v26-latin-500.woff2'
info: Microsoft.AspNetCore.Hosting.Diagnostics[2]
      Request finished HTTP/2 GET https://localhost:44376/Plugins/MWT.Plugin.Misc.MwtStorefront/Content/fonts/Nunito/nunito-v26-latin-500.woff2 - 200 16504 font/woff2 88.4087ms
info: Microsoft.AspNetCore.Hosting.Diagnostics[1]
      Request starting HTTP/2 GET https://localhost:44376/Plugins/MWT.Plugin.Misc.MwtStorefront/Content/css/bootstrap.min.css - - -
info: Microsoft.AspNetCore.Hosting.Diagnostics[2]
      Request finished HTTP/2 GET https://localhost:44376/Plugins/MWT.Plugin.Misc.MwtStorefront/Content/css/slick.css - 200 1895 text/css 300.0851ms
info: Microsoft.AspNetCore.Hosting.Diagnostics[1]
      Request starting HTTP/2 GET https://localhost:44376/Plugins/MWT.Plugin.Misc.MwtStorefront/Content/fonts/Nunito/nunito-v26-latin-600.woff2 - - -
info: Microsoft.AspNetCore.Hosting.Diagnostics[1]
      Request starting HTTP/2 GET https://localhost:44376/.well-known/appspecific/com.chrome.devtools.json - - -
info: Microsoft.AspNetCore.StaticFiles.StaticFileMiddleware[2]
      Sending file. Request path: '/MWT.Plugin.Misc.MwtStorefront/Content/fonts/Nunito/nunito-v26-latin-700.woff2'. Physical path: 'D:\Mind web Tree\Slc4.9\Source Code\Presentation\Nop.Web\Plugins\MWT.Plugin.Misc.MwtStorefront\Content\fonts\Nunito\nunito-v26-latin-700.woff2'
info: Microsoft.AspNetCore.Hosting.Diagnostics[2]
      Request finished HTTP/2 GET https://localhost:44376/Plugins/MWT.Plugin.Misc.MwtStorefront/Content/fonts/Nunito/nunito-v26-latin-700.woff2 - 200 16312 font/woff2 193.5262ms
info: Microsoft.AspNetCore.StaticFiles.StaticFileMiddleware[2]
      Sending file. Request path: '/MWT.Plugin.Misc.MwtStorefront/Content/fonts/Nunito/nunito-v26-latin-800.woff2'. Physical path: 'D:\Mind web Tree\Slc4.9\Source Code\Presentation\Nop.Web\Plugins\MWT.Plugin.Misc.MwtStorefront\Content\fonts\Nunito\nunito-v26-latin-800.woff2'
info: Microsoft.AspNetCore.Hosting.Diagnostics[2]
      Request finished HTTP/2 GET https://localhost:44376/Plugins/MWT.Plugin.Misc.MwtStorefront/Content/fonts/Nunito/nunito-v26-latin-800.woff2 - 200 16488 font/woff2 229.4585ms
info: Microsoft.AspNetCore.StaticFiles.StaticFileMiddleware[2]
      Sending file. Request path: '/MWT.Plugin.Misc.MwtStorefront/Content/fonts/Nunito/nunito-v26-latin-300.woff2'. Physical path: 'D:\Mind web Tree\Slc4.9\Source Code\Presentation\Nop.Web\Plugins\MWT.Plugin.Misc.MwtStorefront\Content\fonts\Nunito\nunito-v26-latin-300.woff2'
info: Microsoft.AspNetCore.StaticFiles.StaticFileMiddleware[2]
      Sending file. Request path: '/MWT.Plugin.Misc.MwtStorefront/Content/fonts/Nunito/nunito-v26-latin-600.woff2'. Physical path: 'D:\Mind web Tree\Slc4.9\Source Code\Presentation\Nop.Web\Plugins\MWT.Plugin.Misc.MwtStorefront\Content\fonts\Nunito\nunito-v26-latin-600.woff2'
info: Microsoft.AspNetCore.StaticFiles.StaticFileMiddleware[2]
      Sending file. Request path: '/images/logo.svg'. Physical path: 'D:\Mind web Tree\Slc4.9\Source Code\Presentation\Nop.Web\wwwroot\images\logo.svg'
info: Microsoft.AspNetCore.Hosting.Diagnostics[2]
      Request finished HTTP/2 GET https://localhost:44376/Plugins/MWT.Plugin.Misc.MwtStorefront/Content/fonts/Nunito/nunito-v26-latin-300.woff2 - 200 16068 font/woff2 241.1610ms
info: Microsoft.AspNetCore.StaticFiles.StaticFileMiddleware[2]
      Sending file. Request path: '/MWT.Plugin.Misc.MwtStorefront/Content/fonts/anticdidone/BonaNova-Regular.woff'. Physical path: 'D:\Mind web Tree\Slc4.9\Source Code\Presentation\Nop.Web\Plugins\MWT.Plugin.Misc.MwtStorefront\Content\fonts\anticdidone\BonaNova-Regular.woff'
info: Microsoft.AspNetCore.Hosting.Diagnostics[2]
      Request finished HTTP/2 GET https://localhost:44376/Plugins/MWT.Plugin.Misc.MwtStorefront/Content/fonts/anticdidone/AnticDidone-Regular.woff - 200 18852 application/font-woff 373.2398ms
info: Microsoft.AspNetCore.Hosting.Diagnostics[2]
      Request finished HTTP/2 GET https://localhost:44376/Plugins/MWT.Plugin.Misc.MwtStorefront/Content/fonts/anticdidone/BonaNova-Bold.woff2 - 200 139036 font/woff2 415.6807ms
info: Microsoft.AspNetCore.Hosting.Diagnostics[2]
      Request finished HTTP/2 GET https://localhost:44376/Plugins/MWT.Plugin.Misc.MwtStorefront/Content/fonts/Nunito/nunito-v26-latin-600.woff2 - 200 16540 font/woff2 180.4026ms
info: Microsoft.AspNetCore.StaticFiles.StaticFileMiddleware[2]
      Sending file. Request path: '/MWT.Plugin.Misc.MwtStorefront/Content/fonts/anticdidone/BonaNova-Italic.woff'. Physical path: 'D:\Mind web Tree\Slc4.9\Source Code\Presentation\Nop.Web\Plugins\MWT.Plugin.Misc.MwtStorefront\Content\fonts\anticdidone\BonaNova-Italic.woff'
info: Microsoft.AspNetCore.Hosting.Diagnostics[2]
      Request finished HTTP/2 GET https://localhost:44376/Plugins/MWT.Plugin.Misc.MwtStorefront/Content/fonts/anticdidone/BonaNova-Regular.woff2 - 200 139224 font/woff2 419.1663ms
info: Microsoft.AspNetCore.Hosting.Diagnostics[1]
      Request starting HTTP/2 GET https://localhost:44376/images/thumbs/0424509_Dining 1.jpeg - - -
info: Microsoft.AspNetCore.StaticFiles.StaticFileMiddleware[2]
      Sending file. Request path: '/MWT.Plugin.Misc.MwtStorefront/Content/fonts/Nunito/nunito-v26-latin-regular.woff2'. Physical path: 'D:\Mind web Tree\Slc4.9\Source Code\Presentation\Nop.Web\Plugins\MWT.Plugin.Misc.MwtStorefront\Content\fonts\Nunito\nunito-v26-latin-regular.woff2'
info: Microsoft.AspNetCore.Hosting.Diagnostics[2]
      Request finished HTTP/2 GET https://localhost:44376/Plugins/MWT.Plugin.Misc.MwtStorefront/Content/fonts/anticdidone/BonaNova-Italic.woff2 - 200 149304 font/woff2 502.4075ms
info: Microsoft.AspNetCore.Hosting.Diagnostics[2]
      Request finished HTTP/2 GET https://localhost:44376/Plugins/MWT.Plugin.Misc.MwtStorefront/Content/css/fontawesome-all.min.css - 200 36939 text/css 615.4563ms
info: Microsoft.AspNetCore.Hosting.Diagnostics[2]
      Request finished HTTP/2 GET https://localhost:44376/Plugins/MWT.Plugin.Misc.MwtStorefront/Content/fonts/Nunito/nunito-v26-latin-regular.woff2 - 200 16292 font/woff2 402.1491ms
info: Microsoft.AspNetCore.Hosting.Diagnostics[2]
      Request finished HTTP/2 GET https://localhost:44376/images/logo.svg?v=1 - 200 73997 image/svg+xml 414.7689ms
info: Microsoft.AspNetCore.Hosting.Diagnostics[2]
      Request finished HTTP/2 GET https://localhost:44376/Plugins/MWT.Plugin.Misc.MwtStorefront/Content/fonts/anticdidone/BonaNova-Regular.woff - 200 196840 application/font-woff 533.7922ms
info: Microsoft.AspNetCore.StaticFiles.StaticFileMiddleware[2]
      Sending file. Request path: '/MWT.Plugin.Misc.MwtStorefront/Content/css/bootstrap.min.css'. Physical path: 'D:\Mind web Tree\Slc4.9\Source Code\Presentation\Nop.Web\Plugins\MWT.Plugin.Misc.MwtStorefront\Content\css\bootstrap.min.css'
info: Microsoft.AspNetCore.Hosting.Diagnostics[1]
      Request starting HTTP/2 GET https://localhost:44376/images/thumbs/0424510_Bed 1.jpeg - - -
info: Microsoft.AspNetCore.StaticFiles.StaticFileMiddleware[2]
      Sending file. Request path: '/images/thumbs/0424509_Dining 1.jpeg'. Physical path: 'D:\Mind web Tree\Slc4.9\Source Code\Presentation\Nop.Web\wwwroot\images\thumbs\0424509_Dining 1.jpeg'
info: Microsoft.AspNetCore.Hosting.Diagnostics[2]
      Request finished HTTP/2 GET https://localhost:44376/Plugins/MWT.Plugin.Misc.MwtStorefront/Content/fonts/anticdidone/BonaNova-Bold.woff - 200 195560 application/font-woff 512.6298ms
info: Microsoft.AspNetCore.Hosting.Diagnostics[2]
      Request finished HTTP/2 GET https://localhost:44376/Plugins/MWT.Plugin.Misc.MwtStorefront/Content/fonts/anticdidone/BonaNova-Italic.woff - 200 214168 application/font-woff 579.6504ms
info: Microsoft.AspNetCore.Hosting.Diagnostics[2]
      Request finished HTTP/2 GET https://localhost:44376/Plugins/MWT.Plugin.Misc.MwtStorefront/Content/css/bootstrap.min.css - 200 232116 text/css 372.8732ms
info: Microsoft.AspNetCore.StaticFiles.StaticFileMiddleware[2]
      Sending file. Request path: '/images/thumbs/0424510_Bed 1.jpeg'. Physical path: 'D:\Mind web Tree\Slc4.9\Source Code\Presentation\Nop.Web\wwwroot\images\thumbs\0424510_Bed 1.jpeg'
info: Microsoft.AspNetCore.Hosting.Diagnostics[2]
      Request finished HTTP/2 GET https://localhost:44376/images/thumbs/0424510_Bed 1.jpeg - 200 0 image/jpeg 68.0901ms
info: Microsoft.AspNetCore.StaticFiles.StaticFileMiddleware[2]
      Sending file. Request path: '/MWT.Plugin.Misc.MwtStorefront/Content/css/root-theme-styles.css'. Physical path: 'D:\Mind web Tree\Slc4.9\Source Code\Presentation\Nop.Web\Plugins\MWT.Plugin.Misc.MwtStorefront\Content\css\root-theme-styles.css'
info: Microsoft.AspNetCore.Hosting.Diagnostics[1]
      Request starting HTTP/2 GET https://localhost:44376/images/thumbs/0424511_Living 1.jpeg - - -
info: Microsoft.AspNetCore.Hosting.Diagnostics[1]
      Request starting HTTP/2 GET https://localhost:44376/lib_npm/jquery-ui-dist/jquery-ui.min.js - - -
info: Microsoft.AspNetCore.Hosting.Diagnostics[1]
      Request starting HTTP/2 GET https://localhost:44376/Plugins/MWT.Plugin.Misc.MwtStorefront/Content/js/home.js - - -
info: Microsoft.AspNetCore.Hosting.Diagnostics[2]
      Request finished HTTP/2 GET https://localhost:44376/Plugins/MWT.Plugin.Misc.MwtStorefront/Content/css/root-theme-styles.css?ver=547 - 200 841033 text/css 892.0441ms
info: Microsoft.AspNetCore.Hosting.Diagnostics[1]
      Request starting HTTP/2 GET https://localhost:44376/Plugins/MWT.Plugin.Misc.MwtStorefront/Content/campaignassets/js/apicall.js?ver=7 - - -
info: Microsoft.AspNetCore.Hosting.Diagnostics[1]
      Request starting HTTP/2 GET https://localhost:44376/lib_npm/jquery-migrate/jquery-migrate.min.js - - -
info: Microsoft.AspNetCore.Hosting.Diagnostics[1]
      Request starting HTTP/2 GET https://localhost:44376/lib_npm/jquery-validation/jquery.validate.min.js - - -
info: Microsoft.AspNetCore.Hosting.Diagnostics[1]
      Request starting HTTP/2 GET https://localhost:44376/lib_npm/jquery/jquery.min.js - - -
info: Microsoft.AspNetCore.StaticFiles.StaticFileMiddleware[2]
      Sending file. Request path: '/images/thumbs/0424511_Living 1.jpeg'. Physical path: 'D:\Mind web Tree\Slc4.9\Source Code\Presentation\Nop.Web\wwwroot\images\thumbs\0424511_Living 1.jpeg'
info: Microsoft.AspNetCore.Hosting.Diagnostics[1]
      Request starting HTTP/2 GET https://localhost:44376/Plugins/MWT.Plugin.Misc.MwtStorefront/Content/js/slick.js - - -
info: Microsoft.AspNetCore.Hosting.Diagnostics[1]
      Request starting HTTP/2 GET https://localhost:44376/Plugins/MWT.Plugin.Misc.MwtStorefront/Content/js/bootstrap.min.js - - -
info: Microsoft.AspNetCore.Hosting.Diagnostics[2]
      Request finished HTTP/2 GET https://localhost:44376/images/thumbs/0424509_Dining 1.jpeg - 200 0 image/jpeg 386.9653ms
info: Microsoft.AspNetCore.StaticFiles.StaticFileMiddleware[2]
      Sending file. Request path: '/MWT.Plugin.Misc.MwtStorefront/Content/js/home.js'. Physical path: 'D:\Mind web Tree\Slc4.9\Source Code\Presentation\Nop.Web\Plugins\MWT.Plugin.Misc.MwtStorefront\Content\js\home.js'
info: Microsoft.AspNetCore.Hosting.Diagnostics[1]
      Request starting HTTP/2 GET https://localhost:44376/js/public.countryselect.js - - -
info: Microsoft.AspNetCore.Hosting.Diagnostics[1]
      Request starting HTTP/2 GET https://localhost:44376/Plugins/MWT.Plugin.Misc.MwtStorefront/Content/js/public.ajaxcart.js?ver=11 - - -
info: Microsoft.AspNetCore.Hosting.Diagnostics[2]
      Request finished HTTP/2 GET https://localhost:44376/Plugins/MWT.Plugin.Misc.MwtStorefront/Content/js/home.js - 200 1597 text/javascript 86.2384ms
info: Microsoft.AspNetCore.Hosting.Diagnostics[2]
      Request finished HTTP/2 GET https://localhost:44376/images/thumbs/0424511_Living 1.jpeg - 200 0 image/jpeg 209.3849ms
info: Microsoft.AspNetCore.Hosting.Diagnostics[1]
      Request starting HTTP/2 GET https://localhost:44376/Plugins/MWT.Plugin.Misc.MwtStorefront/Content/js/common.js?ver48 - - -
info: Microsoft.AspNetCore.Hosting.Diagnostics[1]
      Request starting HTTP/2 GET https://localhost:44376/lib_npm/jquery-validation-unobtrusive/jquery.validate.unobtrusive.min.js - - -
info: Microsoft.AspNetCore.StaticFiles.StaticFileMiddleware[2]
      Sending file. Request path: '/js/public.countryselect.js'. Physical path: 'D:\Mind web Tree\Slc4.9\Source Code\Presentation\Nop.Web\wwwroot\js\public.countryselect.js'
info: Microsoft.AspNetCore.StaticFiles.StaticFileMiddleware[2]
      Sending file. Request path: '/lib_npm/jquery-ui-dist/jquery-ui.min.js'. Physical path: 'D:\Mind web Tree\Slc4.9\Source Code\Presentation\Nop.Web\wwwroot\lib_npm\jquery-ui-dist\jquery-ui.min.js'
info: Microsoft.AspNetCore.StaticFiles.StaticFileMiddleware[2]
      Sending file. Request path: '/MWT.Plugin.Misc.MwtStorefront/Content/js/common.js'. Physical path: 'D:\Mind web Tree\Slc4.9\Source Code\Presentation\Nop.Web\Plugins\MWT.Plugin.Misc.MwtStorefront\Content\js\common.js'
info: Microsoft.AspNetCore.StaticFiles.StaticFileMiddleware[2]
      Sending file. Request path: '/lib_npm/jquery-validation-unobtrusive/jquery.validate.unobtrusive.min.js'. Physical path: 'D:\Mind web Tree\Slc4.9\Source Code\Presentation\Nop.Web\wwwroot\lib_npm\jquery-validation-unobtrusive\jquery.validate.unobtrusive.min.js'
info: Microsoft.AspNetCore.StaticFiles.StaticFileMiddleware[2]
      Sending file. Request path: '/lib_npm/jquery-validation/jquery.validate.min.js'. Physical path: 'D:\Mind web Tree\Slc4.9\Source Code\Presentation\Nop.Web\wwwroot\lib_npm\jquery-validation\jquery.validate.min.js'
info: Microsoft.AspNetCore.Hosting.Diagnostics[2]
      Request finished HTTP/2 GET https://localhost:44376/lib_npm/jquery-validation-unobtrusive/jquery.validate.unobtrusive.min.js - 200 5831 text/javascript 11.8291ms
info: Microsoft.AspNetCore.Hosting.Diagnostics[1]
      Request starting HTTP/2 GET https://localhost:44376/js/public.common.js?ver=6 - - -
info: Microsoft.AspNetCore.Hosting.Diagnostics[1]
      Request starting HTTP/2 GET https://localhost:44376/Plugins/MWT.Plugin.Misc.MwtStorefront/Content/js/head.min.js - - -
info: Microsoft.AspNetCore.Hosting.Diagnostics[1]
      Request starting HTTP/2 GET https://localhost:44376/images/thumbs/0424513_Entryway 2 1.jpeg - - -
info: Microsoft.AspNetCore.Hosting.Diagnostics[1]
      Request starting HTTP/2 GET https://localhost:44376/js/public.menu.js - - -
info: Microsoft.AspNetCore.StaticFiles.StaticFileMiddleware[2]
      Sending file. Request path: '/images/thumbs/0424513_Entryway 2 1.jpeg'. Physical path: 'D:\Mind web Tree\Slc4.9\Source Code\Presentation\Nop.Web\wwwroot\images\thumbs\0424513_Entryway 2 1.jpeg'
info: Microsoft.AspNetCore.Hosting.Diagnostics[2]
      Request finished HTTP/2 GET https://localhost:44376/images/thumbs/0424513_Entryway 2 1.jpeg - 200 0 image/jpeg 31.6977ms
info: Microsoft.AspNetCore.Hosting.Diagnostics[1]
      Request starting HTTP/2 GET https://localhost:44376/images/thumbs/0424515_Mahogany 1.jpeg - - -
info: Microsoft.AspNetCore.StaticFiles.StaticFileMiddleware[2]
      Sending file. Request path: '/js/public.menu.js'. Physical path: 'D:\Mind web Tree\Slc4.9\Source Code\Presentation\Nop.Web\wwwroot\js\public.menu.js'
info: Microsoft.AspNetCore.StaticFiles.StaticFileMiddleware[2]
      Sending file. Request path: '/js/public.common.js'. Physical path: 'D:\Mind web Tree\Slc4.9\Source Code\Presentation\Nop.Web\wwwroot\js\public.common.js'
info: Microsoft.AspNetCore.Hosting.Diagnostics[1]
      Request starting HTTP/2 GET https://localhost:44376/Plugins/MWT.Nop.Plugin.MegaMenu/Scripts/MegaMenu.min.js - - -
info: Microsoft.AspNetCore.StaticFiles.StaticFileMiddleware[2]
      Sending file. Request path: '/MWT.Plugin.Misc.MwtStorefront/Content/js/head.min.js'. Physical path: 'D:\Mind web Tree\Slc4.9\Source Code\Presentation\Nop.Web\Plugins\MWT.Plugin.Misc.MwtStorefront\Content\js\head.min.js'
info: Microsoft.AspNetCore.StaticFiles.StaticFileMiddleware[2]
      Sending file. Request path: '/images/thumbs/0424515_Mahogany 1.jpeg'. Physical path: 'D:\Mind web Tree\Slc4.9\Source Code\Presentation\Nop.Web\wwwroot\images\thumbs\0424515_Mahogany 1.jpeg'
info: Microsoft.AspNetCore.Hosting.Diagnostics[1]
      Request starting HTTP/2 GET https://localhost:44376/images/thumbs/0424512_Office 1.jpeg - - -
info: Microsoft.AspNetCore.Hosting.Diagnostics[2]
      Request finished HTTP/2 GET https://localhost:44376/Plugins/MWT.Plugin.Misc.MwtStorefront/Content/js/head.min.js - 200 9688 text/javascript 96.6518ms
info: Microsoft.AspNetCore.Hosting.Diagnostics[2]
      Request finished HTTP/2 GET https://localhost:44376/js/public.menu.js - 200 470 text/javascript 66.6424ms
info: Microsoft.AspNetCore.Hosting.Diagnostics[1]
      Request starting HTTP/2 GET https://localhost:44376/_framework/aspnetcore-browser-refresh.js - - -
info: Microsoft.AspNetCore.Hosting.Diagnostics[2]
      Request finished HTTP/2 GET https://localhost:44376/js/public.common.js?ver=6 - 200 5451 text/javascript 173.9879ms
info: Microsoft.AspNetCore.Hosting.Diagnostics[1]
      Request starting HTTP/2 GET https://localhost:44376/images/thumbs/0420853_0413354_1495-(Pet-furniture-menu-Bar).jpeg - - -
info: Microsoft.AspNetCore.Hosting.Diagnostics[2]
      Request finished HTTP/2 GET https://localhost:44376/images/thumbs/0424515_Mahogany 1.jpeg - 200 0 image/jpeg 138.9376ms
info: Microsoft.AspNetCore.Hosting.Diagnostics[1]
      Request starting HTTP/2 GET https://localhost:44376/Themes/BlackWhiteTheme/Content/images/top.png - - -
info: Microsoft.AspNetCore.Hosting.Diagnostics[1]
      Request starting HTTP/2 GET https://localhost:44376/images/thumbs/0424514_Outdoor 1.jpeg - - -
info: Microsoft.AspNetCore.StaticFiles.StaticFileMiddleware[2]
      Sending file. Request path: '/images/thumbs/0420853_0413354_1495-(Pet-furniture-menu-Bar).jpeg'. Physical path: 'D:\Mind web Tree\Slc4.9\Source Code\Presentation\Nop.Web\wwwroot\images\thumbs\0420853_0413354_1495-(Pet-furniture-menu-Bar).jpeg'
info: Microsoft.AspNetCore.StaticFiles.StaticFileMiddleware[2]
      Sending file. Request path: '/MWT.Nop.Plugin.MegaMenu/Scripts/MegaMenu.min.js'. Physical path: 'D:\Mind web Tree\Slc4.9\Source Code\Presentation\Nop.Web\Plugins\MWT.Nop.Plugin.MegaMenu\Scripts\MegaMenu.min.js'
info: Microsoft.AspNetCore.Hosting.Diagnostics[2]
      Request finished HTTP/2 GET https://localhost:44376/images/thumbs/0420853_0413354_1495-(Pet-furniture-menu-Bar).jpeg - 200 0 image/jpeg 57.0138ms
info: Microsoft.AspNetCore.Hosting.Diagnostics[2]
      Request finished HTTP/2 GET https://localhost:44376/_framework/aspnetcore-browser-refresh.js - 200 16499 application/javascript;+charset=utf-8 87.6395ms
info: Microsoft.AspNetCore.Hosting.Diagnostics[2]
      Request finished HTTP/2 GET https://localhost:44376/Plugins/MWT.Nop.Plugin.MegaMenu/Scripts/MegaMenu.min.js - 200 29997 text/javascript 236.7565ms
info: Microsoft.AspNetCore.Hosting.Diagnostics[1]
      Request starting HTTP/2 GET https://localhost:44376/Plugins/MWT.Plugin.Misc.MwtStorefront/Content/js/SalesIqEvents.js - - -
info: Microsoft.AspNetCore.Hosting.Diagnostics[1]
      Request starting HTTP/2 GET https://localhost:44376/images/icons/hand-holding-dollar-solid.svg - - -
info: Microsoft.AspNetCore.Hosting.Diagnostics[1]
      Request starting HTTP/2 GET https://localhost:44376/images/uploaded/footer-lower-copyright-icon.svg - - -
info: Microsoft.AspNetCore.Hosting.Diagnostics[1]
      Request starting HTTP/2 GET https://localhost:44376/images/thumbs/default-image_450.png - - -
info: Microsoft.AspNetCore.Hosting.Diagnostics[1]
      Request starting HTTP/2 GET https://localhost:44376/images/uploaded/Vector01.png - - -
info: Microsoft.AspNetCore.StaticFiles.StaticFileMiddleware[2]
      Sending file. Request path: '/images/uploaded/footer-lower-copyright-icon.svg'. Physical path: 'D:\Mind web Tree\Slc4.9\Source Code\Presentation\Nop.Web\wwwroot\images\uploaded\footer-lower-copyright-icon.svg'
info: Microsoft.AspNetCore.StaticFiles.StaticFileMiddleware[2]
      Sending file. Request path: '/images/thumbs/default-image_450.png'. Physical path: 'D:\Mind web Tree\Slc4.9\Source Code\Presentation\Nop.Web\wwwroot\images\thumbs\default-image_450.png'
info: Microsoft.AspNetCore.Hosting.Diagnostics[2]
      Request finished HTTP/2 GET https://localhost:44376/images/thumbs/default-image_450.png - 200 17873 image/png 182.5679ms
info: Microsoft.AspNetCore.Hosting.Diagnostics[2]
      Request finished HTTP/2 GET https://localhost:44376/images/uploaded/footer-lower-copyright-icon.svg - 200 981 image/svg+xml 181.7513ms
info: Microsoft.AspNetCore.StaticFiles.StaticFileMiddleware[2]
      Sending file. Request path: '/lib_npm/jquery/jquery.min.js'. Physical path: 'D:\Mind web Tree\Slc4.9\Source Code\Presentation\Nop.Web\wwwroot\lib_npm\jquery\jquery.min.js'
info: Microsoft.AspNetCore.Hosting.Diagnostics[1]
      Request starting HTTP/2 GET https://localhost:44376/_vs/browserLink - - -
info: Microsoft.AspNetCore.StaticFiles.StaticFileMiddleware[2]
      Sending file. Request path: '/MWT.Plugin.Misc.MwtStorefront/Content/js/public.ajaxcart.js'. Physical path: 'D:\Mind web Tree\Slc4.9\Source Code\Presentation\Nop.Web\Plugins\MWT.Plugin.Misc.MwtStorefront\Content\js\public.ajaxcart.js'
info: Microsoft.AspNetCore.Hosting.Diagnostics[1]
      Request starting HTTP/2 GET https://localhost:44376/images/phone.png - - -
info: Microsoft.AspNetCore.Hosting.Diagnostics[1]
      Request starting HTTP/2 GET https://localhost:44376/Plugins/MWT.Plugin.Misc.MwtStorefront/Content/css/bootstrap.min.css.map - - -
info: Microsoft.AspNetCore.StaticFiles.StaticFileMiddleware[2]
      Sending file. Request path: '/images/uploaded/Vector01.png'. Physical path: 'D:\Mind web Tree\Slc4.9\Source Code\Presentation\Nop.Web\wwwroot\images\uploaded\Vector01.png'
info: Microsoft.AspNetCore.Hosting.Diagnostics[2]
      Request finished HTTP/2 GET https://localhost:44376/images/uploaded/Vector01.png - 200 1233 image/png 445.9463ms
info: Microsoft.AspNetCore.Hosting.Diagnostics[2]
      Request finished HTTP/2 GET https://localhost:44376/Plugins/MWT.Plugin.Misc.MwtStorefront/Content/js/public.ajaxcart.js?ver=11 - 200 11586 text/javascript 966.3494ms
info: Microsoft.AspNetCore.Hosting.Diagnostics[2]
      Request finished HTTP/2 GET https://localhost:44376/Plugins/MWT.Plugin.Misc.MwtStorefront/Content/js/common.js?ver48 - 200 61263 text/javascript 963.7372ms
info: Microsoft.AspNetCore.Hosting.Diagnostics[2]
      Request finished HTTP/2 GET https://localhost:44376/lib_npm/jquery-ui-dist/jquery-ui.min.js - 200 255089 text/javascript 1088.0643ms
info: Microsoft.AspNetCore.Hosting.Diagnostics[2]
      Request finished HTTP/2 GET https://localhost:44376/lib_npm/jquery-validation/jquery.validate.min.js - 200 24604 text/javascript 1029.1068ms
info: Microsoft.AspNetCore.StaticFiles.StaticFileMiddleware[2]
      Sending file. Request path: '/MWT.Plugin.Misc.MwtStorefront/Content/campaignassets/js/apicall.js'. Physical path: 'D:\Mind web Tree\Slc4.9\Source Code\Presentation\Nop.Web\Plugins\MWT.Plugin.Misc.MwtStorefront\Content\campaignassets\js\apicall.js'
info: Microsoft.AspNetCore.StaticFiles.StaticFileMiddleware[2]
      Sending file. Request path: '/images/thumbs/0424514_Outdoor 1.jpeg'. Physical path: 'D:\Mind web Tree\Slc4.9\Source Code\Presentation\Nop.Web\wwwroot\images\thumbs\0424514_Outdoor 1.jpeg'
info: Microsoft.AspNetCore.Hosting.Diagnostics[2]
      Request finished HTTP/2 GET https://localhost:44376/Plugins/MWT.Plugin.Misc.MwtStorefront/Content/campaignassets/js/apicall.js?ver=7 - 200 14801 text/javascript 1226.0219ms
info: Microsoft.AspNetCore.Hosting.Diagnostics[2]
      Request finished HTTP/2 GET https://localhost:44376/images/thumbs/0424514_Outdoor 1.jpeg - 200 0 image/jpeg 1034.9774ms
info: Microsoft.AspNetCore.Hosting.Diagnostics[2]
      Request finished HTTP/2 GET https://localhost:44376/js/public.countryselect.js - 200 1884 text/javascript 1321.4885ms
info: Microsoft.AspNetCore.StaticFiles.StaticFileMiddleware[2]
      Sending file. Request path: '/lib_npm/jquery-migrate/jquery-migrate.min.js'. Physical path: 'D:\Mind web Tree\Slc4.9\Source Code\Presentation\Nop.Web\wwwroot\lib_npm\jquery-migrate\jquery-migrate.min.js'
info: Microsoft.AspNetCore.StaticFiles.StaticFileMiddleware[2]
      Sending file. Request path: '/MWT.Plugin.Misc.MwtStorefront/Content/js/bootstrap.min.js'. Physical path: 'D:\Mind web Tree\Slc4.9\Source Code\Presentation\Nop.Web\Plugins\MWT.Plugin.Misc.MwtStorefront\Content\js\bootstrap.min.js'
info: Microsoft.AspNetCore.Hosting.Diagnostics[2]
      Request finished HTTP/2 GET https://localhost:44376/Plugins/MWT.Plugin.Misc.MwtStorefront/Content/js/bootstrap.min.js - 200 80502 text/javascript 1517.1183ms
info: Microsoft.AspNetCore.Hosting.Diagnostics[2]
      Request finished HTTP/2 GET https://localhost:44376/lib_npm/jquery-migrate/jquery-migrate.min.js - 200 13622 text/javascript 1519.9961ms
info: Microsoft.AspNetCore.Hosting.Diagnostics[2]
      Request finished HTTP/2 GET https://localhost:44376/.well-known/appspecific/com.chrome.devtools.json - 404 - - 2097.7235ms
info: Microsoft.AspNetCore.StaticFiles.StaticFileMiddleware[2]
      Sending file. Request path: '/images/thumbs/0424512_Office 1.jpeg'. Physical path: 'D:\Mind web Tree\Slc4.9\Source Code\Presentation\Nop.Web\wwwroot\images\thumbs\0424512_Office 1.jpeg'
info: Microsoft.AspNetCore.Hosting.Diagnostics[2]
      Request finished HTTP/2 GET https://localhost:44376/images/thumbs/0424512_Office 1.jpeg - 200 0 image/jpeg 1415.7551ms
info: Microsoft.AspNetCore.StaticFiles.StaticFileMiddleware[2]
      Sending file. Request path: '/MWT.Plugin.Misc.MwtStorefront/Content/js/SalesIqEvents.js'. Physical path: 'D:\Mind web Tree\Slc4.9\Source Code\Presentation\Nop.Web\Plugins\MWT.Plugin.Misc.MwtStorefront\Content\js\SalesIqEvents.js'
info: Microsoft.AspNetCore.StaticFiles.StaticFileMiddleware[2]
      Sending file. Request path: '/MWT.Plugin.Misc.MwtStorefront/Content/js/slick.js'. Physical path: 'D:\Mind web Tree\Slc4.9\Source Code\Presentation\Nop.Web\Plugins\MWT.Plugin.Misc.MwtStorefront\Content\js\slick.js'
info: Microsoft.AspNetCore.Hosting.Diagnostics[2]
      Request finished HTTP/2 GET https://localhost:44376/Plugins/MWT.Plugin.Misc.MwtStorefront/Content/js/SalesIqEvents.js - 200 5453 text/javascript 1291.4055ms
info: Microsoft.AspNetCore.Hosting.Diagnostics[1]
      Request starting HTTP/2 GET https://localhost:44376/Plugins/MWT.Plugin.Misc.MwtStorefront/Content/js/bootstrap.bundle.min.js.map - - -
info: Microsoft.AspNetCore.Hosting.Diagnostics[2]
      Request finished HTTP/2 GET https://localhost:44376/images/icons/hand-holding-dollar-solid.svg - 404 - - 1515.9493ms
info: Microsoft.AspNetCore.Hosting.Diagnostics[1]
      Request starting HTTP/2 GET https://localhost:44376/Plugins/MWT.Plugin.Misc.MwtStorefront/Content/images/ajax-loader.gif - - -
info: Microsoft.AspNetCore.Hosting.Diagnostics[2]
      Request finished HTTP/2 GET https://localhost:44376/Plugins/MWT.Plugin.Misc.MwtStorefront/Content/js/slick.js - 200 91966 text/javascript 1873.6238ms
info: Microsoft.AspNetCore.Hosting.Diagnostics[1]
      Request starting HTTP/2 POST https://localhost:44376/CampaignManagement/showPopup - application/x-www-form-urlencoded;+charset=UTF-8 84
info: Microsoft.AspNetCore.Hosting.Diagnostics[16]
      Request reached the end of the middleware pipeline without being handled by application code. Request path: GET https://localhost:44376/.well-known/appspecific/com.chrome.devtools.json, Response status code: 404
info: Microsoft.AspNetCore.Hosting.Diagnostics[16]
      Request reached the end of the middleware pipeline without being handled by application code. Request path: GET https://localhost:44376/images/icons/hand-holding-dollar-solid.svg, Response status code: 404
info: Microsoft.AspNetCore.Hosting.Diagnostics[2]
      Request finished HTTP/2 GET https://localhost:44376/lib_npm/jquery/jquery.min.js - 200 87535 text/javascript 1962.7236ms
info: Microsoft.AspNetCore.Hosting.Diagnostics[2]
      Request finished HTTP/2 GET https://localhost:44376/Themes/BlackWhiteTheme/Content/images/top.png - 404 - - 1701.4617ms
info: Microsoft.AspNetCore.Hosting.Diagnostics[16]
      Request reached the end of the middleware pipeline without being handled by application code. Request path: GET https://localhost:44376/Themes/BlackWhiteTheme/Content/images/top.png, Response status code: 404
info: Microsoft.AspNetCore.StaticFiles.StaticFileMiddleware[2]
      Sending file. Request path: '/MWT.Plugin.Misc.MwtStorefront/Content/images/ajax-loader.gif'. Physical path: 'D:\Mind web Tree\Slc4.9\Source Code\Presentation\Nop.Web\Plugins\MWT.Plugin.Misc.MwtStorefront\Content\images\ajax-loader.gif'
info: Microsoft.AspNetCore.Routing.EndpointMiddleware[0]
      Executing endpoint 'Nop.Web.Controllers.CommonController.GenericUrl (Nop.Web)'
info: Microsoft.AspNetCore.Hosting.Diagnostics[2]
      Request finished HTTP/2 GET https://localhost:44376/Plugins/MWT.Plugin.Misc.MwtStorefront/Content/images/ajax-loader.gif - 200 2230 image/gif 144.0621ms
info: Microsoft.AspNetCore.Hosting.Diagnostics[2]
      Request finished HTTP/2 GET https://localhost:44376/Plugins/MWT.Plugin.Misc.MwtStorefront/Content/css/bootstrap.min.css.map - 404 - - 1218.3501ms
info: Microsoft.AspNetCore.Hosting.Diagnostics[16]
      Request reached the end of the middleware pipeline without being handled by application code. Request path: GET https://localhost:44376/Plugins/MWT.Plugin.Misc.MwtStorefront/Content/css/bootstrap.min.css.map, Response status code: 404
info: Microsoft.AspNetCore.Hosting.Diagnostics[2]
      Request finished HTTP/2 GET https://localhost:44376/_vs/browserLink - 200 - text/javascript;+charset=UTF-8 1440.1386ms
info: Microsoft.AspNetCore.Mvc.Infrastructure.ControllerActionInvoker[102]
      Route matched with {action = "GenericUrl", controller = "Common", area = ""}. Executing controller action with signature Microsoft.AspNetCore.Mvc.IActionResult GenericUrl() on controller Nop.Web.Controllers.CommonController (Nop.Web).
info: Microsoft.AspNetCore.Hosting.Diagnostics[2]
      Request finished HTTP/2 GET https://localhost:44376/Plugins/MWT.Plugin.Misc.MwtStorefront/Content/js/bootstrap.bundle.min.js.map - 404 - - 637.5003ms
info: Microsoft.AspNetCore.Hosting.Diagnostics[16]
      Request reached the end of the middleware pipeline without being handled by application code. Request path: GET https://localhost:44376/Plugins/MWT.Plugin.Misc.MwtStorefront/Content/js/bootstrap.bundle.min.js.map, Response status code: 404
info: Microsoft.AspNetCore.Routing.EndpointMiddleware[0]
      Executing endpoint 'MWT.Plugin.Misc.MwtStorefront.Controllers.CampaignManagementController.ShowPopup (MWT.Plugin.Misc.MwtStorefront)'
info: Microsoft.AspNetCore.Mvc.Infrastructure.ControllerActionInvoker[105]
      Executed action Nop.Web.Controllers.CommonController.GenericUrl (Nop.Web) in 134.5474ms
info: Microsoft.AspNetCore.Routing.EndpointMiddleware[1]
      Executed endpoint 'Nop.Web.Controllers.CommonController.GenericUrl (Nop.Web)'
info: Microsoft.AspNetCore.Hosting.Diagnostics[2]
      Request finished HTTP/2 GET https://localhost:44376/images/phone.png - 404 - - 1601.5561ms
info: Microsoft.AspNetCore.Mvc.Infrastructure.ControllerActionInvoker[102]
      Route matched with {action = "ShowPopup", controller = "CampaignManagement", area = ""}. Executing controller action with signature System.Threading.Tasks.Task`1[Microsoft.AspNetCore.Mvc.IActionResult] ShowPopup(System.String, System.String, Boolean) on controller MWT.Plugin.Misc.MwtStorefront.Controllers.CampaignManagementController (MWT.Plugin.Misc.MwtStorefront).
info: Microsoft.AspNetCore.Mvc.NewtonsoftJson.NewtonsoftJsonResultExecutor[2]
      Executing JsonResult, writing value of type 'MWT.Plugin.Misc.MwtStorefront.Models.Catalog.Campaign_Management.CampaignPopupResultModel'.
info: Microsoft.AspNetCore.Mvc.Infrastructure.ControllerActionInvoker[105]
      Executed action MWT.Plugin.Misc.MwtStorefront.Controllers.CampaignManagementController.ShowPopup (MWT.Plugin.Misc.MwtStorefront) in 7.827ms
info: Microsoft.AspNetCore.Routing.EndpointMiddleware[1]
      Executed endpoint 'MWT.Plugin.Misc.MwtStorefront.Controllers.CampaignManagementController.ShowPopup (MWT.Plugin.Misc.MwtStorefront)'
info: Microsoft.AspNetCore.Hosting.Diagnostics[2]
      Request finished HTTP/2 POST https://localhost:44376/CampaignManagement/showPopup - 200 - application/json;+charset=utf-8 601.8565ms
info: System.Net.Http.HttpClient.default.LogicalHandler[100]
      Start processing HTTP request POST https://localhost:44399/scheduletask/runtask
info: System.Net.Http.HttpClient.default.ClientHandler[100]
      Sending HTTP request POST https://localhost:44399/scheduletask/runtask
info: System.Net.Http.HttpClient.default.ClientHandler[101]
      Received HTTP response headers after 10.5262ms - 404
info: System.Net.Http.HttpClient.default.LogicalHandler[101]
      End processing HTTP request after 19.108ms - 404
info: Microsoft.AspNetCore.Hosting.Diagnostics[1]
      Request starting HTTP/2 GET https://localhost:44376/logout - - -
info: Microsoft.AspNetCore.Routing.EndpointMiddleware[0]
      Executing endpoint 'Nop.Web.Controllers.CustomerController.Logout (Nop.Web)'
info: Microsoft.AspNetCore.Mvc.Infrastructure.ControllerActionInvoker[102]
      Route matched with {action = "Logout", controller = "Customer", area = ""}. Executing controller action with signature System.Threading.Tasks.Task`1[Microsoft.AspNetCore.Mvc.IActionResult] Logout() on controller Nop.Web.Controllers.CustomerController (Nop.Web).
info: Microsoft.AspNetCore.Authentication.Cookies.CookieAuthenticationHandler[11]
      AuthenticationScheme: Authentication signed out.
info: Microsoft.AspNetCore.Mvc.RedirectToRouteResult[1]
      Executing RedirectToRouteResult, redirecting to / from route Homepage.
info: Microsoft.AspNetCore.Mvc.Infrastructure.ControllerActionInvoker[105]
      Executed action Nop.Web.Controllers.CustomerController.Logout (Nop.Web) in 23.4224ms
info: Microsoft.AspNetCore.Routing.EndpointMiddleware[1]
      Executed endpoint 'Nop.Web.Controllers.CustomerController.Logout (Nop.Web)'
info: Microsoft.AspNetCore.Hosting.Diagnostics[2]
      Request finished HTTP/2 GET https://localhost:44376/logout - 302 - - 248.7198ms
info: Microsoft.AspNetCore.Hosting.Diagnostics[1]
      Request starting HTTP/2 GET https://localhost:44376/ - - -
info: Microsoft.AspNetCore.Routing.EndpointMiddleware[0]
      Executing endpoint 'Nop.Web.Controllers.HomeController.Index (Nop.Web)'
info: Microsoft.AspNetCore.Mvc.Infrastructure.ControllerActionInvoker[102]
      Route matched with {action = "Index", controller = "Home", area = ""}. Executing controller action with signature Microsoft.AspNetCore.Mvc.IActionResult Index() on controller Nop.Web.Controllers.HomeController (Nop.Web).
info: Microsoft.AspNetCore.Mvc.ViewFeatures.ViewResultExecutor[1]
      Executing ViewResult, running view Index.
info: Microsoft.AspNetCore.Mvc.ViewFeatures.ViewResultExecutor[4]
      Executed ViewResult - view Index executed in 909.3857ms.
info: Microsoft.AspNetCore.Mvc.Infrastructure.ControllerActionInvoker[105]
      Executed action Nop.Web.Controllers.HomeController.Index (Nop.Web) in 914.5362ms
info: Microsoft.AspNetCore.Routing.EndpointMiddleware[1]
      Executed endpoint 'Nop.Web.Controllers.HomeController.Index (Nop.Web)'
info: Microsoft.AspNetCore.Hosting.Diagnostics[2]
      Request finished HTTP/2 GET https://localhost:44376/ - 200 - text/html;+charset=utf-8 1189.5424ms
info: Microsoft.AspNetCore.Hosting.Diagnostics[1]
      Request starting HTTP/2 GET https://localhost:44376/.well-known/appspecific/com.chrome.devtools.json - - -
info: Microsoft.AspNetCore.Hosting.Diagnostics[1]
      Request starting HTTP/2 GET https://localhost:44376/images/icons/hand-holding-dollar-solid.svg - - -
info: Microsoft.AspNetCore.Hosting.Diagnostics[1]
      Request starting HTTP/2 GET https://localhost:44376/poster.jpg - - -
info: Microsoft.AspNetCore.Hosting.Diagnostics[1]
      Request starting HTTP/2 GET https://localhost:44376/Themes/BlackWhiteTheme/Content/images/top.png - - -
info: Microsoft.AspNetCore.Hosting.Diagnostics[1]
      Request starting HTTP/2 GET https://localhost:44376/images/phone.png - - -
info: Microsoft.AspNetCore.Hosting.Diagnostics[1]
      Request starting HTTP/2 GET https://localhost:44376/images/pixel.png - - -
info: Microsoft.AspNetCore.Hosting.Diagnostics[1]
      Request starting HTTP/2 GET https://localhost:44376/_vs/browserLink - - -
info: Microsoft.AspNetCore.Hosting.Diagnostics[1]
      Request starting HTTP/2 GET https://localhost:44376/_framework/aspnetcore-browser-refresh.js - - -
info: Microsoft.AspNetCore.Hosting.Diagnostics[1]
      Request starting HTTP/2 GET https://localhost:44376/Themes/BlackWhiteTheme/Content/fonts/anticdidone/BonaNova-Regular.woff2 - - -
info: Microsoft.AspNetCore.Hosting.Diagnostics[1]
      Request starting HTTP/2 GET https://localhost:44376/Plugins/MWT.Plugin.Misc.MwtStorefront/Content/css/bootstrap.min.css.map - - -
info: Microsoft.AspNetCore.Hosting.Diagnostics[2]
      Request finished HTTP/2 GET https://localhost:44376/_framework/aspnetcore-browser-refresh.js - 200 16499 application/javascript;+charset=utf-8 174.8621ms
info: Microsoft.AspNetCore.Hosting.Diagnostics[2]
      Request finished HTTP/2 GET https://localhost:44376/_vs/browserLink - 200 - text/javascript;+charset=UTF-8 394.5724ms
info: Microsoft.AspNetCore.Hosting.Diagnostics[1]
      Request starting HTTP/2 GET https://localhost:44376/Plugins/MWT.Plugin.Misc.MwtStorefront/Content/js/bootstrap.bundle.min.js.map - - -
info: Microsoft.AspNetCore.Hosting.Diagnostics[1]
      Request starting HTTP/2 POST https://localhost:44376/CampaignManagement/showPopup - application/x-www-form-urlencoded;+charset=UTF-8 56
info: Microsoft.AspNetCore.Routing.EndpointMiddleware[0]
      Executing endpoint 'MWT.Plugin.Misc.MwtStorefront.Controllers.CampaignManagementController.ShowPopup (MWT.Plugin.Misc.MwtStorefront)'
info: Microsoft.AspNetCore.Routing.EndpointMiddleware[0]
      Executing endpoint 'Nop.Web.Controllers.CommonController.GenericUrl (Nop.Web)'
info: Microsoft.AspNetCore.Mvc.Infrastructure.ControllerActionInvoker[102]
      Route matched with {action = "ShowPopup", controller = "CampaignManagement", area = ""}. Executing controller action with signature System.Threading.Tasks.Task`1[Microsoft.AspNetCore.Mvc.IActionResult] ShowPopup(System.String, System.String, Boolean) on controller MWT.Plugin.Misc.MwtStorefront.Controllers.CampaignManagementController (MWT.Plugin.Misc.MwtStorefront).
info: Microsoft.AspNetCore.Mvc.Infrastructure.ControllerActionInvoker[102]
      Route matched with {action = "GenericUrl", controller = "Common", area = ""}. Executing controller action with signature Microsoft.AspNetCore.Mvc.IActionResult GenericUrl() on controller Nop.Web.Controllers.CommonController (Nop.Web).
info: Microsoft.AspNetCore.Hosting.Diagnostics[2]
      Request finished HTTP/2 GET https://localhost:44376/Plugins/MWT.Plugin.Misc.MwtStorefront/Content/js/bootstrap.bundle.min.js.map - 404 - - 1458.6072ms
info: Microsoft.AspNetCore.Hosting.Diagnostics[16]
      Request reached the end of the middleware pipeline without being handled by application code. Request path: GET https://localhost:44376/Plugins/MWT.Plugin.Misc.MwtStorefront/Content/js/bootstrap.bundle.min.js.map, Response status code: 404
info: Microsoft.AspNetCore.Hosting.Diagnostics[2]
      Request finished HTTP/2 GET https://localhost:44376/Themes/BlackWhiteTheme/Content/images/top.png - 404 - - 1913.5193ms
info: Microsoft.AspNetCore.Mvc.Infrastructure.ControllerActionInvoker[105]
      Executed action Nop.Web.Controllers.CommonController.GenericUrl (Nop.Web) in 73.6691ms
info: Microsoft.AspNetCore.Hosting.Diagnostics[16]
      Request reached the end of the middleware pipeline without being handled by application code. Request path: GET https://localhost:44376/Themes/BlackWhiteTheme/Content/images/top.png, Response status code: 404
info: Microsoft.AspNetCore.Routing.EndpointMiddleware[1]
      Executed endpoint 'Nop.Web.Controllers.CommonController.GenericUrl (Nop.Web)'
info: Microsoft.AspNetCore.Hosting.Diagnostics[2]
      Request finished HTTP/2 GET https://localhost:44376/Plugins/MWT.Plugin.Misc.MwtStorefront/Content/css/bootstrap.min.css.map - 404 - - 1859.0047ms
info: Microsoft.AspNetCore.Hosting.Diagnostics[2]
      Request finished HTTP/2 GET https://localhost:44376/images/phone.png - 404 - - 1924.1508ms
info: Microsoft.AspNetCore.Hosting.Diagnostics[16]
      Request reached the end of the middleware pipeline without being handled by application code. Request path: GET https://localhost:44376/Plugins/MWT.Plugin.Misc.MwtStorefront/Content/css/bootstrap.min.css.map, Response status code: 404
info: Microsoft.AspNetCore.Hosting.Diagnostics[2]
      Request finished HTTP/2 GET https://localhost:44376/.well-known/appspecific/com.chrome.devtools.json - 404 - - 2053.3458ms
info: Microsoft.AspNetCore.Hosting.Diagnostics[16]
      Request reached the end of the middleware pipeline without being handled by application code. Request path: GET https://localhost:44376/.well-known/appspecific/com.chrome.devtools.json, Response status code: 404
info: Microsoft.AspNetCore.Routing.EndpointMiddleware[0]
      Executing endpoint 'Nop.Web.Controllers.CommonController.GenericUrl (Nop.Web)'
info: Microsoft.AspNetCore.Routing.EndpointMiddleware[0]
      Executing endpoint 'Nop.Web.Controllers.CommonController.GenericUrl (Nop.Web)'
info: Microsoft.AspNetCore.Hosting.Diagnostics[2]
      Request finished HTTP/2 GET https://localhost:44376/Themes/BlackWhiteTheme/Content/fonts/anticdidone/BonaNova-Regular.woff2 - 404 - - 1967.5369ms
info: Microsoft.AspNetCore.Hosting.Diagnostics[2]
      Request finished HTTP/2 GET https://localhost:44376/images/icons/hand-holding-dollar-solid.svg - 404 - - 2112.6879ms
info: Microsoft.AspNetCore.Hosting.Diagnostics[1]
      Request starting HTTP/2 GET https://localhost:44376/Themes/BlackWhiteTheme/Content/fonts/anticdidone/BonaNova-Regular.woff - - -
info: Microsoft.AspNetCore.Hosting.Diagnostics[16]
      Request reached the end of the middleware pipeline without being handled by application code. Request path: GET https://localhost:44376/Themes/BlackWhiteTheme/Content/fonts/anticdidone/BonaNova-Regular.woff2, Response status code: 404
info: Microsoft.AspNetCore.Hosting.Diagnostics[16]
      Request reached the end of the middleware pipeline without being handled by application code. Request path: GET https://localhost:44376/images/icons/hand-holding-dollar-solid.svg, Response status code: 404
info: Microsoft.AspNetCore.Mvc.Infrastructure.ControllerActionInvoker[102]
      Route matched with {action = "GenericUrl", controller = "Common", area = ""}. Executing controller action with signature Microsoft.AspNetCore.Mvc.IActionResult GenericUrl() on controller Nop.Web.Controllers.CommonController (Nop.Web).
info: Microsoft.AspNetCore.Mvc.Infrastructure.ControllerActionInvoker[102]
      Route matched with {action = "GenericUrl", controller = "Common", area = ""}. Executing controller action with signature Microsoft.AspNetCore.Mvc.IActionResult GenericUrl() on controller Nop.Web.Controllers.CommonController (Nop.Web).
info: Microsoft.AspNetCore.Hosting.Diagnostics[1]
      Request starting HTTP/2 GET https://localhost:44376/login?returnUrl=%2F - - -
info: Microsoft.AspNetCore.Mvc.NewtonsoftJson.NewtonsoftJsonResultExecutor[2]
      Executing JsonResult, writing value of type 'MWT.Plugin.Misc.MwtStorefront.Models.Catalog.Campaign_Management.CampaignPopupResultModel'.
info: Microsoft.AspNetCore.Mvc.Infrastructure.ControllerActionInvoker[105]
      Executed action MWT.Plugin.Misc.MwtStorefront.Controllers.CampaignManagementController.ShowPopup (MWT.Plugin.Misc.MwtStorefront) in 677.6953ms
info: Microsoft.AspNetCore.Routing.EndpointMiddleware[1]
      Executed endpoint 'MWT.Plugin.Misc.MwtStorefront.Controllers.CampaignManagementController.ShowPopup (MWT.Plugin.Misc.MwtStorefront)'
info: Microsoft.AspNetCore.Hosting.Diagnostics[2]
      Request finished HTTP/2 POST https://localhost:44376/CampaignManagement/showPopup - 200 - application/json;+charset=utf-8 2014.2174ms
info: Microsoft.AspNetCore.Mvc.Infrastructure.ControllerActionInvoker[105]
      Executed action Nop.Web.Controllers.CommonController.GenericUrl (Nop.Web) in 241.4901ms
info: Microsoft.AspNetCore.Routing.EndpointMiddleware[1]
      Executed endpoint 'Nop.Web.Controllers.CommonController.GenericUrl (Nop.Web)'
info: Microsoft.AspNetCore.Mvc.Infrastructure.ControllerActionInvoker[105]
      Executed action Nop.Web.Controllers.CommonController.GenericUrl (Nop.Web) in 246.2687ms
info: Microsoft.AspNetCore.Hosting.Diagnostics[2]
      Request finished HTTP/2 GET https://localhost:44376/poster.jpg - 404 - - 2623.8148ms
info: Microsoft.AspNetCore.Routing.EndpointMiddleware[1]
      Executed endpoint 'Nop.Web.Controllers.CommonController.GenericUrl (Nop.Web)'
info: Microsoft.AspNetCore.Hosting.Diagnostics[2]
      Request finished HTTP/2 GET https://localhost:44376/images/pixel.png - 404 - - 2650.5088ms
info: Microsoft.AspNetCore.Hosting.Diagnostics[2]
      Request finished HTTP/2 GET https://localhost:44376/Themes/BlackWhiteTheme/Content/fonts/anticdidone/BonaNova-Regular.woff - 404 - - 649.4596ms
info: Microsoft.AspNetCore.Hosting.Diagnostics[16]
      Request reached the end of the middleware pipeline without being handled by application code. Request path: GET https://localhost:44376/Themes/BlackWhiteTheme/Content/fonts/anticdidone/BonaNova-Regular.woff, Response status code: 404
info: Microsoft.AspNetCore.Routing.EndpointMiddleware[0]
      Executing endpoint 'Nop.Web.Controllers.CustomerController.Login (Nop.Web)'
info: Microsoft.AspNetCore.Mvc.Infrastructure.ControllerActionInvoker[102]
      Route matched with {action = "Login", controller = "Customer", area = ""}. Executing controller action with signature System.Threading.Tasks.Task`1[Microsoft.AspNetCore.Mvc.IActionResult] Login(System.Nullable`1[System.Boolean]) on controller Nop.Web.Controllers.CustomerController (Nop.Web).
info: Microsoft.AspNetCore.Mvc.ViewFeatures.ViewResultExecutor[1]
      Executing ViewResult, running view Login.
info: Microsoft.AspNetCore.Mvc.ViewFeatures.ViewResultExecutor[4]
      Executed ViewResult - view Login executed in 532.8371ms.
info: Microsoft.AspNetCore.Mvc.Infrastructure.ControllerActionInvoker[105]
      Executed action Nop.Web.Controllers.CustomerController.Login (Nop.Web) in 636.037ms
info: Microsoft.AspNetCore.Routing.EndpointMiddleware[1]
      Executed endpoint 'Nop.Web.Controllers.CustomerController.Login (Nop.Web)'
info: Microsoft.AspNetCore.Hosting.Diagnostics[2]
      Request finished HTTP/2 GET https://localhost:44376/login?returnUrl=%2F - 200 - text/html;+charset=utf-8 1169.8188ms
info: Microsoft.AspNetCore.Hosting.Diagnostics[1]
      Request starting HTTP/2 GET https://localhost:44376/_framework/aspnetcore-browser-refresh.js - - -
info: Microsoft.AspNetCore.Hosting.Diagnostics[1]
      Request starting HTTP/2 GET https://localhost:44376/images/phone.png - - -
info: Microsoft.AspNetCore.Hosting.Diagnostics[2]
      Request finished HTTP/2 GET https://localhost:44376/_framework/aspnetcore-browser-refresh.js - 200 16499 application/javascript;+charset=utf-8 7.7912ms
info: Microsoft.AspNetCore.Hosting.Diagnostics[1]
      Request starting HTTP/2 GET https://localhost:44376/images/icons/hand-holding-dollar-solid.svg - - -
info: Microsoft.AspNetCore.Hosting.Diagnostics[1]
      Request starting HTTP/2 GET https://localhost:44376/.well-known/appspecific/com.chrome.devtools.json - - -
info: Microsoft.AspNetCore.Hosting.Diagnostics[1]
      Request starting HTTP/2 GET https://localhost:44376/_vs/browserLink - - -
info: Microsoft.AspNetCore.Hosting.Diagnostics[1]
      Request starting HTTP/2 GET https://localhost:44376/Themes/BlackWhiteTheme/Content/images/top.png - - -
info: Microsoft.AspNetCore.Hosting.Diagnostics[1]
      Request starting HTTP/2 GET https://localhost:44376/Plugins/MWT.Plugin.Misc.MwtStorefront/Content/js/bootstrap.bundle.min.js.map - - -
info: Microsoft.AspNetCore.Hosting.Diagnostics[1]
      Request starting HTTP/2 POST https://localhost:44376/CampaignManagement/showPopup - application/x-www-form-urlencoded;+charset=UTF-8 81
info: Microsoft.AspNetCore.Hosting.Diagnostics[1]
      Request starting HTTP/2 GET https://localhost:44376/Plugins/MWT.Plugin.Misc.MwtStorefront/Content/css/bootstrap.min.css.map - - -
info: Microsoft.AspNetCore.Routing.EndpointMiddleware[0]
      Executing endpoint 'MWT.Plugin.Misc.MwtStorefront.Controllers.CampaignManagementController.ShowPopup (MWT.Plugin.Misc.MwtStorefront)'
info: Microsoft.AspNetCore.Hosting.Diagnostics[2]
      Request finished HTTP/2 GET https://localhost:44376/_vs/browserLink - 200 - text/javascript;+charset=UTF-8 974.4723ms
info: Microsoft.AspNetCore.Hosting.Diagnostics[1]
      Request starting HTTP/2 GET https://localhost:44376/.well-known/appspecific/com.chrome.devtools.json - - -
info: Microsoft.AspNetCore.Hosting.Diagnostics[2]
      Request finished HTTP/2 GET https://localhost:44376/.well-known/appspecific/com.chrome.devtools.json - 404 - - 1507.3994ms
info: Microsoft.AspNetCore.Hosting.Diagnostics[16]
      Request reached the end of the middleware pipeline without being handled by application code. Request path: GET https://localhost:44376/.well-known/appspecific/com.chrome.devtools.json, Response status code: 404
info: Microsoft.AspNetCore.Hosting.Diagnostics[2]
      Request finished HTTP/2 GET https://localhost:44376/Themes/BlackWhiteTheme/Content/images/top.png - 404 - - 1843.6999ms
info: Microsoft.AspNetCore.Hosting.Diagnostics[16]
      Request reached the end of the middleware pipeline without being handled by application code. Request path: GET https://localhost:44376/Themes/BlackWhiteTheme/Content/images/top.png, Response status code: 404
info: Microsoft.AspNetCore.Mvc.Infrastructure.ControllerActionInvoker[102]
      Route matched with {action = "ShowPopup", controller = "CampaignManagement", area = ""}. Executing controller action with signature System.Threading.Tasks.Task`1[Microsoft.AspNetCore.Mvc.IActionResult] ShowPopup(System.String, System.String, Boolean) on controller MWT.Plugin.Misc.MwtStorefront.Controllers.CampaignManagementController (MWT.Plugin.Misc.MwtStorefront).
info: Microsoft.AspNetCore.Routing.EndpointMiddleware[0]
      Executing endpoint 'Nop.Web.Controllers.CommonController.GenericUrl (Nop.Web)'
info: Microsoft.AspNetCore.Mvc.Infrastructure.ControllerActionInvoker[102]
      Route matched with {action = "GenericUrl", controller = "Common", area = ""}. Executing controller action with signature Microsoft.AspNetCore.Mvc.IActionResult GenericUrl() on controller Nop.Web.Controllers.CommonController (Nop.Web).
info: Microsoft.AspNetCore.Mvc.Infrastructure.ControllerActionInvoker[105]
      Executed action Nop.Web.Controllers.CommonController.GenericUrl (Nop.Web) in 1.4382ms
info: Microsoft.AspNetCore.Routing.EndpointMiddleware[1]
      Executed endpoint 'Nop.Web.Controllers.CommonController.GenericUrl (Nop.Web)'
info: Microsoft.AspNetCore.Hosting.Diagnostics[2]
      Request finished HTTP/2 GET https://localhost:44376/images/phone.png - 404 - - 2336.3474ms
info: Microsoft.AspNetCore.Hosting.Diagnostics[2]
      Request finished HTTP/2 GET https://localhost:44376/Plugins/MWT.Plugin.Misc.MwtStorefront/Content/js/bootstrap.bundle.min.js.map - 404 - - 2061.9524ms
info: Microsoft.AspNetCore.Hosting.Diagnostics[2]
      Request finished HTTP/2 GET https://localhost:44376/.well-known/appspecific/com.chrome.devtools.json - 404 - - 1150.5629ms
info: Microsoft.AspNetCore.Hosting.Diagnostics[16]
      Request reached the end of the middleware pipeline without being handled by application code. Request path: GET https://localhost:44376/Plugins/MWT.Plugin.Misc.MwtStorefront/Content/js/bootstrap.bundle.min.js.map, Response status code: 404
info: Microsoft.AspNetCore.Hosting.Diagnostics[16]
      Request reached the end of the middleware pipeline without being handled by application code. Request path: GET https://localhost:44376/.well-known/appspecific/com.chrome.devtools.json, Response status code: 404
info: Microsoft.AspNetCore.Mvc.NewtonsoftJson.NewtonsoftJsonResultExecutor[2]
      Executing JsonResult, writing value of type 'MWT.Plugin.Misc.MwtStorefront.Models.Catalog.Campaign_Management.CampaignPopupResultModel'.
info: Microsoft.AspNetCore.Mvc.Infrastructure.ControllerActionInvoker[105]
      Executed action MWT.Plugin.Misc.MwtStorefront.Controllers.CampaignManagementController.ShowPopup (MWT.Plugin.Misc.MwtStorefront) in 298.4808ms
info: Microsoft.AspNetCore.Routing.EndpointMiddleware[1]
      Executed endpoint 'MWT.Plugin.Misc.MwtStorefront.Controllers.CampaignManagementController.ShowPopup (MWT.Plugin.Misc.MwtStorefront)'
info: Microsoft.AspNetCore.Hosting.Diagnostics[2]
      Request finished HTTP/2 GET https://localhost:44376/Plugins/MWT.Plugin.Misc.MwtStorefront/Content/css/bootstrap.min.css.map - 404 - - 1585.2350ms
info: Microsoft.AspNetCore.Hosting.Diagnostics[16]
      Request reached the end of the middleware pipeline without being handled by application code. Request path: GET https://localhost:44376/Plugins/MWT.Plugin.Misc.MwtStorefront/Content/css/bootstrap.min.css.map, Response status code: 404
info: Microsoft.AspNetCore.Hosting.Diagnostics[2]
      Request finished HTTP/2 POST https://localhost:44376/CampaignManagement/showPopup - 200 - application/json;+charset=utf-8 2061.0545ms
info: Microsoft.AspNetCore.Hosting.Diagnostics[2]
      Request finished HTTP/2 GET https://localhost:44376/images/icons/hand-holding-dollar-solid.svg - 404 - - 2429.6388ms
info: Microsoft.AspNetCore.Hosting.Diagnostics[16]
      Request reached the end of the middleware pipeline without being handled by application code. Request path: GET https://localhost:44376/images/icons/hand-holding-dollar-solid.svg, Response status code: 404
info: Microsoft.AspNetCore.Hosting.Diagnostics[1]
      Request starting HTTP/2 GET https://localhost:44376/GoogleAuthentication/Login?provider=Google&returnUrl=/&isCheckout=false - - -
info: Microsoft.AspNetCore.Routing.EndpointMiddleware[0]
      Executing endpoint 'Nop.Plugin.ExternalAuth.Google.Controllers.GoogleAuthenticationController.Login (Nop.Plugin.ExternalAuth.Google)'
info: Microsoft.AspNetCore.Mvc.Infrastructure.ControllerActionInvoker[102]
      Route matched with {action = "Login", controller = "GoogleAuthentication", area = ""}. Executing controller action with signature System.Threading.Tasks.Task`1[Microsoft.AspNetCore.Mvc.IActionResult] Login(System.String, Boolean) on controller Nop.Plugin.ExternalAuth.Google.Controllers.GoogleAuthenticationController (Nop.Plugin.ExternalAuth.Google).
info: Microsoft.AspNetCore.Mvc.ChallengeResult[1]
      Executing ChallengeResult with authentication schemes (Google).
info: Microsoft.AspNetCore.Authentication.Google.GoogleHandler[12]
      AuthenticationScheme: Google was challenged.
info: Microsoft.AspNetCore.Mvc.Infrastructure.ControllerActionInvoker[105]
      Executed action Nop.Plugin.ExternalAuth.Google.Controllers.GoogleAuthenticationController.Login (Nop.Plugin.ExternalAuth.Google) in 121.8699ms
info: Microsoft.AspNetCore.Routing.EndpointMiddleware[1]
      Executed endpoint 'Nop.Plugin.ExternalAuth.Google.Controllers.GoogleAuthenticationController.Login (Nop.Plugin.ExternalAuth.Google)'
info: Microsoft.AspNetCore.Hosting.Diagnostics[2]
      Request finished HTTP/2 GET https://localhost:44376/GoogleAuthentication/Login?provider=Google&returnUrl=/&isCheckout=false - 302 - - 288.0658ms
info: Microsoft.AspNetCore.Hosting.Diagnostics[1]
      Request starting HTTP/2 POST https://localhost:44376/CampaignManagement/ImpressionPopup - application/x-www-form-urlencoded;+charset=UTF-8 118
info: Microsoft.AspNetCore.Routing.EndpointMiddleware[0]
      Executing endpoint 'MWT.Plugin.Misc.MwtStorefront.Controllers.CampaignManagementController.ImpressionPopup (MWT.Plugin.Misc.MwtStorefront)'
info: Microsoft.AspNetCore.Mvc.Infrastructure.ControllerActionInvoker[102]
      Route matched with {action = "ImpressionPopup", controller = "CampaignManagement", area = ""}. Executing controller action with signature System.Threading.Tasks.Task`1[Microsoft.AspNetCore.Mvc.IActionResult] ImpressionPopup(Int32, System.String, System.String, System.String, System.String, Int32, Boolean) on controller MWT.Plugin.Misc.MwtStorefront.Controllers.CampaignManagementController (MWT.Plugin.Misc.MwtStorefront).
info: Microsoft.AspNetCore.Mvc.NewtonsoftJson.NewtonsoftJsonResultExecutor[2]
      Executing JsonResult, writing value of type '<>f__AnonymousType30`1[[System.Net.HttpStatusCode, System.Net.Primitives, Version=9.0.0.0, Culture=neutral, PublicKeyToken=b03f5f7f11d50a3a]]'.
info: Microsoft.AspNetCore.Mvc.Infrastructure.ControllerActionInvoker[105]
      Executed action MWT.Plugin.Misc.MwtStorefront.Controllers.CampaignManagementController.ImpressionPopup (MWT.Plugin.Misc.MwtStorefront) in 111.231ms
info: Microsoft.AspNetCore.Routing.EndpointMiddleware[1]
      Executed endpoint 'MWT.Plugin.Misc.MwtStorefront.Controllers.CampaignManagementController.ImpressionPopup (MWT.Plugin.Misc.MwtStorefront)'
info: Microsoft.AspNetCore.Hosting.Diagnostics[2]
      Request finished HTTP/2 POST https://localhost:44376/CampaignManagement/ImpressionPopup - 200 - application/json;+charset=utf-8 546.7993ms
info: System.Net.Http.HttpClient.default.LogicalHandler[100]
      Start processing HTTP request POST https://localhost:44399/scheduletask/runtask
info: System.Net.Http.HttpClient.default.ClientHandler[100]
      Sending HTTP request POST https://localhost:44399/scheduletask/runtask
info: System.Net.Http.HttpClient.default.ClientHandler[101]
      Received HTTP response headers after 5.3512ms - 404
info: System.Net.Http.HttpClient.default.LogicalHandler[101]
      End processing HTTP request after 9.3557ms - 404
info: System.Net.Http.HttpClient.default.LogicalHandler[100]
      Start processing HTTP request POST https://localhost:44399/scheduletask/runtask
info: System.Net.Http.HttpClient.default.ClientHandler[100]
      Sending HTTP request POST https://localhost:44399/scheduletask/runtask
info: System.Net.Http.HttpClient.default.ClientHandler[101]
      Received HTTP response headers after 6.0561ms - 404
info: System.Net.Http.HttpClient.default.LogicalHandler[101]
      End processing HTTP request after 11.1584ms - 404
info: System.Net.Http.HttpClient.default.LogicalHandler[100]
      Start processing HTTP request POST https://localhost:44399/scheduletask/runtask
info: System.Net.Http.HttpClient.default.ClientHandler[100]
      Sending HTTP request POST https://localhost:44399/scheduletask/runtask
info: System.Net.Http.HttpClient.default.ClientHandler[101]
      Received HTTP response headers after 6.6835ms - 404
info: System.Net.Http.HttpClient.default.LogicalHandler[101]
      End processing HTTP request after 10.9931ms - 404
info: System.Net.Http.HttpClient.default.LogicalHandler[100]
      Start processing HTTP request POST https://localhost:44399/scheduletask/runtask
info: System.Net.Http.HttpClient.default.ClientHandler[100]
      Sending HTTP request POST https://localhost:44399/scheduletask/runtask
info: System.Net.Http.HttpClient.default.ClientHandler[101]
      Received HTTP response headers after 6.2293ms - 404
info: System.Net.Http.HttpClient.default.LogicalHandler[101]
      End processing HTTP request after 35.3077ms - 404
info: System.Net.Http.HttpClient.default.LogicalHandler[100]
      Start processing HTTP request POST https://localhost:44399/scheduletask/runtask
info: System.Net.Http.HttpClient.default.ClientHandler[100]
      Sending HTTP request POST https://localhost:44399/scheduletask/runtask
info: System.Net.Http.HttpClient.default.ClientHandler[101]
      Received HTTP response headers after 5.0463ms - 404
info: System.Net.Http.HttpClient.default.LogicalHandler[101]
      End processing HTTP request after 9.572ms - 404
info: System.Net.Http.HttpClient.default.LogicalHandler[100]
      Start processing HTTP request POST https://localhost:44399/scheduletask/runtask
info: System.Net.Http.HttpClient.default.ClientHandler[100]
      Sending HTTP request POST https://localhost:44399/scheduletask/runtask
info: System.Net.Http.HttpClient.default.ClientHandler[101]
      Received HTTP response headers after 11.5343ms - 404
info: System.Net.Http.HttpClient.default.LogicalHandler[101]
      End processing HTTP request after 15.9771ms - 404
info: System.Net.Http.HttpClient.default.LogicalHandler[100]
      Start processing HTTP request POST https://localhost:44399/scheduletask/runtask
info: System.Net.Http.HttpClient.default.ClientHandler[100]
      Sending HTTP request POST https://localhost:44399/scheduletask/runtask
info: System.Net.Http.HttpClient.default.ClientHandler[101]
      Received HTTP response headers after 6.6887ms - 404
info: System.Net.Http.HttpClient.default.LogicalHandler[101]
      End processing HTTP request after 16.0851ms - 404
info: System.Net.Http.HttpClient.default.LogicalHandler[100]
      Start processing HTTP request POST https://localhost:44399/scheduletask/runtask
info: System.Net.Http.HttpClient.default.ClientHandler[100]
      Sending HTTP request POST https://localhost:44399/scheduletask/runtask
info: System.Net.Http.HttpClient.default.ClientHandler[101]
      Received HTTP response headers after 11.2274ms - 404
info: System.Net.Http.HttpClient.default.LogicalHandler[101]
      End processing HTTP request after 45.6094ms - 404
info: System.Net.Http.HttpClient.default.LogicalHandler[100]
      Start processing HTTP request POST https://localhost:44399/scheduletask/runtask
info: System.Net.Http.HttpClient.default.ClientHandler[100]
      Sending HTTP request POST https://localhost:44399/scheduletask/runtask
info: System.Net.Http.HttpClient.default.ClientHandler[101]
      Received HTTP response headers after 12.4391ms - 404
info: System.Net.Http.HttpClient.default.LogicalHandler[101]
      End processing HTTP request after 62.9193ms - 404
info: System.Net.Http.HttpClient.default.LogicalHandler[100]
      Start processing HTTP request POST https://localhost:44399/scheduletask/runtask
info: System.Net.Http.HttpClient.default.ClientHandler[100]
      Sending HTTP request POST https://localhost:44399/scheduletask/runtask
info: System.Net.Http.HttpClient.default.ClientHandler[101]
      Received HTTP response headers after 10.0204ms - 404
info: System.Net.Http.HttpClient.default.LogicalHandler[101]
      End processing HTTP request after 20.1194ms - 404
info: System.Net.Http.HttpClient.default.LogicalHandler[100]
      Start processing HTTP request POST https://localhost:44399/scheduletask/runtask
info: System.Net.Http.HttpClient.default.ClientHandler[100]
      Sending HTTP request POST https://localhost:44399/scheduletask/runtask
info: System.Net.Http.HttpClient.default.ClientHandler[101]
      Received HTTP response headers after 13.3694ms - 404
info: System.Net.Http.HttpClient.default.LogicalHandler[101]
      End processing HTTP request after 19.818ms - 404
info: System.Net.Http.HttpClient.default.LogicalHandler[100]
      Start processing HTTP request POST https://localhost:44399/scheduletask/runtask
info: System.Net.Http.HttpClient.default.ClientHandler[100]
      Sending HTTP request POST https://localhost:44399/scheduletask/runtask
info: System.Net.Http.HttpClient.default.ClientHandler[101]
      Received HTTP response headers after 5.0756ms - 404
info: System.Net.Http.HttpClient.default.LogicalHandler[101]
      End processing HTTP request after 8.9596ms - 404
info: System.Net.Http.HttpClient.default.LogicalHandler[100]
      Start processing HTTP request POST https://localhost:44399/scheduletask/runtask
info: System.Net.Http.HttpClient.default.ClientHandler[100]
      Sending HTTP request POST https://localhost:44399/scheduletask/runtask
info: System.Net.Http.HttpClient.default.ClientHandler[101]
      Received HTTP response headers after 5.0253ms - 404
info: System.Net.Http.HttpClient.default.LogicalHandler[101]
      End processing HTTP request after 9.3346ms - 404
info: System.Net.Http.HttpClient.default.LogicalHandler[100]
      Start processing HTTP request POST https://localhost:44399/scheduletask/runtask
info: System.Net.Http.HttpClient.default.ClientHandler[100]
      Sending HTTP request POST https://localhost:44399/scheduletask/runtask
info: System.Net.Http.HttpClient.default.ClientHandler[101]
      Received HTTP response headers after 60.6204ms - 404
info: System.Net.Http.HttpClient.default.LogicalHandler[101]
      End processing HTTP request after 72.279ms - 404
info: System.Net.Http.HttpClient.default.LogicalHandler[100]
      Start processing HTTP request POST https://localhost:44399/scheduletask/runtask
info: System.Net.Http.HttpClient.default.ClientHandler[100]
      Sending HTTP request POST https://localhost:44399/scheduletask/runtask
info: System.Net.Http.HttpClient.default.ClientHandler[101]
      Received HTTP response headers after 5.847ms - 404
info: System.Net.Http.HttpClient.default.LogicalHandler[101]
      End processing HTTP request after 10.3294ms - 404
info: System.Net.Http.HttpClient.default.LogicalHandler[100]
      Start processing HTTP request POST https://localhost:44399/scheduletask/runtask
info: System.Net.Http.HttpClient.default.ClientHandler[100]
      Sending HTTP request POST https://localhost:44399/scheduletask/runtask
info: System.Net.Http.HttpClient.default.ClientHandler[101]
      Received HTTP response headers after 10.0464ms - 404
info: System.Net.Http.HttpClient.default.LogicalHandler[101]
      End processing HTTP request after 13.6688ms - 404
info: System.Net.Http.HttpClient.default.LogicalHandler[100]
      Start processing HTTP request POST https://localhost:44399/scheduletask/runtask
info: System.Net.Http.HttpClient.default.ClientHandler[100]
      Sending HTTP request POST https://localhost:44399/scheduletask/runtask
info: System.Net.Http.HttpClient.default.ClientHandler[101]
      Received HTTP response headers after 5.135ms - 404
info: System.Net.Http.HttpClient.default.LogicalHandler[101]
      End processing HTTP request after 9.1891ms - 404
info: Microsoft.AspNetCore.Hosting.Diagnostics[1]
      Request starting HTTP/2 GET https://localhost:44376/admin - - -
info: Microsoft.AspNetCore.Routing.EndpointMiddleware[0]
      Executing endpoint 'Nop.Web.Areas.Admin.Controllers.HomeController.Index (Nop.Web)'
info: Microsoft.AspNetCore.Mvc.Infrastructure.ControllerActionInvoker[102]
      Route matched with {area = "Admin", action = "Index", controller = "Home"}. Executing controller action with signature System.Threading.Tasks.Task`1[Microsoft.AspNetCore.Mvc.IActionResult] Index() on controller Nop.Web.Areas.Admin.Controllers.HomeController (Nop.Web).
info: Microsoft.AspNetCore.Mvc.Infrastructure.ControllerActionInvoker[3]
      Authorization failed for the request at filter 'Nop.Web.Framework.Mvc.Filters.AuthorizeAdminAttribute+AuthorizeAdminFilter'.
info: Microsoft.AspNetCore.Mvc.ChallengeResult[1]
      Executing ChallengeResult with authentication schemes ().
info: Microsoft.AspNetCore.Authentication.Cookies.CookieAuthenticationHandler[12]
      AuthenticationScheme: Authentication was challenged.
info: Microsoft.AspNetCore.Mvc.Infrastructure.ControllerActionInvoker[105]
      Executed action Nop.Web.Areas.Admin.Controllers.HomeController.Index (Nop.Web) in 8.1816ms
info: Microsoft.AspNetCore.Routing.EndpointMiddleware[1]
      Executed endpoint 'Nop.Web.Areas.Admin.Controllers.HomeController.Index (Nop.Web)'
info: Microsoft.AspNetCore.Hosting.Diagnostics[2]
      Request finished HTTP/2 GET https://localhost:44376/admin - 302 - - 207.8293ms
info: Microsoft.AspNetCore.Hosting.Diagnostics[1]
      Request starting HTTP/2 GET https://localhost:44376/login?returnUrl=%2Fadmin - - -
info: Microsoft.AspNetCore.Routing.EndpointMiddleware[0]
      Executing endpoint 'Nop.Web.Controllers.CustomerController.Login (Nop.Web)'
info: Microsoft.AspNetCore.Mvc.Infrastructure.ControllerActionInvoker[102]
      Route matched with {action = "Login", controller = "Customer", area = ""}. Executing controller action with signature System.Threading.Tasks.Task`1[Microsoft.AspNetCore.Mvc.IActionResult] Login(System.Nullable`1[System.Boolean]) on controller Nop.Web.Controllers.CustomerController (Nop.Web).
info: Microsoft.AspNetCore.Mvc.ViewFeatures.ViewResultExecutor[1]
      Executing ViewResult, running view Login.
info: Microsoft.AspNetCore.Mvc.ViewFeatures.ViewResultExecutor[4]
      Executed ViewResult - view Login executed in 813.0474ms.
info: Microsoft.AspNetCore.Mvc.Infrastructure.ControllerActionInvoker[105]
      Executed action Nop.Web.Controllers.CustomerController.Login (Nop.Web) in 929.0479ms
info: Microsoft.AspNetCore.Routing.EndpointMiddleware[1]
      Executed endpoint 'Nop.Web.Controllers.CustomerController.Login (Nop.Web)'
info: Microsoft.AspNetCore.Hosting.Diagnostics[2]
      Request finished HTTP/2 GET https://localhost:44376/login?returnUrl=%2Fadmin - 200 - text/html;+charset=utf-8 1130.4658ms
info: Microsoft.AspNetCore.Hosting.Diagnostics[1]
      Request starting HTTP/2 GET https://localhost:44376/_framework/aspnetcore-browser-refresh.js - - -
info: Microsoft.AspNetCore.Hosting.Diagnostics[2]
      Request finished HTTP/2 GET https://localhost:44376/_framework/aspnetcore-browser-refresh.js - 200 16499 application/javascript;+charset=utf-8 4.3249ms
info: Microsoft.AspNetCore.Hosting.Diagnostics[1]
      Request starting HTTP/2 GET https://localhost:44376/images/icons/hand-holding-dollar-solid.svg - - -
info: Microsoft.AspNetCore.Hosting.Diagnostics[1]
      Request starting HTTP/2 GET https://localhost:44376/images/phone.png - - -
info: Microsoft.AspNetCore.Hosting.Diagnostics[1]
      Request starting HTTP/2 GET https://localhost:44376/_vs/browserLink - - -
info: Microsoft.AspNetCore.Hosting.Diagnostics[1]
      Request starting HTTP/2 GET https://localhost:44376/Themes/BlackWhiteTheme/Content/images/top.png - - -
info: Microsoft.AspNetCore.Hosting.Diagnostics[2]
      Request finished HTTP/2 GET https://localhost:44376/_vs/browserLink - 200 - text/javascript;+charset=UTF-8 403.6274ms
info: Microsoft.AspNetCore.Hosting.Diagnostics[2]
      Request finished HTTP/2 GET https://localhost:44376/images/icons/hand-holding-dollar-solid.svg - 404 - - 637.8947ms
info: Microsoft.AspNetCore.Hosting.Diagnostics[16]
      Request reached the end of the middleware pipeline without being handled by application code. Request path: GET https://localhost:44376/images/icons/hand-holding-dollar-solid.svg, Response status code: 404
info: Microsoft.AspNetCore.Routing.EndpointMiddleware[0]
      Executing endpoint 'Nop.Web.Controllers.CommonController.GenericUrl (Nop.Web)'
info: Microsoft.AspNetCore.Mvc.Infrastructure.ControllerActionInvoker[102]
      Route matched with {action = "GenericUrl", controller = "Common", area = ""}. Executing controller action with signature Microsoft.AspNetCore.Mvc.IActionResult GenericUrl() on controller Nop.Web.Controllers.CommonController (Nop.Web).
info: Microsoft.AspNetCore.Hosting.Diagnostics[2]
      Request finished HTTP/2 GET https://localhost:44376/Themes/BlackWhiteTheme/Content/images/top.png - 404 - - 792.8625ms
info: Microsoft.AspNetCore.Hosting.Diagnostics[16]
      Request reached the end of the middleware pipeline without being handled by application code. Request path: GET https://localhost:44376/Themes/BlackWhiteTheme/Content/images/top.png, Response status code: 404
info: Microsoft.AspNetCore.Mvc.Infrastructure.ControllerActionInvoker[105]
      Executed action Nop.Web.Controllers.CommonController.GenericUrl (Nop.Web) in 11.1247ms
info: Microsoft.AspNetCore.Routing.EndpointMiddleware[1]
      Executed endpoint 'Nop.Web.Controllers.CommonController.GenericUrl (Nop.Web)'
info: Microsoft.AspNetCore.Hosting.Diagnostics[2]
      Request finished HTTP/2 GET https://localhost:44376/images/phone.png - 404 - - 806.2502ms
info: Microsoft.AspNetCore.Hosting.Diagnostics[1]
      Request starting HTTP/2 POST https://localhost:44376/CampaignManagement/showPopup - application/x-www-form-urlencoded;+charset=UTF-8 86
info: Microsoft.AspNetCore.Routing.EndpointMiddleware[0]
      Executing endpoint 'MWT.Plugin.Misc.MwtStorefront.Controllers.CampaignManagementController.ShowPopup (MWT.Plugin.Misc.MwtStorefront)'
info: Microsoft.AspNetCore.Mvc.Infrastructure.ControllerActionInvoker[102]
      Route matched with {action = "ShowPopup", controller = "CampaignManagement", area = ""}. Executing controller action with signature System.Threading.Tasks.Task`1[Microsoft.AspNetCore.Mvc.IActionResult] ShowPopup(System.String, System.String, Boolean) on controller MWT.Plugin.Misc.MwtStorefront.Controllers.CampaignManagementController (MWT.Plugin.Misc.MwtStorefront).
info: Microsoft.AspNetCore.Mvc.NewtonsoftJson.NewtonsoftJsonResultExecutor[2]
      Executing JsonResult, writing value of type 'MWT.Plugin.Misc.MwtStorefront.Models.Catalog.Campaign_Management.CampaignPopupResultModel'.
info: Microsoft.AspNetCore.Mvc.Infrastructure.ControllerActionInvoker[105]
      Executed action MWT.Plugin.Misc.MwtStorefront.Controllers.CampaignManagementController.ShowPopup (MWT.Plugin.Misc.MwtStorefront) in 12.9605ms
info: Microsoft.AspNetCore.Routing.EndpointMiddleware[1]
      Executed endpoint 'MWT.Plugin.Misc.MwtStorefront.Controllers.CampaignManagementController.ShowPopup (MWT.Plugin.Misc.MwtStorefront)'
info: Microsoft.AspNetCore.Hosting.Diagnostics[2]
      Request finished HTTP/2 POST https://localhost:44376/CampaignManagement/showPopup - 200 - application/json;+charset=utf-8 248.4608ms
info: Microsoft.AspNetCore.Hosting.Diagnostics[1]
      Request starting HTTP/2 POST https://localhost:44376/login?returnurl=%2Fadmin - application/x-www-form-urlencoded 2662
info: Microsoft.AspNetCore.Routing.EndpointMiddleware[0]
      Executing endpoint 'Nop.Web.Controllers.CustomerController.Login (Nop.Web)'
info: Microsoft.AspNetCore.Mvc.Infrastructure.ControllerActionInvoker[102]
      Route matched with {action = "Login", controller = "Customer", area = ""}. Executing controller action with signature System.Threading.Tasks.Task`1[Microsoft.AspNetCore.Mvc.IActionResult] Login(Nop.Web.Models.Customer.LoginModel, System.String, Boolean) on controller Nop.Web.Controllers.CustomerController (Nop.Web).
info: System.Net.Http.HttpClient.CaptchaHttpClient.LogicalHandler[100]
      Start processing HTTP request GET https://www.google.com/recaptcha/api/siteverify?*
info: System.Net.Http.HttpClient.CaptchaHttpClient.ClientHandler[100]
      Sending HTTP request GET https://www.google.com/recaptcha/api/siteverify?*
info: System.Net.Http.HttpClient.CaptchaHttpClient.ClientHandler[101]
      Received HTTP response headers after 201.3673ms - 200
info: System.Net.Http.HttpClient.CaptchaHttpClient.LogicalHandler[101]
      End processing HTTP request after 207.2074ms - 200
info: Microsoft.AspNetCore.Mvc.ViewFeatures.ViewResultExecutor[1]
      Executing ViewResult, running view Login.
info: Microsoft.AspNetCore.Mvc.ViewFeatures.ViewResultExecutor[4]
      Executed ViewResult - view Login executed in 50.0435ms.
info: Microsoft.AspNetCore.Mvc.Infrastructure.ControllerActionInvoker[105]
      Executed action Nop.Web.Controllers.CustomerController.Login (Nop.Web) in 391.244ms
info: Microsoft.AspNetCore.Routing.EndpointMiddleware[1]
      Executed endpoint 'Nop.Web.Controllers.CustomerController.Login (Nop.Web)'
info: Microsoft.AspNetCore.Hosting.Diagnostics[2]
      Request finished HTTP/2 POST https://localhost:44376/login?returnurl=%2Fadmin - 200 - text/html;+charset=utf-8 640.0927ms
info: Microsoft.AspNetCore.Hosting.Diagnostics[1]
      Request starting HTTP/2 GET https://localhost:44376/_framework/aspnetcore-browser-refresh.js - - -
info: Microsoft.AspNetCore.Hosting.Diagnostics[1]
      Request starting HTTP/2 GET https://localhost:44376/images/phone.png - - -
info: Microsoft.AspNetCore.Hosting.Diagnostics[1]
      Request starting HTTP/2 GET https://localhost:44376/Themes/BlackWhiteTheme/Content/images/top.png - - -
info: Microsoft.AspNetCore.Hosting.Diagnostics[1]
      Request starting HTTP/2 GET https://localhost:44376/_vs/browserLink - - -
info: Microsoft.AspNetCore.Hosting.Diagnostics[1]
      Request starting HTTP/2 GET https://localhost:44376/images/icons/hand-holding-dollar-solid.svg - - -
info: Microsoft.AspNetCore.Hosting.Diagnostics[2]
      Request finished HTTP/2 GET https://localhost:44376/_framework/aspnetcore-browser-refresh.js - 200 16499 application/javascript;+charset=utf-8 64.5130ms
info: Microsoft.AspNetCore.Hosting.Diagnostics[1]
      Request starting HTTP/2 POST https://localhost:44376/CampaignManagement/showPopup - application/x-www-form-urlencoded;+charset=UTF-8 86
info: Microsoft.AspNetCore.Hosting.Diagnostics[2]
      Request finished HTTP/2 GET https://localhost:44376/_vs/browserLink - 200 - text/javascript;+charset=UTF-8 548.0238ms
info: Microsoft.AspNetCore.Routing.EndpointMiddleware[0]
      Executing endpoint 'MWT.Plugin.Misc.MwtStorefront.Controllers.CampaignManagementController.ShowPopup (MWT.Plugin.Misc.MwtStorefront)'
info: Microsoft.AspNetCore.Mvc.Infrastructure.ControllerActionInvoker[102]
      Route matched with {action = "ShowPopup", controller = "CampaignManagement", area = ""}. Executing controller action with signature System.Threading.Tasks.Task`1[Microsoft.AspNetCore.Mvc.IActionResult] ShowPopup(System.String, System.String, Boolean) on controller MWT.Plugin.Misc.MwtStorefront.Controllers.CampaignManagementController (MWT.Plugin.Misc.MwtStorefront).
info: Microsoft.AspNetCore.Hosting.Diagnostics[2]
      Request finished HTTP/2 GET https://localhost:44376/images/icons/hand-holding-dollar-solid.svg - 404 - - 1020.1942ms
info: Microsoft.AspNetCore.Hosting.Diagnostics[16]
      Request reached the end of the middleware pipeline without being handled by application code. Request path: GET https://localhost:44376/images/icons/hand-holding-dollar-solid.svg, Response status code: 404
info: Microsoft.AspNetCore.Hosting.Diagnostics[2]
      Request finished HTTP/2 GET https://localhost:44376/Themes/BlackWhiteTheme/Content/images/top.png - 404 - - 1090.3421ms
info: Microsoft.AspNetCore.Hosting.Diagnostics[16]
      Request reached the end of the middleware pipeline without being handled by application code. Request path: GET https://localhost:44376/Themes/BlackWhiteTheme/Content/images/top.png, Response status code: 404
info: Microsoft.AspNetCore.Routing.EndpointMiddleware[0]
      Executing endpoint 'Nop.Web.Controllers.CommonController.GenericUrl (Nop.Web)'
info: Microsoft.AspNetCore.Mvc.NewtonsoftJson.NewtonsoftJsonResultExecutor[2]
      Executing JsonResult, writing value of type 'MWT.Plugin.Misc.MwtStorefront.Models.Catalog.Campaign_Management.CampaignPopupResultModel'.
info: Microsoft.AspNetCore.Mvc.Infrastructure.ControllerActionInvoker[102]
      Route matched with {action = "GenericUrl", controller = "Common", area = ""}. Executing controller action with signature Microsoft.AspNetCore.Mvc.IActionResult GenericUrl() on controller Nop.Web.Controllers.CommonController (Nop.Web).
info: Microsoft.AspNetCore.Mvc.Infrastructure.ControllerActionInvoker[105]
      Executed action MWT.Plugin.Misc.MwtStorefront.Controllers.CampaignManagementController.ShowPopup (MWT.Plugin.Misc.MwtStorefront) in 309.0993ms
info: Microsoft.AspNetCore.Routing.EndpointMiddleware[1]
      Executed endpoint 'MWT.Plugin.Misc.MwtStorefront.Controllers.CampaignManagementController.ShowPopup (MWT.Plugin.Misc.MwtStorefront)'
info: Microsoft.AspNetCore.Hosting.Diagnostics[2]
      Request finished HTTP/2 POST https://localhost:44376/CampaignManagement/showPopup - 200 - application/json;+charset=utf-8 1241.3403ms
info: Microsoft.AspNetCore.Mvc.Infrastructure.ControllerActionInvoker[105]
      Executed action Nop.Web.Controllers.CommonController.GenericUrl (Nop.Web) in 30.9356ms
info: Microsoft.AspNetCore.Routing.EndpointMiddleware[1]
      Executed endpoint 'Nop.Web.Controllers.CommonController.GenericUrl (Nop.Web)'
info: Microsoft.AspNetCore.Hosting.Diagnostics[2]
      Request finished HTTP/2 GET https://localhost:44376/images/phone.png - 404 - - 1389.0070ms
info: Microsoft.AspNetCore.Hosting.Diagnostics[1]
      Request starting HTTP/2 GET https://localhost:44376/GoogleAuthentication/Login?provider=Google&returnUrl=/admin&isCheckout=false - - -
info: Microsoft.AspNetCore.Routing.EndpointMiddleware[0]
      Executing endpoint 'Nop.Plugin.ExternalAuth.Google.Controllers.GoogleAuthenticationController.Login (Nop.Plugin.ExternalAuth.Google)'
info: Microsoft.AspNetCore.Mvc.Infrastructure.ControllerActionInvoker[102]
      Route matched with {action = "Login", controller = "GoogleAuthentication", area = ""}. Executing controller action with signature System.Threading.Tasks.Task`1[Microsoft.AspNetCore.Mvc.IActionResult] Login(System.String, Boolean) on controller Nop.Plugin.ExternalAuth.Google.Controllers.GoogleAuthenticationController (Nop.Plugin.ExternalAuth.Google).
info: Microsoft.AspNetCore.Mvc.ChallengeResult[1]
      Executing ChallengeResult with authentication schemes (Google).
info: Microsoft.AspNetCore.Authentication.Google.GoogleHandler[12]
      AuthenticationScheme: Google was challenged.
info: Microsoft.AspNetCore.Mvc.Infrastructure.ControllerActionInvoker[105]
      Executed action Nop.Plugin.ExternalAuth.Google.Controllers.GoogleAuthenticationController.Login (Nop.Plugin.ExternalAuth.Google) in 88.33ms
info: Microsoft.AspNetCore.Routing.EndpointMiddleware[1]
      Executed endpoint 'Nop.Plugin.ExternalAuth.Google.Controllers.GoogleAuthenticationController.Login (Nop.Plugin.ExternalAuth.Google)'
info: Microsoft.AspNetCore.Hosting.Diagnostics[2]
      Request finished HTTP/2 GET https://localhost:44376/GoogleAuthentication/Login?provider=Google&returnUrl=/admin&isCheckout=false - 302 - - 259.8440ms
info: Microsoft.AspNetCore.Hosting.Diagnostics[1]
      Request starting HTTP/2 GET https://localhost:44376/.well-known/appspecific/com.chrome.devtools.json - - -
info: Microsoft.AspNetCore.Hosting.Diagnostics[2]
      Request finished HTTP/2 GET https://localhost:44376/.well-known/appspecific/com.chrome.devtools.json - 404 - - 155.1744ms
info: Microsoft.AspNetCore.Hosting.Diagnostics[16]
      Request reached the end of the middleware pipeline without being handled by application code. Request path: GET https://localhost:44376/.well-known/appspecific/com.chrome.devtools.json, Response status code: 404
info: Microsoft.AspNetCore.Hosting.Diagnostics[1]
      Request starting HTTP/2 GET https://localhost:44376/Plugins/MWT.Plugin.Misc.MwtStorefront/Content/js/bootstrap.bundle.min.js.map - - -
info: Microsoft.AspNetCore.Hosting.Diagnostics[1]
      Request starting HTTP/2 GET https://localhost:44376/lib_npm/jquery-migrate/jquery-migrate.min.map - - -
info: Microsoft.AspNetCore.StaticFiles.StaticFileMiddleware[2]
      Sending file. Request path: '/lib_npm/jquery-migrate/jquery-migrate.min.map'. Physical path: 'D:\Mind web Tree\Slc4.9\Source Code\Presentation\Nop.Web\wwwroot\lib_npm\jquery-migrate\jquery-migrate.min.map'
info: Microsoft.AspNetCore.Hosting.Diagnostics[2]
      Request finished HTTP/2 GET https://localhost:44376/lib_npm/jquery-migrate/jquery-migrate.min.map - 200 15330 text/plain 6.6123ms
info: Microsoft.AspNetCore.Hosting.Diagnostics[1]
      Request starting HTTP/2 GET https://localhost:44376/Plugins/MWT.Plugin.Misc.MwtStorefront/Content/css/bootstrap.min.css.map - - -
info: Microsoft.AspNetCore.Hosting.Diagnostics[2]
      Request finished HTTP/2 GET https://localhost:44376/Plugins/MWT.Plugin.Misc.MwtStorefront/Content/js/bootstrap.bundle.min.js.map - 404 - - 264.5054ms
info: Microsoft.AspNetCore.Hosting.Diagnostics[16]
      Request reached the end of the middleware pipeline without being handled by application code. Request path: GET https://localhost:44376/Plugins/MWT.Plugin.Misc.MwtStorefront/Content/js/bootstrap.bundle.min.js.map, Response status code: 404
info: Microsoft.AspNetCore.Hosting.Diagnostics[2]
      Request finished HTTP/2 GET https://localhost:44376/Plugins/MWT.Plugin.Misc.MwtStorefront/Content/css/bootstrap.min.css.map - 404 - - 209.6126ms
info: Microsoft.AspNetCore.Hosting.Diagnostics[16]
      Request reached the end of the middleware pipeline without being handled by application code. Request path: GET https://localhost:44376/Plugins/MWT.Plugin.Misc.MwtStorefront/Content/css/bootstrap.min.css.map, Response status code: 404
info: Microsoft.AspNetCore.Hosting.Diagnostics[1]
      Request starting HTTP/2 POST https://localhost:44376/login?returnurl=%2Fadmin - application/x-www-form-urlencoded 2703
info: Microsoft.AspNetCore.Routing.EndpointMiddleware[0]
      Executing endpoint 'Nop.Web.Controllers.CustomerController.Login (Nop.Web)'
info: Microsoft.AspNetCore.Mvc.Infrastructure.ControllerActionInvoker[102]
      Route matched with {action = "Login", controller = "Customer", area = ""}. Executing controller action with signature System.Threading.Tasks.Task`1[Microsoft.AspNetCore.Mvc.IActionResult] Login(Nop.Web.Models.Customer.LoginModel, System.String, Boolean) on controller Nop.Web.Controllers.CustomerController (Nop.Web).
info: System.Net.Http.HttpClient.CaptchaHttpClient.LogicalHandler[100]
      Start processing HTTP request GET https://www.google.com/recaptcha/api/siteverify?*
info: System.Net.Http.HttpClient.CaptchaHttpClient.ClientHandler[100]
      Sending HTTP request GET https://www.google.com/recaptcha/api/siteverify?*
info: System.Net.Http.HttpClient.CaptchaHttpClient.ClientHandler[101]
      Received HTTP response headers after 161.7251ms - 200
info: System.Net.Http.HttpClient.CaptchaHttpClient.LogicalHandler[101]
      End processing HTTP request after 167.0347ms - 200
info: Microsoft.AspNetCore.Mvc.ViewFeatures.ViewResultExecutor[1]
      Executing ViewResult, running view Login.
info: Microsoft.AspNetCore.Mvc.ViewFeatures.ViewResultExecutor[4]
      Executed ViewResult - view Login executed in 50.3148ms.
info: Microsoft.AspNetCore.Mvc.Infrastructure.ControllerActionInvoker[105]
      Executed action Nop.Web.Controllers.CustomerController.Login (Nop.Web) in 322.7263ms
info: Microsoft.AspNetCore.Routing.EndpointMiddleware[1]
      Executed endpoint 'Nop.Web.Controllers.CustomerController.Login (Nop.Web)'
info: Microsoft.AspNetCore.Hosting.Diagnostics[2]
      Request finished HTTP/2 POST https://localhost:44376/login?returnurl=%2Fadmin - 200 - text/html;+charset=utf-8 555.3509ms
info: Microsoft.AspNetCore.Hosting.Diagnostics[1]
      Request starting HTTP/2 GET https://localhost:44376/.well-known/appspecific/com.chrome.devtools.json - - -
info: Microsoft.AspNetCore.Hosting.Diagnostics[1]
      Request starting HTTP/2 GET https://localhost:44376/Themes/BlackWhiteTheme/Content/images/top.png - - -
info: Microsoft.AspNetCore.Hosting.Diagnostics[1]
      Request starting HTTP/2 GET https://localhost:44376/_vs/browserLink - - -
info: Microsoft.AspNetCore.Hosting.Diagnostics[1]
      Request starting HTTP/2 GET https://localhost:44376/images/icons/hand-holding-dollar-solid.svg - - -
info: Microsoft.AspNetCore.Hosting.Diagnostics[1]
      Request starting HTTP/2 GET https://localhost:44376/_framework/aspnetcore-browser-refresh.js - - -
info: Microsoft.AspNetCore.Hosting.Diagnostics[1]
      Request starting HTTP/2 GET https://localhost:44376/images/phone.png - - -
info: Microsoft.AspNetCore.Hosting.Diagnostics[1]
      Request starting HTTP/2 GET https://localhost:44376/Plugins/MWT.Plugin.Misc.MwtStorefront/Content/css/bootstrap.min.css.map - - -
info: Microsoft.AspNetCore.Hosting.Diagnostics[2]
      Request finished HTTP/2 GET https://localhost:44376/_framework/aspnetcore-browser-refresh.js - 200 16499 application/javascript;+charset=utf-8 149.9991ms
info: Microsoft.AspNetCore.Hosting.Diagnostics[1]
      Request starting HTTP/2 GET https://localhost:44376/Plugins/MWT.Plugin.Misc.MwtStorefront/Content/js/bootstrap.bundle.min.js.map - - -
info: Microsoft.AspNetCore.Hosting.Diagnostics[1]
      Request starting HTTP/2 POST https://localhost:44376/CampaignManagement/showPopup - application/x-www-form-urlencoded;+charset=UTF-8 86
info: Microsoft.AspNetCore.Hosting.Diagnostics[2]
      Request finished HTTP/2 GET https://localhost:44376/_vs/browserLink - 200 - text/javascript;+charset=UTF-8 629.9821ms
info: Microsoft.AspNetCore.Routing.EndpointMiddleware[0]
      Executing endpoint 'MWT.Plugin.Misc.MwtStorefront.Controllers.CampaignManagementController.ShowPopup (MWT.Plugin.Misc.MwtStorefront)'
info: Microsoft.AspNetCore.Hosting.Diagnostics[1]
      Request starting HTTP/2 GET https://localhost:44376/icons/icons_0/favicon-16x16.ico - - -
info: Microsoft.AspNetCore.Hosting.Diagnostics[2]
      Request finished HTTP/2 GET https://localhost:44376/Plugins/MWT.Plugin.Misc.MwtStorefront/Content/css/bootstrap.min.css.map - 404 - - 1305.6287ms
info: Microsoft.AspNetCore.Hosting.Diagnostics[16]
      Request reached the end of the middleware pipeline without being handled by application code. Request path: GET https://localhost:44376/Plugins/MWT.Plugin.Misc.MwtStorefront/Content/css/bootstrap.min.css.map, Response status code: 404
info: Microsoft.AspNetCore.Hosting.Diagnostics[2]
      Request finished HTTP/2 GET https://localhost:44376/images/icons/hand-holding-dollar-solid.svg - 404 - - 1529.8753ms
info: Microsoft.AspNetCore.Hosting.Diagnostics[16]
      Request reached the end of the middleware pipeline without being handled by application code. Request path: GET https://localhost:44376/images/icons/hand-holding-dollar-solid.svg, Response status code: 404
info: Microsoft.AspNetCore.Mvc.Infrastructure.ControllerActionInvoker[102]
      Route matched with {action = "ShowPopup", controller = "CampaignManagement", area = ""}. Executing controller action with signature System.Threading.Tasks.Task`1[Microsoft.AspNetCore.Mvc.IActionResult] ShowPopup(System.String, System.String, Boolean) on controller MWT.Plugin.Misc.MwtStorefront.Controllers.CampaignManagementController (MWT.Plugin.Misc.MwtStorefront).
info: Microsoft.AspNetCore.Hosting.Diagnostics[2]
      Request finished HTTP/2 GET https://localhost:44376/.well-known/appspecific/com.chrome.devtools.json - 404 - - 1978.6395ms
info: Microsoft.AspNetCore.Hosting.Diagnostics[16]
      Request reached the end of the middleware pipeline without being handled by application code. Request path: GET https://localhost:44376/.well-known/appspecific/com.chrome.devtools.json, Response status code: 404
info: Microsoft.AspNetCore.Hosting.Diagnostics[1]
      Request starting HTTP/2 GET https://localhost:44376/.well-known/appspecific/com.chrome.devtools.json - - -
info: Microsoft.AspNetCore.Hosting.Diagnostics[2]
      Request finished HTTP/2 GET https://localhost:44376/Themes/BlackWhiteTheme/Content/images/top.png - 404 - - 1956.8861ms
info: Microsoft.AspNetCore.Hosting.Diagnostics[16]
      Request reached the end of the middleware pipeline without being handled by application code. Request path: GET https://localhost:44376/Themes/BlackWhiteTheme/Content/images/top.png, Response status code: 404
info: Microsoft.AspNetCore.Hosting.Diagnostics[2]
      Request finished HTTP/2 GET https://localhost:44376/icons/icons_0/favicon-16x16.ico - 404 - - 1050.3119ms
info: Microsoft.AspNetCore.Hosting.Diagnostics[16]
      Request reached the end of the middleware pipeline without being handled by application code. Request path: GET https://localhost:44376/icons/icons_0/favicon-16x16.ico, Response status code: 404
info: Microsoft.AspNetCore.Hosting.Diagnostics[1]
      Request starting HTTP/2 GET https://localhost:44376/https://localhost:44369/favicon.ico - - -
info: Microsoft.AspNetCore.Hosting.Diagnostics[2]
      Request finished HTTP/2 GET https://localhost:44376/Plugins/MWT.Plugin.Misc.MwtStorefront/Content/js/bootstrap.bundle.min.js.map - 404 - - 2034.8882ms
info: Microsoft.AspNetCore.Hosting.Diagnostics[16]
      Request reached the end of the middleware pipeline without being handled by application code. Request path: GET https://localhost:44376/Plugins/MWT.Plugin.Misc.MwtStorefront/Content/js/bootstrap.bundle.min.js.map, Response status code: 404
info: Microsoft.AspNetCore.Routing.EndpointMiddleware[0]
      Executing endpoint 'Nop.Web.Controllers.CommonController.GenericUrl (Nop.Web)'
info: Microsoft.AspNetCore.Mvc.NewtonsoftJson.NewtonsoftJsonResultExecutor[2]
      Executing JsonResult, writing value of type 'MWT.Plugin.Misc.MwtStorefront.Models.Catalog.Campaign_Management.CampaignPopupResultModel'.
info: Microsoft.AspNetCore.Mvc.Infrastructure.ControllerActionInvoker[105]
      Executed action MWT.Plugin.Misc.MwtStorefront.Controllers.CampaignManagementController.ShowPopup (MWT.Plugin.Misc.MwtStorefront) in 755.6085ms
info: Microsoft.AspNetCore.Routing.EndpointMiddleware[1]
      Executed endpoint 'MWT.Plugin.Misc.MwtStorefront.Controllers.CampaignManagementController.ShowPopup (MWT.Plugin.Misc.MwtStorefront)'
info: Microsoft.AspNetCore.Hosting.Diagnostics[2]
      Request finished HTTP/2 POST https://localhost:44376/CampaignManagement/showPopup - 200 - application/json;+charset=utf-8 2214.2541ms
info: Microsoft.AspNetCore.Hosting.Diagnostics[2]
      Request finished HTTP/2 GET https://localhost:44376/.well-known/appspecific/com.chrome.devtools.json - 404 - - 640.7522ms
info: Microsoft.AspNetCore.Hosting.Diagnostics[16]
      Request reached the end of the middleware pipeline without being handled by application code. Request path: GET https://localhost:44376/.well-known/appspecific/com.chrome.devtools.json, Response status code: 404
info: Microsoft.AspNetCore.Mvc.Infrastructure.ControllerActionInvoker[102]
      Route matched with {action = "GenericUrl", controller = "Common", area = ""}. Executing controller action with signature Microsoft.AspNetCore.Mvc.IActionResult GenericUrl() on controller Nop.Web.Controllers.CommonController (Nop.Web).
info: Microsoft.AspNetCore.Hosting.Diagnostics[2]
      Request finished HTTP/2 GET https://localhost:44376/https://localhost:44369/favicon.ico - 404 - - 356.2268ms
info: Microsoft.AspNetCore.Hosting.Diagnostics[16]
      Request reached the end of the middleware pipeline without being handled by application code. Request path: GET https://localhost:44376/https://localhost:44369/favicon.ico, Response status code: 404
info: Microsoft.AspNetCore.Mvc.Infrastructure.ControllerActionInvoker[105]
      Executed action Nop.Web.Controllers.CommonController.GenericUrl (Nop.Web) in 15.492ms
info: Microsoft.AspNetCore.Routing.EndpointMiddleware[1]
      Executed endpoint 'Nop.Web.Controllers.CommonController.GenericUrl (Nop.Web)'
info: Microsoft.AspNetCore.Hosting.Diagnostics[2]
      Request finished HTTP/2 GET https://localhost:44376/images/phone.png - 404 - - 2594.1152ms
info: Microsoft.AspNetCore.Hosting.Diagnostics[1]
      Request starting HTTP/2 GET https://localhost:44376/icons/icons_0/favicon-16x16.ico - - -
info: Microsoft.AspNetCore.Hosting.Diagnostics[2]
      Request finished HTTP/2 GET https://localhost:44376/icons/icons_0/favicon-16x16.ico - 404 - - 186.1900ms
info: Microsoft.AspNetCore.Hosting.Diagnostics[16]
      Request reached the end of the middleware pipeline without being handled by application code. Request path: GET https://localhost:44376/icons/icons_0/favicon-16x16.ico, Response status code: 404
info: Microsoft.AspNetCore.Hosting.Diagnostics[1]
      Request starting HTTP/2 GET https://localhost:44376/https://localhost:44369/favicon.ico - - -
info: Microsoft.AspNetCore.Hosting.Diagnostics[2]
      Request finished HTTP/2 GET https://localhost:44376/https://localhost:44369/favicon.ico - 404 - - 139.7228ms
info: Microsoft.AspNetCore.Hosting.Diagnostics[16]
      Request reached the end of the middleware pipeline without being handled by application code. Request path: GET https://localhost:44376/https://localhost:44369/favicon.ico, Response status code: 404
info: System.Net.Http.HttpClient.default.LogicalHandler[100]
      Start processing HTTP request POST https://localhost:44399/scheduletask/runtask
info: System.Net.Http.HttpClient.default.ClientHandler[100]
      Sending HTTP request POST https://localhost:44399/scheduletask/runtask
info: System.Net.Http.HttpClient.default.ClientHandler[101]
      Received HTTP response headers after 5.9893ms - 404
info: System.Net.Http.HttpClient.default.LogicalHandler[101]
      End processing HTTP request after 9.936ms - 404
info: Microsoft.AspNetCore.Hosting.Diagnostics[1]
      Request starting HTTP/2 POST https://localhost:44376/login?returnurl=%2Fadmin - application/x-www-form-urlencoded 2716
info: Microsoft.AspNetCore.Routing.EndpointMiddleware[0]
      Executing endpoint 'Nop.Web.Controllers.CustomerController.Login (Nop.Web)'
info: Microsoft.AspNetCore.Mvc.Infrastructure.ControllerActionInvoker[102]
      Route matched with {action = "Login", controller = "Customer", area = ""}. Executing controller action with signature System.Threading.Tasks.Task`1[Microsoft.AspNetCore.Mvc.IActionResult] Login(Nop.Web.Models.Customer.LoginModel, System.String, Boolean) on controller Nop.Web.Controllers.CustomerController (Nop.Web).
info: System.Net.Http.HttpClient.CaptchaHttpClient.LogicalHandler[100]
      Start processing HTTP request GET https://www.google.com/recaptcha/api/siteverify?*
info: System.Net.Http.HttpClient.CaptchaHttpClient.ClientHandler[100]
      Sending HTTP request GET https://www.google.com/recaptcha/api/siteverify?*
info: System.Net.Http.HttpClient.CaptchaHttpClient.ClientHandler[101]
      Received HTTP response headers after 131.6708ms - 200
info: System.Net.Http.HttpClient.CaptchaHttpClient.LogicalHandler[101]
      End processing HTTP request after 135.562ms - 200
info: Microsoft.AspNetCore.Authentication.Cookies.CookieAuthenticationHandler[10]
      AuthenticationScheme: Authentication signed in.
info: Microsoft.AspNetCore.Mvc.Infrastructure.RedirectResultExecutor[1]
      Executing RedirectResult, redirecting to /admin.
info: Microsoft.AspNetCore.Mvc.Infrastructure.ControllerActionInvoker[105]
      Executed action Nop.Web.Controllers.CustomerController.Login (Nop.Web) in 254.488ms
info: Microsoft.AspNetCore.Routing.EndpointMiddleware[1]
      Executed endpoint 'Nop.Web.Controllers.CustomerController.Login (Nop.Web)'
info: Microsoft.AspNetCore.Hosting.Diagnostics[2]
      Request finished HTTP/2 POST https://localhost:44376/login?returnurl=%2Fadmin - 302 - - 455.7135ms
info: Microsoft.AspNetCore.Hosting.Diagnostics[1]
      Request starting HTTP/2 GET https://localhost:44376/admin - - -
info: Microsoft.AspNetCore.Routing.EndpointMiddleware[0]
      Executing endpoint 'Nop.Web.Areas.Admin.Controllers.HomeController.Index (Nop.Web)'
info: Microsoft.AspNetCore.Mvc.Infrastructure.ControllerActionInvoker[102]
      Route matched with {area = "Admin", action = "Index", controller = "Home"}. Executing controller action with signature System.Threading.Tasks.Task`1[Microsoft.AspNetCore.Mvc.IActionResult] Index() on controller Nop.Web.Areas.Admin.Controllers.HomeController (Nop.Web).
info: Microsoft.AspNetCore.Mvc.ViewFeatures.ViewResultExecutor[1]
      Executing ViewResult, running view Index.
info: System.Net.Http.HttpClient.NopHttpClient.LogicalHandler[100]
      Start processing HTTP request GET https://www.nopcommerce.com/nopcommerce-news-rss?*
info: System.Net.Http.HttpClient.NopHttpClient.ClientHandler[100]
      Sending HTTP request GET https://www.nopcommerce.com/nopcommerce-news-rss?*
info: System.Net.Http.HttpClient.NopHttpClient.ClientHandler[101]
      Received HTTP response headers after 350.8925ms - 200
info: System.Net.Http.HttpClient.NopHttpClient.LogicalHandler[101]
      End processing HTTP request after 355.566ms - 200
info: Microsoft.AspNetCore.Mvc.ViewFeatures.ViewResultExecutor[4]
      Executed ViewResult - view Index executed in 1201.4606ms.
info: Microsoft.AspNetCore.Mvc.Infrastructure.ControllerActionInvoker[105]
      Executed action Nop.Web.Areas.Admin.Controllers.HomeController.Index (Nop.Web) in 1512.2081ms
info: Microsoft.AspNetCore.Routing.EndpointMiddleware[1]
      Executed endpoint 'Nop.Web.Areas.Admin.Controllers.HomeController.Index (Nop.Web)'
info: Microsoft.AspNetCore.Hosting.Diagnostics[2]
      Request finished HTTP/2 GET https://localhost:44376/admin - 200 - text/html;+charset=utf-8 1650.1931ms
info: Microsoft.AspNetCore.Hosting.Diagnostics[1]
      Request starting HTTP/2 GET https://localhost:44376/lib_npm/ionicons/css/ionicons.min.css - - -
info: Microsoft.AspNetCore.Hosting.Diagnostics[1]
      Request starting HTTP/2 GET https://localhost:44376/lib_npm/bootstrap-touchspin/jquery.bootstrap-touchspin.min.css - - -
info: Microsoft.AspNetCore.Hosting.Diagnostics[1]
      Request starting HTTP/2 GET https://localhost:44376/lib_npm/@fortawesome/fontawesome-free/css/all.min.css - - -
info: Microsoft.AspNetCore.StaticFiles.StaticFileMiddleware[2]
      Sending file. Request path: '/lib_npm/bootstrap-touchspin/jquery.bootstrap-touchspin.min.css'. Physical path: 'D:\Mind web Tree\Slc4.9\Source Code\Presentation\Nop.Web\wwwroot\lib_npm\bootstrap-touchspin\jquery.bootstrap-touchspin.min.css'
info: Microsoft.AspNetCore.Hosting.Diagnostics[2]
      Request finished HTTP/2 GET https://localhost:44376/lib_npm/bootstrap-touchspin/jquery.bootstrap-touchspin.min.css - 200 444 text/css 21.1847ms
info: Microsoft.AspNetCore.Hosting.Diagnostics[1]
      Request starting HTTP/2 GET https://localhost:44376/lib_npm/overlayscrollbars/styles/overlayscrollbars.min.css - - -
info: Microsoft.AspNetCore.Hosting.Diagnostics[1]
      Request starting HTTP/2 GET https://localhost:44376/Plugins/MWT.Plugin.Misc.MwtStorefront/Content/campaignassets/custom-styles.css - - -
info: Microsoft.AspNetCore.Hosting.Diagnostics[1]
      Request starting HTTP/2 GET https://localhost:44376/lib_npm/admin-lte/css/adminlte.min.css - - -
info: Microsoft.AspNetCore.Hosting.Diagnostics[1]
      Request starting HTTP/2 GET https://localhost:44376/css/admin/styles.css - - -
info: Microsoft.AspNetCore.StaticFiles.StaticFileMiddleware[2]
      Sending file. Request path: '/lib_npm/@fortawesome/fontawesome-free/css/all.min.css'. Physical path: 'D:\Mind web Tree\Slc4.9\Source Code\Presentation\Nop.Web\wwwroot\lib_npm\@fortawesome\fontawesome-free\css\all.min.css'
info: Microsoft.AspNetCore.StaticFiles.StaticFileMiddleware[2]
      Sending file. Request path: '/lib_npm/ionicons/css/ionicons.min.css'. Physical path: 'D:\Mind web Tree\Slc4.9\Source Code\Presentation\Nop.Web\wwwroot\lib_npm\ionicons\css\ionicons.min.css'
info: Microsoft.AspNetCore.Hosting.Diagnostics[2]
      Request finished HTTP/2 GET https://localhost:44376/lib_npm/@fortawesome/fontawesome-free/css/all.min.css - 200 74328 text/css 125.2026ms
info: Microsoft.AspNetCore.Hosting.Diagnostics[1]
      Request starting HTTP/2 GET https://localhost:44376/lib_npm/admin-lte/plugins/select2/css/select2.min.css - - -
info: Microsoft.AspNetCore.Hosting.Diagnostics[1]
      Request starting HTTP/2 GET https://localhost:44376/lib_npm/datatables.net-buttons-bs4/css/buttons.bootstrap4.min.css - - -
info: Microsoft.AspNetCore.StaticFiles.StaticFileMiddleware[2]
      Sending file. Request path: '/lib_npm/overlayscrollbars/styles/overlayscrollbars.min.css'. Physical path: 'D:\Mind web Tree\Slc4.9\Source Code\Presentation\Nop.Web\wwwroot\lib_npm\overlayscrollbars\styles\overlayscrollbars.min.css'
info: Microsoft.AspNetCore.Hosting.Diagnostics[2]
      Request finished HTTP/2 GET https://localhost:44376/lib_npm/overlayscrollbars/styles/overlayscrollbars.min.css - 200 13210 text/css 110.6584ms
info: Microsoft.AspNetCore.Hosting.Diagnostics[1]
      Request starting HTTP/2 GET https://localhost:44376/lib_npm/admin-lte/js/adminlte.min.js - - -
info: Microsoft.AspNetCore.StaticFiles.StaticFileMiddleware[2]
      Sending file. Request path: '/css/admin/styles.css'. Physical path: 'D:\Mind web Tree\Slc4.9\Source Code\Presentation\Nop.Web\wwwroot\css\admin\styles.css'
info: Microsoft.AspNetCore.StaticFiles.StaticFileMiddleware[2]
      Sending file. Request path: '/lib_npm/datatables.net-buttons-bs4/css/buttons.bootstrap4.min.css'. Physical path: 'D:\Mind web Tree\Slc4.9\Source Code\Presentation\Nop.Web\wwwroot\lib_npm\datatables.net-buttons-bs4\css\buttons.bootstrap4.min.css'
info: Microsoft.AspNetCore.Hosting.Diagnostics[1]
      Request starting HTTP/2 GET https://localhost:44376/lib_npm/bootstrap/js/bootstrap.bundle.min.js - - -
info: Microsoft.AspNetCore.Hosting.Diagnostics[2]
      Request finished HTTP/2 GET https://localhost:44376/lib_npm/datatables.net-buttons-bs4/css/buttons.bootstrap4.min.css - 200 7745 text/css 73.3464ms
info: Microsoft.AspNetCore.StaticFiles.StaticFileMiddleware[2]
      Sending file. Request path: '/lib_npm/admin-lte/plugins/select2/css/select2.min.css'. Physical path: 'D:\Mind web Tree\Slc4.9\Source Code\Presentation\Nop.Web\wwwroot\lib_npm\admin-lte\plugins\select2\css\select2.min.css'
info: Microsoft.AspNetCore.Hosting.Diagnostics[1]
      Request starting HTTP/2 GET https://localhost:44376/lib_npm/cldrjs/cldr.js - - -
info: Microsoft.AspNetCore.Hosting.Diagnostics[2]
      Request finished HTTP/2 GET https://localhost:44376/lib_npm/admin-lte/plugins/select2/css/select2.min.css - 200 14967 text/css 84.1956ms
info: Microsoft.AspNetCore.StaticFiles.StaticFileMiddleware[2]
      Sending file. Request path: '/MWT.Plugin.Misc.MwtStorefront/Content/campaignassets/custom-styles.css'. Physical path: 'D:\Mind web Tree\Slc4.9\Source Code\Presentation\Nop.Web\Plugins\MWT.Plugin.Misc.MwtStorefront\Content\campaignassets\custom-styles.css'
info: Microsoft.AspNetCore.Hosting.Diagnostics[1]
      Request starting HTTP/2 GET https://localhost:44376/lib_npm/admin-lte/plugins/select2/js/select2.full.min.js - - -
info: Microsoft.AspNetCore.Hosting.Diagnostics[1]
      Request starting HTTP/2 GET https://localhost:44376/lib_npm/bootstrap-touchspin/jquery.bootstrap-touchspin.min.js - - -
info: Microsoft.AspNetCore.StaticFiles.StaticFileMiddleware[2]
      Sending file. Request path: '/lib_npm/admin-lte/js/adminlte.min.js'. Physical path: 'D:\Mind web Tree\Slc4.9\Source Code\Presentation\Nop.Web\wwwroot\lib_npm\admin-lte\js\adminlte.min.js'
info: Microsoft.AspNetCore.Hosting.Diagnostics[1]
      Request starting HTTP/2 GET https://localhost:44376/lib_npm/cldrjs/cldr/event.js - - -
info: Microsoft.AspNetCore.Hosting.Diagnostics[1]
      Request starting HTTP/2 GET https://localhost:44376/lib_npm/cldrjs/cldr/supplemental.js - - -
info: Microsoft.AspNetCore.StaticFiles.StaticFileMiddleware[2]
      Sending file. Request path: '/lib_npm/bootstrap/js/bootstrap.bundle.min.js'. Physical path: 'D:\Mind web Tree\Slc4.9\Source Code\Presentation\Nop.Web\wwwroot\lib_npm\bootstrap\js\bootstrap.bundle.min.js'
info: Microsoft.AspNetCore.StaticFiles.StaticFileMiddleware[2]
      Sending file. Request path: '/lib_npm/cldrjs/cldr.js'. Physical path: 'D:\Mind web Tree\Slc4.9\Source Code\Presentation\Nop.Web\wwwroot\lib_npm\cldrjs\cldr.js'
info: Microsoft.AspNetCore.Hosting.Diagnostics[1]
      Request starting HTTP/2 GET https://localhost:44376/lib_npm/globalize/globalize.js - - -
info: Microsoft.AspNetCore.Hosting.Diagnostics[2]
      Request finished HTTP/2 GET https://localhost:44376/lib_npm/cldrjs/cldr.js - 200 18503 text/javascript 75.0261ms
info: Microsoft.AspNetCore.Hosting.Diagnostics[1]
      Request starting HTTP/2 GET https://localhost:44376/lib_npm/globalize/globalize/number.js - - -
info: Microsoft.AspNetCore.StaticFiles.StaticFileMiddleware[2]
      Sending file. Request path: '/lib_npm/cldrjs/cldr/event.js'. Physical path: 'D:\Mind web Tree\Slc4.9\Source Code\Presentation\Nop.Web\wwwroot\lib_npm\cldrjs\cldr\event.js'
info: Microsoft.AspNetCore.Hosting.Diagnostics[2]
      Request finished HTTP/2 GET https://localhost:44376/lib_npm/cldrjs/cldr/event.js - 200 19183 text/javascript 61.2395ms
info: Microsoft.AspNetCore.StaticFiles.StaticFileMiddleware[2]
      Sending file. Request path: '/lib_npm/bootstrap-touchspin/jquery.bootstrap-touchspin.min.js'. Physical path: 'D:\Mind web Tree\Slc4.9\Source Code\Presentation\Nop.Web\wwwroot\lib_npm\bootstrap-touchspin\jquery.bootstrap-touchspin.min.js'
info: Microsoft.AspNetCore.StaticFiles.StaticFileMiddleware[2]
      Sending file. Request path: '/lib_npm/cldrjs/cldr/supplemental.js'. Physical path: 'D:\Mind web Tree\Slc4.9\Source Code\Presentation\Nop.Web\wwwroot\lib_npm\cldrjs\cldr\supplemental.js'
info: Microsoft.AspNetCore.Hosting.Diagnostics[2]
      Request finished HTTP/2 GET https://localhost:44376/lib_npm/cldrjs/cldr/supplemental.js - 200 2504 text/javascript 90.1770ms
info: Microsoft.AspNetCore.Hosting.Diagnostics[2]
      Request finished HTTP/2 GET https://localhost:44376/lib_npm/bootstrap-touchspin/jquery.bootstrap-touchspin.min.js - 200 11294 text/javascript 105.6932ms
info: Microsoft.AspNetCore.StaticFiles.StaticFileMiddleware[2]
      Sending file. Request path: '/lib_npm/globalize/globalize/number.js'. Physical path: 'D:\Mind web Tree\Slc4.9\Source Code\Presentation\Nop.Web\wwwroot\lib_npm\globalize\globalize\number.js'
info: Microsoft.AspNetCore.StaticFiles.StaticFileMiddleware[2]
      Sending file. Request path: '/lib_npm/admin-lte/plugins/select2/js/select2.full.min.js'. Physical path: 'D:\Mind web Tree\Slc4.9\Source Code\Presentation\Nop.Web\wwwroot\lib_npm\admin-lte\plugins\select2\js\select2.full.min.js'
info: Microsoft.AspNetCore.StaticFiles.StaticFileMiddleware[2]
      Sending file. Request path: '/lib_npm/globalize/globalize.js'. Physical path: 'D:\Mind web Tree\Slc4.9\Source Code\Presentation\Nop.Web\wwwroot\lib_npm\globalize\globalize.js'
info: Microsoft.AspNetCore.Hosting.Diagnostics[1]
      Request starting HTTP/2 GET https://localhost:44376/lib_npm/globalize/globalize/currency.js - - -
info: Microsoft.AspNetCore.Hosting.Diagnostics[1]
      Request starting HTTP/2 GET https://localhost:44376/js/admin.common.js - - -
info: Microsoft.AspNetCore.Hosting.Diagnostics[1]
      Request starting HTTP/2 GET https://localhost:44376/js/admin.navigation.js - - -
info: Microsoft.AspNetCore.Hosting.Diagnostics[1]
      Request starting HTTP/2 GET https://localhost:44376/lib_npm/datatables.net-bs4/js/dataTables.bootstrap4.min.js - - -
info: Microsoft.AspNetCore.Hosting.Diagnostics[1]
      Request starting HTTP/2 GET https://localhost:44376/js/admin.search.js - - -
info: Microsoft.AspNetCore.Hosting.Diagnostics[2]
      Request finished HTTP/2 GET https://localhost:44376/lib_npm/globalize/globalize.js - 200 11424 text/javascript 226.3544ms
info: Microsoft.AspNetCore.Hosting.Diagnostics[1]
      Request starting HTTP/2 GET https://localhost:44376/lib_npm/datatables.net/js/dataTables.min.js - - -
info: Microsoft.AspNetCore.StaticFiles.StaticFileMiddleware[2]
      Sending file. Request path: '/lib_npm/datatables.net-bs4/js/dataTables.bootstrap4.min.js'. Physical path: 'D:\Mind web Tree\Slc4.9\Source Code\Presentation\Nop.Web\wwwroot\lib_npm\datatables.net-bs4\js\dataTables.bootstrap4.min.js'
info: Microsoft.AspNetCore.StaticFiles.StaticFileMiddleware[2]
      Sending file. Request path: '/js/admin.navigation.js'. Physical path: 'D:\Mind web Tree\Slc4.9\Source Code\Presentation\Nop.Web\wwwroot\js\admin.navigation.js'
info: Microsoft.AspNetCore.StaticFiles.StaticFileMiddleware[2]
      Sending file. Request path: '/js/admin.common.js'. Physical path: 'D:\Mind web Tree\Slc4.9\Source Code\Presentation\Nop.Web\wwwroot\js\admin.common.js'
info: Microsoft.AspNetCore.Hosting.Diagnostics[2]
      Request finished HTTP/2 GET https://localhost:44376/lib_npm/datatables.net-bs4/js/dataTables.bootstrap4.min.js - 200 1466 text/javascript 63.2108ms
info: Microsoft.AspNetCore.Hosting.Diagnostics[2]
      Request finished HTTP/2 GET https://localhost:44376/js/admin.navigation.js - 200 3483 text/javascript 152.9047ms
info: Microsoft.AspNetCore.Hosting.Diagnostics[2]
      Request finished HTTP/2 GET https://localhost:44376/js/admin.common.js - 200 12983 text/javascript 155.0348ms
info: Microsoft.AspNetCore.Hosting.Diagnostics[1]
      Request starting HTTP/2 GET https://localhost:44376/lib_npm/datatables.net-bs4/css/dataTables.bootstrap4.min.css - - -
info: Microsoft.AspNetCore.Hosting.Diagnostics[1]
      Request starting HTTP/2 GET https://localhost:44376/lib_npm/datatables.net-buttons/js/dataTables.buttons.min.js - - -
info: Microsoft.AspNetCore.Hosting.Diagnostics[1]
      Request starting HTTP/2 GET https://localhost:44376/lib_npm/moment/min/moment-with-locales.min.js - - -
info: Microsoft.AspNetCore.Hosting.Diagnostics[1]
      Request starting HTTP/2 GET https://localhost:44376/css/admin/images/logo.png - - -
info: Microsoft.AspNetCore.StaticFiles.StaticFileMiddleware[2]
      Sending file. Request path: '/js/admin.search.js'. Physical path: 'D:\Mind web Tree\Slc4.9\Source Code\Presentation\Nop.Web\wwwroot\js\admin.search.js'
info: Microsoft.AspNetCore.Hosting.Diagnostics[1]
      Request starting HTTP/2 GET https://localhost:44376/.well-known/appspecific/com.chrome.devtools.json - - -
info: Microsoft.AspNetCore.Hosting.Diagnostics[2]
      Request finished HTTP/2 GET https://localhost:44376/js/admin.search.js - 200 3120 text/javascript 112.4852ms
info: Microsoft.AspNetCore.StaticFiles.StaticFileMiddleware[2]
      Sending file. Request path: '/css/admin/images/logo.png'. Physical path: 'D:\Mind web Tree\Slc4.9\Source Code\Presentation\Nop.Web\wwwroot\css\admin\images\logo.png'
info: Microsoft.AspNetCore.Hosting.Diagnostics[1]
      Request starting HTTP/2 GET https://localhost:44376/lib_npm/overlayscrollbars/browser/overlayscrollbars.browser.es6.min.js - - -
info: Microsoft.AspNetCore.StaticFiles.StaticFileMiddleware[2]
      Sending file. Request path: '/lib_npm/admin-lte/css/adminlte.min.css'. Physical path: 'D:\Mind web Tree\Slc4.9\Source Code\Presentation\Nop.Web\wwwroot\lib_npm\admin-lte\css\adminlte.min.css'
info: Microsoft.AspNetCore.StaticFiles.StaticFileMiddleware[2]
      Sending file. Request path: '/lib_npm/datatables.net-bs4/css/dataTables.bootstrap4.min.css'. Physical path: 'D:\Mind web Tree\Slc4.9\Source Code\Presentation\Nop.Web\wwwroot\lib_npm\datatables.net-bs4\css\dataTables.bootstrap4.min.css'
info: Microsoft.AspNetCore.Hosting.Diagnostics[2]
      Request finished HTTP/2 GET https://localhost:44376/css/admin/images/logo.png - 200 2822 image/png 39.1465ms
info: Microsoft.AspNetCore.Hosting.Diagnostics[1]
      Request starting HTTP/2 GET https://localhost:44376/lib_npm/globalize/globalize/date.js - - -
info: Microsoft.AspNetCore.Hosting.Diagnostics[1]
      Request starting HTTP/2 GET https://localhost:44376/lib_npm/typeahead.js/typeahead.bundle.min.js - - -
info: Microsoft.AspNetCore.StaticFiles.StaticFileMiddleware[2]
      Sending file. Request path: '/lib_npm/globalize/globalize/currency.js'. Physical path: 'D:\Mind web Tree\Slc4.9\Source Code\Presentation\Nop.Web\wwwroot\lib_npm\globalize\globalize\currency.js'
info: Microsoft.AspNetCore.Hosting.Diagnostics[2]
      Request finished HTTP/2 GET https://localhost:44376/lib_npm/globalize/globalize/currency.js - 200 22947 text/javascript 225.7361ms
info: Microsoft.AspNetCore.Hosting.Diagnostics[1]
      Request starting HTTP/2 GET https://localhost:44376/css/admin/images/throbber-synchronizing.gif - - -
info: Microsoft.AspNetCore.StaticFiles.StaticFileMiddleware[2]
      Sending file. Request path: '/css/admin/images/throbber-synchronizing.gif'. Physical path: 'D:\Mind web Tree\Slc4.9\Source Code\Presentation\Nop.Web\wwwroot\css\admin\images\throbber-synchronizing.gif'
info: Microsoft.AspNetCore.Hosting.Diagnostics[1]
      Request starting HTTP/2 GET https://localhost:44376/lib_npm/datatables.net-buttons-bs4/js/buttons.bootstrap4.min.js - - -
info: Microsoft.AspNetCore.StaticFiles.StaticFileMiddleware[2]
      Sending file. Request path: '/lib_npm/datatables.net-buttons/js/dataTables.buttons.min.js'. Physical path: 'D:\Mind web Tree\Slc4.9\Source Code\Presentation\Nop.Web\wwwroot\lib_npm\datatables.net-buttons\js\dataTables.buttons.min.js'
info: Microsoft.AspNetCore.Hosting.Diagnostics[2]
      Request finished HTTP/2 GET https://localhost:44376/css/admin/images/throbber-synchronizing.gif - 200 1178 image/gif 25.3738ms
info: Microsoft.AspNetCore.Hosting.Diagnostics[2]
      Request finished HTTP/2 GET https://localhost:44376/lib_npm/ionicons/css/ionicons.min.css - 200 51295 text/css 691.8312ms
info: Microsoft.AspNetCore.StaticFiles.StaticFileMiddleware[2]
      Sending file. Request path: '/lib_npm/datatables.net/js/dataTables.min.js'. Physical path: 'D:\Mind web Tree\Slc4.9\Source Code\Presentation\Nop.Web\wwwroot\lib_npm\datatables.net\js\dataTables.min.js'
info: Microsoft.AspNetCore.Hosting.Diagnostics[2]
      Request finished HTTP/2 GET https://localhost:44376/css/admin/styles.css - 200 44769 text/css 685.2396ms
info: Microsoft.AspNetCore.StaticFiles.StaticFileMiddleware[2]
      Sending file. Request path: '/lib_npm/typeahead.js/typeahead.bundle.min.js'. Physical path: 'D:\Mind web Tree\Slc4.9\Source Code\Presentation\Nop.Web\wwwroot\lib_npm\typeahead.js\typeahead.bundle.min.js'
info: Microsoft.AspNetCore.StaticFiles.StaticFileMiddleware[2]
      Sending file. Request path: '/lib_npm/datatables.net-buttons-bs4/js/buttons.bootstrap4.min.js'. Physical path: 'D:\Mind web Tree\Slc4.9\Source Code\Presentation\Nop.Web\wwwroot\lib_npm\datatables.net-buttons-bs4\js\buttons.bootstrap4.min.js'
info: Microsoft.AspNetCore.Hosting.Diagnostics[2]
      Request finished HTTP/2 GET https://localhost:44376/Plugins/MWT.Plugin.Misc.MwtStorefront/Content/campaignassets/custom-styles.css - 200 28013 text/css 747.4188ms
info: Microsoft.AspNetCore.Hosting.Diagnostics[2]
      Request finished HTTP/2 GET https://localhost:44376/lib_npm/datatables.net-buttons-bs4/js/buttons.bootstrap4.min.js - 200 1610 text/javascript 114.4045ms
info: Microsoft.AspNetCore.Hosting.Diagnostics[2]
      Request finished HTTP/2 GET https://localhost:44376/lib_npm/admin-lte/js/adminlte.min.js - 200 46375 text/javascript 635.2519ms
info: Microsoft.AspNetCore.Hosting.Diagnostics[2]
      Request finished HTTP/2 GET https://localhost:44376/lib_npm/bootstrap/js/bootstrap.bundle.min.js - 200 84384 text/javascript 602.3057ms
info: Microsoft.AspNetCore.Hosting.Diagnostics[2]
      Request finished HTTP/2 GET https://localhost:44376/lib_npm/globalize/globalize/number.js - 200 47824 text/javascript 490.1332ms
info: Microsoft.AspNetCore.Hosting.Diagnostics[1]
      Request starting HTTP/2 GET https://localhost:44376/css/admin/images/logo-mini.png - - -
info: Microsoft.AspNetCore.Hosting.Diagnostics[1]
      Request starting HTTP/2 GET https://localhost:44376/lib_npm/chart.js/chart.umd.min.js - - -
info: Microsoft.AspNetCore.Hosting.Diagnostics[2]
      Request finished HTTP/2 GET https://localhost:44376/lib_npm/admin-lte/css/adminlte.min.css - 200 1396758 text/css 827.4975ms
info: Microsoft.AspNetCore.Hosting.Diagnostics[2]
      Request finished HTTP/2 GET https://localhost:44376/lib_npm/admin-lte/plugins/select2/js/select2.full.min.js - 200 79173 text/javascript 604.7430ms
info: Microsoft.AspNetCore.Hosting.Diagnostics[2]
      Request finished HTTP/2 GET https://localhost:44376/lib_npm/datatables.net/js/dataTables.min.js - 200 97880 text/javascript 312.9607ms
info: Microsoft.AspNetCore.Hosting.Diagnostics[2]
      Request finished HTTP/2 GET https://localhost:44376/lib_npm/typeahead.js/typeahead.bundle.min.js - 200 39756 text/javascript 241.9457ms
info: Microsoft.AspNetCore.Hosting.Diagnostics[2]
      Request finished HTTP/2 GET https://localhost:44376/lib_npm/datatables.net-buttons/js/dataTables.buttons.min.js - 200 28054 text/javascript 306.8365ms
info: Microsoft.AspNetCore.StaticFiles.StaticFileMiddleware[2]
      Sending file. Request path: '/css/admin/images/logo-mini.png'. Physical path: 'D:\Mind web Tree\Slc4.9\Source Code\Presentation\Nop.Web\wwwroot\css\admin\images\logo-mini.png'
info: Microsoft.AspNetCore.StaticFiles.StaticFileMiddleware[2]
      Sending file. Request path: '/lib_npm/moment/min/moment-with-locales.min.js'. Physical path: 'D:\Mind web Tree\Slc4.9\Source Code\Presentation\Nop.Web\wwwroot\lib_npm\moment\min\moment-with-locales.min.js'
info: Microsoft.AspNetCore.Hosting.Diagnostics[2]
      Request finished HTTP/2 GET https://localhost:44376/css/admin/images/logo-mini.png - 200 982 image/png 343.0025ms
info: Microsoft.AspNetCore.Hosting.Diagnostics[2]
      Request finished HTTP/2 GET https://localhost:44376/lib_npm/datatables.net-bs4/css/dataTables.bootstrap4.min.css - 200 19644 text/css 587.3879ms
info: Microsoft.AspNetCore.StaticFiles.StaticFileMiddleware[2]
      Sending file. Request path: '/lib_npm/globalize/globalize/date.js'. Physical path: 'D:\Mind web Tree\Slc4.9\Source Code\Presentation\Nop.Web\wwwroot\lib_npm\globalize\globalize\date.js'
info: Microsoft.AspNetCore.StaticFiles.StaticFileMiddleware[2]
      Sending file. Request path: '/lib_npm/chart.js/chart.umd.min.js'. Physical path: 'D:\Mind web Tree\Slc4.9\Source Code\Presentation\Nop.Web\wwwroot\lib_npm\chart.js\chart.umd.min.js'
info: Microsoft.AspNetCore.Hosting.Diagnostics[1]
      Request starting HTTP/2 GET https://localhost:44376/js/admin.table.js - - -
info: Microsoft.AspNetCore.StaticFiles.StaticFileMiddleware[2]
      Sending file. Request path: '/lib_npm/overlayscrollbars/browser/overlayscrollbars.browser.es6.min.js'. Physical path: 'D:\Mind web Tree\Slc4.9\Source Code\Presentation\Nop.Web\wwwroot\lib_npm\overlayscrollbars\browser\overlayscrollbars.browser.es6.min.js'
info: Microsoft.AspNetCore.Hosting.Diagnostics[2]
      Request finished HTTP/2 GET https://localhost:44376/lib_npm/moment/min/moment-with-locales.min.js - 200 375056 text/javascript 609.1511ms
info: Microsoft.AspNetCore.Hosting.Diagnostics[2]
      Request finished HTTP/2 GET https://localhost:44376/lib_npm/globalize/globalize/date.js - 200 78930 text/javascript 565.4962ms
info: Microsoft.AspNetCore.Hosting.Diagnostics[1]
      Request starting HTTP/2 GET https://localhost:44376/lib_npm/admin-lte/js/adminlte.min.js.map - - -
info: Microsoft.AspNetCore.Hosting.Diagnostics[2]
      Request finished HTTP/2 GET https://localhost:44376/lib_npm/overlayscrollbars/browser/overlayscrollbars.browser.es6.min.js - 200 29586 text/javascript 605.8703ms
info: Microsoft.AspNetCore.Hosting.Diagnostics[2]
      Request finished HTTP/2 GET https://localhost:44376/lib_npm/chart.js/chart.umd.min.js - 200 208355 text/javascript 410.0941ms
info: Microsoft.AspNetCore.Hosting.Diagnostics[1]
      Request starting HTTP/2 GET https://localhost:44376/lib_npm/moment/min/moment-with-locales.min.js.map - - -
info: Microsoft.AspNetCore.StaticFiles.StaticFileMiddleware[2]
      Sending file. Request path: '/js/admin.table.js'. Physical path: 'D:\Mind web Tree\Slc4.9\Source Code\Presentation\Nop.Web\wwwroot\js\admin.table.js'
info: Microsoft.AspNetCore.Hosting.Diagnostics[1]
      Request starting HTTP/2 GET https://localhost:44376/_vs/browserLink - - -
info: Microsoft.AspNetCore.Hosting.Diagnostics[1]
      Request starting HTTP/2 GET https://localhost:44376/lib_npm/bootstrap/js/bootstrap.bundle.min.js.map - - -
info: Microsoft.AspNetCore.Hosting.Diagnostics[1]
      Request starting HTTP/2 GET https://localhost:44376/_framework/aspnetcore-browser-refresh.js - - -
info: Microsoft.AspNetCore.Hosting.Diagnostics[2]
      Request finished HTTP/2 GET https://localhost:44376/js/admin.table.js - 200 1809 text/javascript 63.6630ms
info: Microsoft.AspNetCore.Hosting.Diagnostics[2]
      Request finished HTTP/2 GET https://localhost:44376/_framework/aspnetcore-browser-refresh.js - 200 16499 application/javascript;+charset=utf-8 56.2413ms
info: Microsoft.AspNetCore.Hosting.Diagnostics[1]
      Request starting HTTP/2 GET https://localhost:44376/lib_npm/admin-lte/css/adminlte.min.css.map - - -
info: Microsoft.AspNetCore.Hosting.Diagnostics[1]
      Request starting HTTP/2 GET https://localhost:44376/lib_npm/chart.js/chart.umd.min.js.map - - -
info: Microsoft.AspNetCore.Hosting.Diagnostics[2]
      Request finished HTTP/2 GET https://localhost:44376/.well-known/appspecific/com.chrome.devtools.json - 404 - - 733.6420ms
info: Microsoft.AspNetCore.Hosting.Diagnostics[16]
      Request reached the end of the middleware pipeline without being handled by application code. Request path: GET https://localhost:44376/.well-known/appspecific/com.chrome.devtools.json, Response status code: 404
info: Microsoft.AspNetCore.StaticFiles.StaticFileMiddleware[2]
      Sending file. Request path: '/lib_npm/admin-lte/js/adminlte.min.js.map'. Physical path: 'D:\Mind web Tree\Slc4.9\Source Code\Presentation\Nop.Web\wwwroot\lib_npm\admin-lte\js\adminlte.min.js.map'
info: Microsoft.AspNetCore.Hosting.Diagnostics[1]
      Request starting HTTP/2 GET https://localhost:44376/css/admin/images/search-icon.png - - -
info: Microsoft.AspNetCore.Hosting.Diagnostics[1]
      Request starting HTTP/2 GET https://localhost:44376/lib_npm/@fortawesome/fontawesome-free/webfonts/fa-regular-400.woff2 - - -
info: Microsoft.AspNetCore.StaticFiles.StaticFileMiddleware[2]
      Sending file. Request path: '/lib_npm/moment/min/moment-with-locales.min.js.map'. Physical path: 'D:\Mind web Tree\Slc4.9\Source Code\Presentation\Nop.Web\wwwroot\lib_npm\moment\min\moment-with-locales.min.js.map'
info: Microsoft.AspNetCore.Hosting.Diagnostics[2]
      Request finished HTTP/2 GET https://localhost:44376/lib_npm/admin-lte/js/adminlte.min.js.map - 200 135565 text/plain 192.1140ms
info: Microsoft.AspNetCore.Hosting.Diagnostics[1]
      Request starting HTTP/2 GET https://localhost:44376/lib_npm/cldr-data/supplemental/likelySubtags.json - - -
info: Microsoft.AspNetCore.Hosting.Diagnostics[1]
      Request starting HTTP/2 GET https://localhost:44376/lib_npm/cldr-data/main/en/numbers.json - - -
info: Microsoft.AspNetCore.Hosting.Diagnostics[1]
      Request starting HTTP/2 GET https://localhost:44376/lib_npm/cldr-data/supplemental/numberingSystems.json - - -
info: Microsoft.AspNetCore.Hosting.Diagnostics[1]
      Request starting HTTP/2 GET https://localhost:44376/lib_npm/cldr-data/main/en/currencies.json - - -
info: Microsoft.AspNetCore.Hosting.Diagnostics[1]
      Request starting HTTP/2 GET https://localhost:44376/lib_npm/cldr-data/main/en/timeZoneNames.json - - -
info: Microsoft.AspNetCore.StaticFiles.StaticFileMiddleware[2]
      Sending file. Request path: '/lib_npm/@fortawesome/fontawesome-free/webfonts/fa-regular-400.woff2'. Physical path: 'D:\Mind web Tree\Slc4.9\Source Code\Presentation\Nop.Web\wwwroot\lib_npm\@fortawesome\fontawesome-free\webfonts\fa-regular-400.woff2'
info: Microsoft.AspNetCore.StaticFiles.StaticFileMiddleware[2]
      Sending file. Request path: '/css/admin/images/search-icon.png'. Physical path: 'D:\Mind web Tree\Slc4.9\Source Code\Presentation\Nop.Web\wwwroot\css\admin\images\search-icon.png'
info: Microsoft.AspNetCore.Hosting.Diagnostics[1]
      Request starting HTTP/2 GET https://localhost:44376/lib_npm/cldr-data/supplemental/timeData.json - - -
info: Microsoft.AspNetCore.StaticFiles.StaticFileMiddleware[2]
      Sending file. Request path: '/lib_npm/bootstrap/js/bootstrap.bundle.min.js.map'. Physical path: 'D:\Mind web Tree\Slc4.9\Source Code\Presentation\Nop.Web\wwwroot\lib_npm\bootstrap\js\bootstrap.bundle.min.js.map'
info: Microsoft.AspNetCore.Hosting.Diagnostics[1]
      Request starting HTTP/2 GET https://localhost:44376/css/admin/images/ajax-loading.gif - - -
info: Microsoft.AspNetCore.Hosting.Diagnostics[1]
      Request starting HTTP/2 GET https://localhost:44376/lib_npm/cldr-data/main/en/ca-gregorian.json - - -
info: Microsoft.AspNetCore.Hosting.Diagnostics[2]
      Request finished HTTP/2 GET https://localhost:44376/_vs/browserLink - 200 - text/javascript;+charset=UTF-8 154.8489ms
info: Microsoft.AspNetCore.Hosting.Diagnostics[1]
      Request starting HTTP/2 GET https://localhost:44376/lib_npm/@fortawesome/fontawesome-free/webfonts/fa-solid-900.woff2 - - -
info: Microsoft.AspNetCore.Hosting.Diagnostics[2]
      Request finished HTTP/2 GET https://localhost:44376/css/admin/images/search-icon.png - 200 1783 image/png 62.0689ms
info: Microsoft.AspNetCore.Hosting.Diagnostics[1]
      Request starting HTTP/2 GET https://localhost:44376/lib_npm/cldr-data/supplemental/weekData.json - - -
info: Microsoft.AspNetCore.Hosting.Diagnostics[1]
      Request starting HTTP/2 GET https://localhost:44376/Admin/Plugin/AdminNavigationPlugins?_=1789984686135 - - -
info: Microsoft.AspNetCore.Hosting.Diagnostics[2]
      Request finished HTTP/2 GET https://localhost:44376/lib_npm/moment/min/moment-with-locales.min.js.map - 200 259042 text/plain 240.0400ms
info: Microsoft.AspNetCore.StaticFiles.StaticFileMiddleware[2]
      Sending file. Request path: '/lib_npm/cldr-data/main/en/timeZoneNames.json'. Physical path: 'D:\Mind web Tree\Slc4.9\Source Code\Presentation\Nop.Web\wwwroot\lib_npm\cldr-data\main\en\timeZoneNames.json'
info: Microsoft.AspNetCore.StaticFiles.StaticFileMiddleware[2]
      Sending file. Request path: '/lib_npm/chart.js/chart.umd.min.js.map'. Physical path: 'D:\Mind web Tree\Slc4.9\Source Code\Presentation\Nop.Web\wwwroot\lib_npm\chart.js\chart.umd.min.js.map'
info: Microsoft.AspNetCore.Hosting.Diagnostics[2]
      Request finished HTTP/2 GET https://localhost:44376/lib_npm/cldr-data/main/en/timeZoneNames.json - 200 72452 application/json 135.5124ms
info: Microsoft.AspNetCore.StaticFiles.StaticFileMiddleware[2]
      Sending file. Request path: '/lib_npm/cldr-data/main/en/currencies.json'. Physical path: 'D:\Mind web Tree\Slc4.9\Source Code\Presentation\Nop.Web\wwwroot\lib_npm\cldr-data\main\en\currencies.json'
info: Microsoft.AspNetCore.StaticFiles.StaticFileMiddleware[2]
      Sending file. Request path: '/css/admin/images/ajax-loading.gif'. Physical path: 'D:\Mind web Tree\Slc4.9\Source Code\Presentation\Nop.Web\wwwroot\css\admin\images\ajax-loading.gif'
info: Microsoft.AspNetCore.Hosting.Diagnostics[2]
      Request finished HTTP/2 GET https://localhost:44376/css/admin/images/ajax-loading.gif - 200 2230 image/gif 162.4214ms
info: Microsoft.AspNetCore.Hosting.Diagnostics[2]
      Request finished HTTP/2 GET https://localhost:44376/lib_npm/cldr-data/main/en/currencies.json - 200 76622 application/json 202.9377ms
info: Microsoft.AspNetCore.StaticFiles.StaticFileMiddleware[2]
      Sending file. Request path: '/lib_npm/cldr-data/supplemental/likelySubtags.json'. Physical path: 'D:\Mind web Tree\Slc4.9\Source Code\Presentation\Nop.Web\wwwroot\lib_npm\cldr-data\supplemental\likelySubtags.json'
info: Microsoft.AspNetCore.StaticFiles.StaticFileMiddleware[2]
      Sending file. Request path: '/lib_npm/cldr-data/supplemental/numberingSystems.json'. Physical path: 'D:\Mind web Tree\Slc4.9\Source Code\Presentation\Nop.Web\wwwroot\lib_npm\cldr-data\supplemental\numberingSystems.json'
info: Microsoft.AspNetCore.Hosting.Diagnostics[2]
      Request finished HTTP/2 GET https://localhost:44376/lib_npm/cldr-data/supplemental/likelySubtags.json - 200 55119 application/json 209.3326ms
info: Microsoft.AspNetCore.Hosting.Diagnostics[2]
      Request finished HTTP/2 GET https://localhost:44376/lib_npm/cldr-data/supplemental/numberingSystems.json - 200 9413 application/json 209.6771ms
info: Microsoft.AspNetCore.Hosting.Diagnostics[2]
      Request finished HTTP/2 GET https://localhost:44376/lib_npm/bootstrap/js/bootstrap.bundle.min.js.map - 200 316181 text/plain 382.5492ms
info: Microsoft.AspNetCore.StaticFiles.StaticFileMiddleware[2]
      Sending file. Request path: '/lib_npm/cldr-data/supplemental/weekData.json'. Physical path: 'D:\Mind web Tree\Slc4.9\Source Code\Presentation\Nop.Web\wwwroot\lib_npm\cldr-data\supplemental\weekData.json'
info: Microsoft.AspNetCore.Hosting.Diagnostics[2]
      Request finished HTTP/2 GET https://localhost:44376/lib_npm/cldr-data/supplemental/weekData.json - 200 7143 application/json 187.1276ms
info: Microsoft.AspNetCore.StaticFiles.StaticFileMiddleware[2]
      Sending file. Request path: '/lib_npm/cldr-data/main/en/numbers.json'. Physical path: 'D:\Mind web Tree\Slc4.9\Source Code\Presentation\Nop.Web\wwwroot\lib_npm\cldr-data\main\en\numbers.json'
info: Microsoft.AspNetCore.StaticFiles.StaticFileMiddleware[2]
      Sending file. Request path: '/lib_npm/cldr-data/supplemental/timeData.json'. Physical path: 'D:\Mind web Tree\Slc4.9\Source Code\Presentation\Nop.Web\wwwroot\lib_npm\cldr-data\supplemental\timeData.json'
info: Microsoft.AspNetCore.StaticFiles.StaticFileMiddleware[2]
      Sending file. Request path: '/lib_npm/cldr-data/main/en/ca-gregorian.json'. Physical path: 'D:\Mind web Tree\Slc4.9\Source Code\Presentation\Nop.Web\wwwroot\lib_npm\cldr-data\main\en\ca-gregorian.json'
info: Microsoft.AspNetCore.Hosting.Diagnostics[2]
      Request finished HTTP/2 GET https://localhost:44376/lib_npm/cldr-data/main/en/numbers.json - 200 6015 application/json 261.4479ms
info: Microsoft.AspNetCore.Hosting.Diagnostics[2]
      Request finished HTTP/2 GET https://localhost:44376/lib_npm/cldr-data/main/en/ca-gregorian.json - 200 17907 application/json 250.3813ms
info: Microsoft.AspNetCore.Hosting.Diagnostics[2]
      Request finished HTTP/2 GET https://localhost:44376/lib_npm/@fortawesome/fontawesome-free/webfonts/fa-regular-400.woff2 - 200 19000 font/woff2 282.6433ms
info: Microsoft.AspNetCore.StaticFiles.StaticFileMiddleware[2]
      Sending file. Request path: '/lib_npm/@fortawesome/fontawesome-free/webfonts/fa-solid-900.woff2'. Physical path: 'D:\Mind web Tree\Slc4.9\Source Code\Presentation\Nop.Web\wwwroot\lib_npm\@fortawesome\fontawesome-free\webfonts\fa-solid-900.woff2'
info: Microsoft.AspNetCore.Hosting.Diagnostics[2]
      Request finished HTTP/2 GET https://localhost:44376/lib_npm/cldr-data/supplemental/timeData.json - 200 21622 application/json 262.1693ms
info: Microsoft.AspNetCore.Hosting.Diagnostics[2]
      Request finished HTTP/2 GET https://localhost:44376/lib_npm/@fortawesome/fontawesome-free/webfonts/fa-solid-900.woff2 - 200 113260 font/woff2 249.1075ms
info: Microsoft.AspNetCore.Hosting.Diagnostics[2]
      Request finished HTTP/2 GET https://localhost:44376/lib_npm/chart.js/chart.umd.min.js.map - 200 967015 text/plain 341.3164ms
info: Microsoft.AspNetCore.StaticFiles.StaticFileMiddleware[2]
      Sending file. Request path: '/lib_npm/admin-lte/css/adminlte.min.css.map'. Physical path: 'D:\Mind web Tree\Slc4.9\Source Code\Presentation\Nop.Web\wwwroot\lib_npm\admin-lte\css\adminlte.min.css.map'
info: Microsoft.AspNetCore.Hosting.Diagnostics[2]
      Request finished HTTP/2 GET https://localhost:44376/lib_npm/admin-lte/css/adminlte.min.css.map - 200 3846965 text/plain 519.9660ms
info: Microsoft.AspNetCore.Routing.EndpointMiddleware[0]
      Executing endpoint 'Nop.Web.Areas.Admin.Controllers.PluginController.AdminNavigationPlugins (Nop.Web)'
info: Microsoft.AspNetCore.Mvc.Infrastructure.ControllerActionInvoker[102]
      Route matched with {area = "Admin", action = "AdminNavigationPlugins", controller = "Plugin"}. Executing controller action with signature System.Threading.Tasks.Task`1[Microsoft.AspNetCore.Mvc.IActionResult] AdminNavigationPlugins() on controller Nop.Web.Areas.Admin.Controllers.PluginController (Nop.Web).
DiscountRequirement.MustBeAssignedToCustomerRole
DiscountRequirement.ItemsBelowPrice
CurrencyExchange.ECB
ExternalAuth.Apple
ExternalAuth.Google
Misc.Omnisend
MWT.Redirect
MWT.Misc
MWT.Plugin.Misc.MwtStorefront
MultiFactorAuth.GoogleAuthenticator
MWT.Nop.Plugin.MegaMenu
MWT.Nop.Plugin.Widgets.Catalog
MWT.Shipping.FixedByWeightByTotal
NopAdvance.DiscountRules.CartSubTotal
Payments.Affirm
Payments.PayPalCommerce
Payments.AuthorizeNetHostedPayment
Payments.CashOnDelivery
Pickup.PickupInStore
Shipping.FixedByWeightByTotal
Shipping.UPS
MWT.Tax.FixedOrByCountryStateZip
Tax.Avalara
Widgets.FacebookPixel
Widgets.GoogleAnalytics
info: Microsoft.AspNetCore.Mvc.NewtonsoftJson.NewtonsoftJsonResultExecutor[2]
      Executing JsonResult, writing value of type 'System.Collections.Generic.List`1[[<>f__AnonymousType26`5[[System.String, System.Private.CoreLib, Version=9.0.0.0, Culture=neutral, PublicKeyToken=7cec85d7bea7798e],[System.String, System.Private.CoreLib, Version=9.0.0.0, Culture=neutral, PublicKeyToken=7cec85d7bea7798e],[System.String, System.Private.CoreLib, Version=9.0.0.0, Culture=neutral, PublicKeyToken=7cec85d7bea7798e],[System.String, System.Private.CoreLib, Version=9.0.0.0, Culture=neutral, PublicKeyToken=7cec85d7bea7798e],[System.Int32, System.Private.CoreLib, Version=9.0.0.0, Culture=neutral, PublicKeyToken=7cec85d7bea7798e]], Nop.Web, Version=4.90.0.0, Culture=neutral, PublicKeyToken=null]]'.
info: Microsoft.AspNetCore.Mvc.Infrastructure.ControllerActionInvoker[105]
      Executed action Nop.Web.Areas.Admin.Controllers.PluginController.AdminNavigationPlugins (Nop.Web) in 187.7568ms
info: Microsoft.AspNetCore.Routing.EndpointMiddleware[1]
      Executed endpoint 'Nop.Web.Areas.Admin.Controllers.PluginController.AdminNavigationPlugins (Nop.Web)'
info: Microsoft.AspNetCore.Hosting.Diagnostics[2]
      Request finished HTTP/2 GET https://localhost:44376/Admin/Plugin/AdminNavigationPlugins?_=1789984686135 - 200 - application/json;+charset=utf-8 636.9016ms
info: Microsoft.AspNetCore.Hosting.Diagnostics[1]
      Request starting HTTP/2 GET https://localhost:44376/icons/icons_0/favicon-16x16.ico - - -
info: Microsoft.AspNetCore.Hosting.Diagnostics[2]
      Request finished HTTP/2 GET https://localhost:44376/icons/icons_0/favicon-16x16.ico - 404 - - 143.4312ms
info: Microsoft.AspNetCore.Hosting.Diagnostics[16]
      Request reached the end of the middleware pipeline without being handled by application code. Request path: GET https://localhost:44376/icons/icons_0/favicon-16x16.ico, Response status code: 404
info: Microsoft.AspNetCore.Hosting.Diagnostics[1]
      Request starting HTTP/2 GET https://localhost:44376/https://localhost:44369/favicon.ico - - -
info: Microsoft.AspNetCore.Hosting.Diagnostics[2]
      Request finished HTTP/2 GET https://localhost:44376/https://localhost:44369/favicon.ico - 404 - - 108.9567ms
info: Microsoft.AspNetCore.Hosting.Diagnostics[16]
      Request reached the end of the middleware pipeline without being handled by application code. Request path: GET https://localhost:44376/https://localhost:44369/favicon.ico, Response status code: 404
info: Microsoft.AspNetCore.Hosting.Diagnostics[1]
      Request starting HTTP/2 GET https://localhost:44376/icons/icons_0/favicon-16x16.ico - - -
info: Microsoft.AspNetCore.Hosting.Diagnostics[2]
      Request finished HTTP/2 GET https://localhost:44376/icons/icons_0/favicon-16x16.ico - 404 - - 112.0075ms
info: Microsoft.AspNetCore.Hosting.Diagnostics[16]
      Request reached the end of the middleware pipeline without being handled by application code. Request path: GET https://localhost:44376/icons/icons_0/favicon-16x16.ico, Response status code: 404
info: Microsoft.AspNetCore.Hosting.Diagnostics[1]
      Request starting HTTP/2 GET https://localhost:44376/https://localhost:44369/favicon.ico - - -
info: Microsoft.AspNetCore.Hosting.Diagnostics[2]
      Request finished HTTP/2 GET https://localhost:44376/https://localhost:44369/favicon.ico - 404 - - 114.2556ms
info: Microsoft.AspNetCore.Hosting.Diagnostics[16]
      Request reached the end of the middleware pipeline without being handled by application code. Request path: GET https://localhost:44376/https://localhost:44369/favicon.ico, Response status code: 404
info: System.Net.Http.HttpClient.default.LogicalHandler[100]
      Start processing HTTP request POST https://localhost:44399/scheduletask/runtask
info: System.Net.Http.HttpClient.default.ClientHandler[100]
      Sending HTTP request POST https://localhost:44399/scheduletask/runtask
info: System.Net.Http.HttpClient.default.ClientHandler[101]
      Received HTTP response headers after 15.9112ms - 404
info: System.Net.Http.HttpClient.default.LogicalHandler[101]
      End processing HTTP request after 28.5986ms - 404
info: Microsoft.AspNetCore.Hosting.Diagnostics[1]
      Request starting HTTP/2 GET https://localhost:44376/Admin/Setting/AllSettings - - -
info: Microsoft.AspNetCore.Routing.EndpointMiddleware[0]
      Executing endpoint 'Nop.Web.Areas.Admin.Controllers.SettingController.AllSettings (Nop.Web)'
info: Microsoft.AspNetCore.Mvc.Infrastructure.ControllerActionInvoker[102]
      Route matched with {area = "Admin", action = "AllSettings", controller = "Setting"}. Executing controller action with signature System.Threading.Tasks.Task`1[Microsoft.AspNetCore.Mvc.IActionResult] AllSettings(System.String) on controller Nop.Web.Areas.Admin.Controllers.SettingController (Nop.Web).
info: Microsoft.AspNetCore.Mvc.ViewFeatures.ViewResultExecutor[1]
      Executing ViewResult, running view AllSettings.
info: Microsoft.AspNetCore.Mvc.ViewFeatures.ViewResultExecutor[4]
      Executed ViewResult - view AllSettings executed in 216.8679ms.
info: Microsoft.AspNetCore.Mvc.Infrastructure.ControllerActionInvoker[105]
      Executed action Nop.Web.Areas.Admin.Controllers.SettingController.AllSettings (Nop.Web) in 365.1225ms
info: Microsoft.AspNetCore.Routing.EndpointMiddleware[1]
      Executed endpoint 'Nop.Web.Areas.Admin.Controllers.SettingController.AllSettings (Nop.Web)'
info: Microsoft.AspNetCore.Hosting.Diagnostics[2]
      Request finished HTTP/2 GET https://localhost:44376/Admin/Setting/AllSettings - 200 - text/html;+charset=utf-8 529.1852ms
info: Microsoft.AspNetCore.Hosting.Diagnostics[1]
      Request starting HTTP/2 GET https://localhost:44376/_vs/browserLink - - -
info: Microsoft.AspNetCore.Hosting.Diagnostics[1]
      Request starting HTTP/2 GET https://localhost:44376/_framework/aspnetcore-browser-refresh.js - - -
info: Microsoft.AspNetCore.Hosting.Diagnostics[2]
      Request finished HTTP/2 GET https://localhost:44376/_framework/aspnetcore-browser-refresh.js - 200 16499 application/javascript;+charset=utf-8 2.0868ms
info: Microsoft.AspNetCore.Hosting.Diagnostics[2]
      Request finished HTTP/2 GET https://localhost:44376/_vs/browserLink - 200 - text/javascript;+charset=UTF-8 17.0600ms
info: Microsoft.AspNetCore.Hosting.Diagnostics[1]
      Request starting HTTP/2 GET https://localhost:44376/.well-known/appspecific/com.chrome.devtools.json - - -
info: Microsoft.AspNetCore.Hosting.Diagnostics[2]
      Request finished HTTP/2 GET https://localhost:44376/.well-known/appspecific/com.chrome.devtools.json - 404 - - 131.1544ms
info: Microsoft.AspNetCore.Hosting.Diagnostics[16]
      Request reached the end of the middleware pipeline without being handled by application code. Request path: GET https://localhost:44376/.well-known/appspecific/com.chrome.devtools.json, Response status code: 404
info: Microsoft.AspNetCore.Hosting.Diagnostics[1]
      Request starting HTTP/2 GET https://localhost:44376/Admin/Plugin/AdminNavigationPlugins?_=1789984704260 - - -
info: Microsoft.AspNetCore.Routing.EndpointMiddleware[0]
      Executing endpoint 'Nop.Web.Areas.Admin.Controllers.PluginController.AdminNavigationPlugins (Nop.Web)'
info: Microsoft.AspNetCore.Mvc.Infrastructure.ControllerActionInvoker[102]
      Route matched with {area = "Admin", action = "AdminNavigationPlugins", controller = "Plugin"}. Executing controller action with signature System.Threading.Tasks.Task`1[Microsoft.AspNetCore.Mvc.IActionResult] AdminNavigationPlugins() on controller Nop.Web.Areas.Admin.Controllers.PluginController (Nop.Web).
DiscountRequirement.MustBeAssignedToCustomerRole
DiscountRequirement.ItemsBelowPrice
CurrencyExchange.ECB
ExternalAuth.Apple
ExternalAuth.Google
Misc.Omnisend
MWT.Redirect
MWT.Misc
MWT.Plugin.Misc.MwtStorefront
MultiFactorAuth.GoogleAuthenticator
MWT.Nop.Plugin.MegaMenu
MWT.Nop.Plugin.Widgets.Catalog
MWT.Shipping.FixedByWeightByTotal
NopAdvance.DiscountRules.CartSubTotal
Payments.Affirm
Payments.PayPalCommerce
Payments.AuthorizeNetHostedPayment
Payments.CashOnDelivery
Pickup.PickupInStore
Shipping.FixedByWeightByTotal
Shipping.UPS
MWT.Tax.FixedOrByCountryStateZip
Tax.Avalara
Widgets.FacebookPixel
Widgets.GoogleAnalytics
info: Microsoft.AspNetCore.Mvc.NewtonsoftJson.NewtonsoftJsonResultExecutor[2]
      Executing JsonResult, writing value of type 'System.Collections.Generic.List`1[[<>f__AnonymousType26`5[[System.String, System.Private.CoreLib, Version=9.0.0.0, Culture=neutral, PublicKeyToken=7cec85d7bea7798e],[System.String, System.Private.CoreLib, Version=9.0.0.0, Culture=neutral, PublicKeyToken=7cec85d7bea7798e],[System.String, System.Private.CoreLib, Version=9.0.0.0, Culture=neutral, PublicKeyToken=7cec85d7bea7798e],[System.String, System.Private.CoreLib, Version=9.0.0.0, Culture=neutral, PublicKeyToken=7cec85d7bea7798e],[System.Int32, System.Private.CoreLib, Version=9.0.0.0, Culture=neutral, PublicKeyToken=7cec85d7bea7798e]], Nop.Web, Version=4.90.0.0, Culture=neutral, PublicKeyToken=null]]'.
info: Microsoft.AspNetCore.Mvc.Infrastructure.ControllerActionInvoker[105]
      Executed action Nop.Web.Areas.Admin.Controllers.PluginController.AdminNavigationPlugins (Nop.Web) in 161.4235ms
info: Microsoft.AspNetCore.Routing.EndpointMiddleware[1]
      Executed endpoint 'Nop.Web.Areas.Admin.Controllers.PluginController.AdminNavigationPlugins (Nop.Web)'
info: Microsoft.AspNetCore.Hosting.Diagnostics[2]
      Request finished HTTP/2 GET https://localhost:44376/Admin/Plugin/AdminNavigationPlugins?_=1789984704260 - 200 - application/json;+charset=utf-8 284.7245ms
info: Microsoft.AspNetCore.Hosting.Diagnostics[1]
      Request starting HTTP/2 POST https://localhost:44376/Admin/Setting/AllSettings - application/x-www-form-urlencoded;+charset=UTF-8 1390
info: Microsoft.AspNetCore.Routing.EndpointMiddleware[0]
      Executing endpoint 'Nop.Web.Areas.Admin.Controllers.SettingController.AllSettings (Nop.Web)'
info: Microsoft.AspNetCore.Mvc.Infrastructure.ControllerActionInvoker[102]
      Route matched with {area = "Admin", action = "AllSettings", controller = "Setting"}. Executing controller action with signature System.Threading.Tasks.Task`1[Microsoft.AspNetCore.Mvc.IActionResult] AllSettings(Nop.Web.Areas.Admin.Models.Settings.SettingSearchModel) on controller Nop.Web.Areas.Admin.Controllers.SettingController (Nop.Web).
info: Microsoft.AspNetCore.Mvc.NewtonsoftJson.NewtonsoftJsonResultExecutor[2]
      Executing JsonResult, writing value of type 'Nop.Web.Areas.Admin.Models.Settings.SettingListModel'.
info: Microsoft.AspNetCore.Mvc.Infrastructure.ControllerActionInvoker[105]
      Executed action Nop.Web.Areas.Admin.Controllers.SettingController.AllSettings (Nop.Web) in 182.3394ms
info: Microsoft.AspNetCore.Routing.EndpointMiddleware[1]
      Executed endpoint 'Nop.Web.Areas.Admin.Controllers.SettingController.AllSettings (Nop.Web)'
info: Microsoft.AspNetCore.Hosting.Diagnostics[2]
      Request finished HTTP/2 POST https://localhost:44376/Admin/Setting/AllSettings - 200 - application/json;+charset=utf-8 301.4227ms
info: Microsoft.AspNetCore.Hosting.Diagnostics[1]
      Request starting HTTP/2 POST https://localhost:44376/Admin/Setting/AllSettings - application/x-www-form-urlencoded;+charset=UTF-8 1396
info: Microsoft.AspNetCore.Routing.EndpointMiddleware[0]
      Executing endpoint 'Nop.Web.Areas.Admin.Controllers.SettingController.AllSettings (Nop.Web)'
info: Microsoft.AspNetCore.Mvc.Infrastructure.ControllerActionInvoker[102]
      Route matched with {area = "Admin", action = "AllSettings", controller = "Setting"}. Executing controller action with signature System.Threading.Tasks.Task`1[Microsoft.AspNetCore.Mvc.IActionResult] AllSettings(Nop.Web.Areas.Admin.Models.Settings.SettingSearchModel) on controller Nop.Web.Areas.Admin.Controllers.SettingController (Nop.Web).
info: Microsoft.AspNetCore.Mvc.NewtonsoftJson.NewtonsoftJsonResultExecutor[2]
      Executing JsonResult, writing value of type 'Nop.Web.Areas.Admin.Models.Settings.SettingListModel'.
info: Microsoft.AspNetCore.Mvc.Infrastructure.ControllerActionInvoker[105]
      Executed action Nop.Web.Areas.Admin.Controllers.SettingController.AllSettings (Nop.Web) in 136.2235ms
info: Microsoft.AspNetCore.Routing.EndpointMiddleware[1]
      Executed endpoint 'Nop.Web.Areas.Admin.Controllers.SettingController.AllSettings (Nop.Web)'
info: Microsoft.AspNetCore.Hosting.Diagnostics[2]
      Request finished HTTP/2 POST https://localhost:44376/Admin/Setting/AllSettings - 200 - application/json;+charset=utf-8 240.3539ms
info: System.Net.Http.HttpClient.default.LogicalHandler[100]
      Start processing HTTP request POST https://localhost:44399/scheduletask/runtask
info: System.Net.Http.HttpClient.default.ClientHandler[100]
      Sending HTTP request POST https://localhost:44399/scheduletask/runtask
info: System.Net.Http.HttpClient.default.ClientHandler[101]
      Received HTTP response headers after 5.6435ms - 404
info: System.Net.Http.HttpClient.default.LogicalHandler[101]
      End processing HTTP request after 31.8897ms - 404
info: Microsoft.AspNetCore.Hosting.Diagnostics[1]
      Request starting HTTP/2 POST https://localhost:44376/Admin/Setting/SettingUpdate - application/x-www-form-urlencoded;+charset=UTF-8 320
info: Microsoft.AspNetCore.Routing.EndpointMiddleware[0]
      Executing endpoint 'Nop.Web.Areas.Admin.Controllers.SettingController.SettingUpdate (Nop.Web)'
info: Microsoft.AspNetCore.Mvc.Infrastructure.ControllerActionInvoker[102]
      Route matched with {area = "Admin", action = "SettingUpdate", controller = "Setting"}. Executing controller action with signature System.Threading.Tasks.Task`1[Microsoft.AspNetCore.Mvc.IActionResult] SettingUpdate(Nop.Web.Areas.Admin.Models.Settings.SettingModel) on controller Nop.Web.Areas.Admin.Controllers.SettingController (Nop.Web).
info: Microsoft.AspNetCore.Mvc.NewtonsoftJson.NewtonsoftJsonResultExecutor[2]
      Executing JsonResult, writing value of type 'null'.
info: Microsoft.AspNetCore.Mvc.Infrastructure.ControllerActionInvoker[105]
      Executed action Nop.Web.Areas.Admin.Controllers.SettingController.SettingUpdate (Nop.Web) in 148.139ms
info: Microsoft.AspNetCore.Routing.EndpointMiddleware[1]
      Executed endpoint 'Nop.Web.Areas.Admin.Controllers.SettingController.SettingUpdate (Nop.Web)'
info: Microsoft.AspNetCore.Hosting.Diagnostics[2]
      Request finished HTTP/2 POST https://localhost:44376/Admin/Setting/SettingUpdate - 200 - application/json;+charset=utf-8 326.7850ms
info: Microsoft.AspNetCore.Hosting.Diagnostics[1]
      Request starting HTTP/2 POST https://localhost:44376/Admin/Setting/AllSettings - application/x-www-form-urlencoded;+charset=UTF-8 1396
info: Microsoft.AspNetCore.Routing.EndpointMiddleware[0]
      Executing endpoint 'Nop.Web.Areas.Admin.Controllers.SettingController.AllSettings (Nop.Web)'
info: Microsoft.AspNetCore.Mvc.Infrastructure.ControllerActionInvoker[102]
      Route matched with {area = "Admin", action = "AllSettings", controller = "Setting"}. Executing controller action with signature System.Threading.Tasks.Task`1[Microsoft.AspNetCore.Mvc.IActionResult] AllSettings(Nop.Web.Areas.Admin.Models.Settings.SettingSearchModel) on controller Nop.Web.Areas.Admin.Controllers.SettingController (Nop.Web).
info: Microsoft.AspNetCore.Mvc.NewtonsoftJson.NewtonsoftJsonResultExecutor[2]
      Executing JsonResult, writing value of type 'Nop.Web.Areas.Admin.Models.Settings.SettingListModel'.
info: Microsoft.AspNetCore.Mvc.Infrastructure.ControllerActionInvoker[105]
      Executed action Nop.Web.Areas.Admin.Controllers.SettingController.AllSettings (Nop.Web) in 140.8642ms
info: Microsoft.AspNetCore.Routing.EndpointMiddleware[1]
      Executed endpoint 'Nop.Web.Areas.Admin.Controllers.SettingController.AllSettings (Nop.Web)'
info: Microsoft.AspNetCore.Hosting.Diagnostics[2]
      Request finished HTTP/2 POST https://localhost:44376/Admin/Setting/AllSettings - 200 - application/json;+charset=utf-8 256.8011ms
info: System.Net.Http.HttpClient.default.LogicalHandler[100]
      Start processing HTTP request POST https://localhost:44399/scheduletask/runtask
info: System.Net.Http.HttpClient.default.ClientHandler[100]
      Sending HTTP request POST https://localhost:44399/scheduletask/runtask
info: System.Net.Http.HttpClient.default.ClientHandler[101]
      Received HTTP response headers after 5.0044ms - 404
info: System.Net.Http.HttpClient.default.LogicalHandler[101]
      End processing HTTP request after 10.4007ms - 404
info: System.Net.Http.HttpClient.default.LogicalHandler[100]
      Start processing HTTP request POST https://localhost:44399/scheduletask/runtask
info: System.Net.Http.HttpClient.default.ClientHandler[100]
      Sending HTTP request POST https://localhost:44399/scheduletask/runtask
info: System.Net.Http.HttpClient.default.ClientHandler[101]
      Received HTTP response headers after 6.5077ms - 404
info: System.Net.Http.HttpClient.default.LogicalHandler[101]
      End processing HTTP request after 40.6115ms - 404
info: System.Net.Http.HttpClient.default.LogicalHandler[100]
      Start processing HTTP request POST https://localhost:44399/scheduletask/runtask
info: System.Net.Http.HttpClient.default.ClientHandler[100]
      Sending HTTP request POST https://localhost:44399/scheduletask/runtask
info: System.Net.Http.HttpClient.default.ClientHandler[101]
      Received HTTP response headers after 10.8301ms - 404
info: System.Net.Http.HttpClient.default.LogicalHandler[101]
      End processing HTTP request after 15.5627ms - 404
info: System.Net.Http.HttpClient.default.LogicalHandler[100]
      Start processing HTTP request POST https://localhost:44399/scheduletask/runtask
info: System.Net.Http.HttpClient.default.ClientHandler[100]
      Sending HTTP request POST https://localhost:44399/scheduletask/runtask
info: System.Net.Http.HttpClient.default.ClientHandler[101]
      Received HTTP response headers after 9.0491ms - 404
info: System.Net.Http.HttpClient.default.LogicalHandler[101]
      End processing HTTP request after 12.9228ms - 404
info: System.Net.Http.HttpClient.default.LogicalHandler[100]
      Start processing HTTP request POST https://localhost:44399/scheduletask/runtask
info: System.Net.Http.HttpClient.default.ClientHandler[100]
      Sending HTTP request POST https://localhost:44399/scheduletask/runtask
info: System.Net.Http.HttpClient.default.ClientHandler[101]
      Received HTTP response headers after 23.6104ms - 404
info: System.Net.Http.HttpClient.default.LogicalHandler[101]
      End processing HTTP request after 34.0018ms - 404
info: Microsoft.AspNetCore.Hosting.Diagnostics[1]
      Request starting HTTP/2 POST https://localhost:44376/CampaignManagement/ExitPopup - application/x-www-form-urlencoded;+charset=UTF-8 79
info: Microsoft.AspNetCore.Routing.EndpointMiddleware[0]
      Executing endpoint 'MWT.Plugin.Misc.MwtStorefront.Controllers.CampaignManagementController.ExitPopup (MWT.Plugin.Misc.MwtStorefront)'
info: Microsoft.AspNetCore.Mvc.Infrastructure.ControllerActionInvoker[102]
      Route matched with {action = "ExitPopup", controller = "CampaignManagement", area = ""}. Executing controller action with signature System.Threading.Tasks.Task`1[Microsoft.AspNetCore.Mvc.IActionResult] ExitPopup(Int32, System.String, System.String, System.String, System.String) on controller MWT.Plugin.Misc.MwtStorefront.Controllers.CampaignManagementController (MWT.Plugin.Misc.MwtStorefront).
info: Microsoft.AspNetCore.Mvc.NewtonsoftJson.NewtonsoftJsonResultExecutor[2]
      Executing JsonResult, writing value of type '<>f__AnonymousType30`1[[System.Net.HttpStatusCode, System.Net.Primitives, Version=9.0.0.0, Culture=neutral, PublicKeyToken=b03f5f7f11d50a3a]]'.
info: Microsoft.AspNetCore.Mvc.Infrastructure.ControllerActionInvoker[105]
      Executed action MWT.Plugin.Misc.MwtStorefront.Controllers.CampaignManagementController.ExitPopup (MWT.Plugin.Misc.MwtStorefront) in 72.071ms
info: Microsoft.AspNetCore.Routing.EndpointMiddleware[1]
      Executed endpoint 'MWT.Plugin.Misc.MwtStorefront.Controllers.CampaignManagementController.ExitPopup (MWT.Plugin.Misc.MwtStorefront)'
info: Microsoft.AspNetCore.Hosting.Diagnostics[2]
      Request finished HTTP/2 POST https://localhost:44376/CampaignManagement/ExitPopup - 200 - application/json;+charset=utf-8 543.6873ms
info: Microsoft.AspNetCore.Hosting.Diagnostics[1]
      Request starting HTTP/2 GET https://localhost:44376/GoogleAuthentication/Login?provider=Google&returnUrl=/&isCheckout=false - - -
info: Microsoft.AspNetCore.Routing.EndpointMiddleware[0]
      Executing endpoint 'Nop.Plugin.ExternalAuth.Google.Controllers.GoogleAuthenticationController.Login (Nop.Plugin.ExternalAuth.Google)'
info: Microsoft.AspNetCore.Mvc.Infrastructure.ControllerActionInvoker[102]
      Route matched with {action = "Login", controller = "GoogleAuthentication", area = ""}. Executing controller action with signature System.Threading.Tasks.Task`1[Microsoft.AspNetCore.Mvc.IActionResult] Login(System.String, Boolean) on controller Nop.Plugin.ExternalAuth.Google.Controllers.GoogleAuthenticationController (Nop.Plugin.ExternalAuth.Google).
info: Microsoft.AspNetCore.Mvc.ChallengeResult[1]
      Executing ChallengeResult with authentication schemes (Google).
info: Microsoft.AspNetCore.Authentication.Google.GoogleHandler[12]
      AuthenticationScheme: Google was challenged.
info: Microsoft.AspNetCore.Mvc.Infrastructure.ControllerActionInvoker[105]
      Executed action Nop.Plugin.ExternalAuth.Google.Controllers.GoogleAuthenticationController.Login (Nop.Plugin.ExternalAuth.Google) in 92.4895ms
info: Microsoft.AspNetCore.Routing.EndpointMiddleware[1]
      Executed endpoint 'Nop.Plugin.ExternalAuth.Google.Controllers.GoogleAuthenticationController.Login (Nop.Plugin.ExternalAuth.Google)'
info: Microsoft.AspNetCore.Hosting.Diagnostics[2]
      Request finished HTTP/2 GET https://localhost:44376/GoogleAuthentication/Login?provider=Google&returnUrl=/&isCheckout=false - 302 - - 342.4588ms
info: System.Net.Http.HttpClient.default.LogicalHandler[100]
      Start processing HTTP request POST https://localhost:44399/scheduletask/runtask
info: System.Net.Http.HttpClient.default.ClientHandler[100]
      Sending HTTP request POST https://localhost:44399/scheduletask/runtask
info: System.Net.Http.HttpClient.default.ClientHandler[101]
      Received HTTP response headers after 4.8251ms - 404
info: System.Net.Http.HttpClient.default.LogicalHandler[101]
      End processing HTTP request after 8.5191ms - 404
info: System.Net.Http.HttpClient.default.LogicalHandler[100]
      Start processing HTTP request POST https://localhost:44399/scheduletask/runtask
info: System.Net.Http.HttpClient.default.ClientHandler[100]
      Sending HTTP request POST https://localhost:44399/scheduletask/runtask
info: System.Net.Http.HttpClient.default.ClientHandler[101]
      Received HTTP response headers after 5.2921ms - 404
info: System.Net.Http.HttpClient.default.LogicalHandler[101]
      End processing HTTP request after 10.0504ms - 404
info: Microsoft.AspNetCore.Hosting.Diagnostics[1]
      Request starting HTTP/2 GET https://localhost:44376/logout - - -
info: Microsoft.AspNetCore.Routing.EndpointMiddleware[0]
      Executing endpoint 'Nop.Web.Controllers.CustomerController.Logout (Nop.Web)'
info: Microsoft.AspNetCore.Mvc.Infrastructure.ControllerActionInvoker[102]
      Route matched with {action = "Logout", controller = "Customer", area = ""}. Executing controller action with signature System.Threading.Tasks.Task`1[Microsoft.AspNetCore.Mvc.IActionResult] Logout() on controller Nop.Web.Controllers.CustomerController (Nop.Web).
info: Microsoft.AspNetCore.Authentication.Cookies.CookieAuthenticationHandler[11]
      AuthenticationScheme: Authentication signed out.
info: Microsoft.AspNetCore.Mvc.RedirectToRouteResult[1]
      Executing RedirectToRouteResult, redirecting to / from route Homepage.
info: Microsoft.AspNetCore.Mvc.Infrastructure.ControllerActionInvoker[105]
      Executed action Nop.Web.Controllers.CustomerController.Logout (Nop.Web) in 7.4938ms
info: Microsoft.AspNetCore.Routing.EndpointMiddleware[1]
      Executed endpoint 'Nop.Web.Controllers.CustomerController.Logout (Nop.Web)'
info: Microsoft.AspNetCore.Hosting.Diagnostics[2]
      Request finished HTTP/2 GET https://localhost:44376/logout - 302 - - 238.3482ms
info: Microsoft.AspNetCore.Hosting.Diagnostics[1]
      Request starting HTTP/2 GET https://localhost:44376/ - - -
info: Microsoft.AspNetCore.Routing.EndpointMiddleware[0]
      Executing endpoint 'Nop.Web.Controllers.HomeController.Index (Nop.Web)'
info: Microsoft.AspNetCore.Mvc.Infrastructure.ControllerActionInvoker[102]
      Route matched with {action = "Index", controller = "Home", area = ""}. Executing controller action with signature Microsoft.AspNetCore.Mvc.IActionResult Index() on controller Nop.Web.Controllers.HomeController (Nop.Web).
info: Microsoft.AspNetCore.Mvc.ViewFeatures.ViewResultExecutor[1]
      Executing ViewResult, running view Index.
info: Microsoft.AspNetCore.Mvc.ViewFeatures.ViewResultExecutor[4]
      Executed ViewResult - view Index executed in 2349.2936ms.
info: Microsoft.AspNetCore.Mvc.Infrastructure.ControllerActionInvoker[105]
      Executed action Nop.Web.Controllers.HomeController.Index (Nop.Web) in 2354.2709ms
info: Microsoft.AspNetCore.Routing.EndpointMiddleware[1]
      Executed endpoint 'Nop.Web.Controllers.HomeController.Index (Nop.Web)'
info: Microsoft.AspNetCore.Hosting.Diagnostics[2]
      Request finished HTTP/2 GET https://localhost:44376/ - 200 - text/html;+charset=utf-8 2586.1468ms
info: Microsoft.AspNetCore.Hosting.Diagnostics[1]
      Request starting HTTP/2 GET https://localhost:44376/.well-known/appspecific/com.chrome.devtools.json - - -
info: Microsoft.AspNetCore.Hosting.Diagnostics[1]
      Request starting HTTP/2 GET https://localhost:44376/images/phone.png - - -
info: Microsoft.AspNetCore.Hosting.Diagnostics[1]
      Request starting HTTP/2 GET https://localhost:44376/poster.jpg - - -
info: Microsoft.AspNetCore.Hosting.Diagnostics[1]
      Request starting HTTP/2 GET https://localhost:44376/_vs/browserLink - - -
info: Microsoft.AspNetCore.Hosting.Diagnostics[1]
      Request starting HTTP/2 GET https://localhost:44376/images/icons/hand-holding-dollar-solid.svg - - -
info: Microsoft.AspNetCore.Hosting.Diagnostics[1]
      Request starting HTTP/2 GET https://localhost:44376/Plugins/MWT.Plugin.Misc.MwtStorefront/Content/css/bootstrap.min.css.map - - -
info: Microsoft.AspNetCore.Hosting.Diagnostics[1]
      Request starting HTTP/2 GET https://localhost:44376/Themes/BlackWhiteTheme/Content/images/top.png - - -
info: Microsoft.AspNetCore.Hosting.Diagnostics[1]
      Request starting HTTP/2 GET https://localhost:44376/_framework/aspnetcore-browser-refresh.js - - -
info: Microsoft.AspNetCore.Hosting.Diagnostics[1]
      Request starting HTTP/2 GET https://localhost:44376/images/pixel.png - - -
info: Microsoft.AspNetCore.Hosting.Diagnostics[2]
      Request finished HTTP/2 GET https://localhost:44376/_framework/aspnetcore-browser-refresh.js - 200 16499 application/javascript;+charset=utf-8 205.7778ms
info: Microsoft.AspNetCore.Hosting.Diagnostics[1]
      Request starting HTTP/2 GET https://localhost:44376/Themes/BlackWhiteTheme/Content/fonts/anticdidone/BonaNova-Regular.woff2 - - -
info: Microsoft.AspNetCore.Hosting.Diagnostics[1]
      Request starting HTTP/2 GET https://localhost:44376/Plugins/MWT.Plugin.Misc.MwtStorefront/Content/js/bootstrap.bundle.min.js.map - - -
info: Microsoft.AspNetCore.Routing.EndpointMiddleware[0]
      Executing endpoint 'Nop.Web.Controllers.CommonController.GenericUrl (Nop.Web)'
info: Microsoft.AspNetCore.Routing.EndpointMiddleware[0]
      Executing endpoint 'Nop.Web.Controllers.CommonController.GenericUrl (Nop.Web)'
info: Microsoft.AspNetCore.Hosting.Diagnostics[2]
      Request finished HTTP/2 GET https://localhost:44376/_vs/browserLink - 200 - text/javascript;+charset=UTF-8 1169.0280ms
info: Microsoft.AspNetCore.Hosting.Diagnostics[1]
      Request starting HTTP/2 POST https://localhost:44376/CampaignManagement/showPopup - application/x-www-form-urlencoded;+charset=UTF-8 56
info: Microsoft.AspNetCore.Hosting.Diagnostics[2]
      Request finished HTTP/2 GET https://localhost:44376/Plugins/MWT.Plugin.Misc.MwtStorefront/Content/css/bootstrap.min.css.map - 404 - - 1330.7153ms
info: Microsoft.AspNetCore.Hosting.Diagnostics[16]
      Request reached the end of the middleware pipeline without being handled by application code. Request path: GET https://localhost:44376/Plugins/MWT.Plugin.Misc.MwtStorefront/Content/css/bootstrap.min.css.map, Response status code: 404
info: Microsoft.AspNetCore.Mvc.Infrastructure.ControllerActionInvoker[102]
      Route matched with {action = "GenericUrl", controller = "Common", area = ""}. Executing controller action with signature Microsoft.AspNetCore.Mvc.IActionResult GenericUrl() on controller Nop.Web.Controllers.CommonController (Nop.Web).
info: Microsoft.AspNetCore.Hosting.Diagnostics[2]
      Request finished HTTP/2 GET https://localhost:44376/.well-known/appspecific/com.chrome.devtools.json - 404 - - 1822.5638ms
info: Microsoft.AspNetCore.Hosting.Diagnostics[16]
      Request reached the end of the middleware pipeline without being handled by application code. Request path: GET https://localhost:44376/.well-known/appspecific/com.chrome.devtools.json, Response status code: 404
info: Microsoft.AspNetCore.Routing.EndpointMiddleware[0]
      Executing endpoint 'Nop.Web.Controllers.CommonController.GenericUrl (Nop.Web)'
info: Microsoft.AspNetCore.Hosting.Diagnostics[2]
      Request finished HTTP/2 GET https://localhost:44376/Themes/BlackWhiteTheme/Content/images/top.png - 404 - - 1523.6658ms
info: Microsoft.AspNetCore.Hosting.Diagnostics[16]
      Request reached the end of the middleware pipeline without being handled by application code. Request path: GET https://localhost:44376/Themes/BlackWhiteTheme/Content/images/top.png, Response status code: 404
info: Microsoft.AspNetCore.Mvc.Infrastructure.ControllerActionInvoker[102]
      Route matched with {action = "GenericUrl", controller = "Common", area = ""}. Executing controller action with signature Microsoft.AspNetCore.Mvc.IActionResult GenericUrl() on controller Nop.Web.Controllers.CommonController (Nop.Web).
info: Microsoft.AspNetCore.Routing.EndpointMiddleware[0]
      Executing endpoint 'MWT.Plugin.Misc.MwtStorefront.Controllers.CampaignManagementController.ShowPopup (MWT.Plugin.Misc.MwtStorefront)'
info: Microsoft.AspNetCore.Mvc.Infrastructure.ControllerActionInvoker[102]
      Route matched with {action = "GenericUrl", controller = "Common", area = ""}. Executing controller action with signature Microsoft.AspNetCore.Mvc.IActionResult GenericUrl() on controller Nop.Web.Controllers.CommonController (Nop.Web).
info: Microsoft.AspNetCore.Hosting.Diagnostics[2]
      Request finished HTTP/2 GET https://localhost:44376/images/icons/hand-holding-dollar-solid.svg - 404 - - 2071.3127ms
info: Microsoft.AspNetCore.Hosting.Diagnostics[16]
      Request reached the end of the middleware pipeline without being handled by application code. Request path: GET https://localhost:44376/images/icons/hand-holding-dollar-solid.svg, Response status code: 404
info: Microsoft.AspNetCore.Mvc.Infrastructure.ControllerActionInvoker[102]
      Route matched with {action = "ShowPopup", controller = "CampaignManagement", area = ""}. Executing controller action with signature System.Threading.Tasks.Task`1[Microsoft.AspNetCore.Mvc.IActionResult] ShowPopup(System.String, System.String, Boolean) on controller MWT.Plugin.Misc.MwtStorefront.Controllers.CampaignManagementController (MWT.Plugin.Misc.MwtStorefront).
info: Microsoft.AspNetCore.Mvc.Infrastructure.ControllerActionInvoker[105]
      Executed action Nop.Web.Controllers.CommonController.GenericUrl (Nop.Web) in 968.0968ms
info: Microsoft.AspNetCore.Routing.EndpointMiddleware[1]
      Executed endpoint 'Nop.Web.Controllers.CommonController.GenericUrl (Nop.Web)'
info: Microsoft.AspNetCore.Hosting.Diagnostics[2]
      Request finished HTTP/2 GET https://localhost:44376/Themes/BlackWhiteTheme/Content/fonts/anticdidone/BonaNova-Regular.woff2 - 404 - - 1686.0151ms
info: Microsoft.AspNetCore.Hosting.Diagnostics[2]
      Request finished HTTP/2 GET https://localhost:44376/poster.jpg - 404 - - 2612.8886ms
info: Microsoft.AspNetCore.Hosting.Diagnostics[16]
      Request reached the end of the middleware pipeline without being handled by application code. Request path: GET https://localhost:44376/Themes/BlackWhiteTheme/Content/fonts/anticdidone/BonaNova-Regular.woff2, Response status code: 404
info: Microsoft.AspNetCore.Hosting.Diagnostics[1]
      Request starting HTTP/2 GET https://localhost:44376/Themes/BlackWhiteTheme/Content/fonts/anticdidone/BonaNova-Regular.woff - - -
info: Microsoft.AspNetCore.Hosting.Diagnostics[2]
      Request finished HTTP/2 GET https://localhost:44376/Plugins/MWT.Plugin.Misc.MwtStorefront/Content/js/bootstrap.bundle.min.js.map - 404 - - 1498.1816ms
info: Microsoft.AspNetCore.Hosting.Diagnostics[16]
      Request reached the end of the middleware pipeline without being handled by application code. Request path: GET https://localhost:44376/Plugins/MWT.Plugin.Misc.MwtStorefront/Content/js/bootstrap.bundle.min.js.map, Response status code: 404
info: Microsoft.AspNetCore.Mvc.Infrastructure.ControllerActionInvoker[105]
      Executed action Nop.Web.Controllers.CommonController.GenericUrl (Nop.Web) in 757.5673ms
info: Microsoft.AspNetCore.Mvc.Infrastructure.ControllerActionInvoker[105]
      Executed action Nop.Web.Controllers.CommonController.GenericUrl (Nop.Web) in 632.9002ms
info: Microsoft.AspNetCore.Routing.EndpointMiddleware[1]
      Executed endpoint 'Nop.Web.Controllers.CommonController.GenericUrl (Nop.Web)'
info: Microsoft.AspNetCore.Routing.EndpointMiddleware[1]
      Executed endpoint 'Nop.Web.Controllers.CommonController.GenericUrl (Nop.Web)'
info: Microsoft.AspNetCore.Hosting.Diagnostics[2]
      Request finished HTTP/2 GET https://localhost:44376/images/pixel.png - 404 - - 2132.4890ms
info: Microsoft.AspNetCore.Mvc.NewtonsoftJson.NewtonsoftJsonResultExecutor[2]
      Executing JsonResult, writing value of type 'MWT.Plugin.Misc.MwtStorefront.Models.Catalog.Campaign_Management.CampaignPopupResultModel'.
info: Microsoft.AspNetCore.Hosting.Diagnostics[2]
      Request finished HTTP/2 GET https://localhost:44376/images/phone.png - 404 - - 2981.4079ms
info: Microsoft.AspNetCore.Mvc.Infrastructure.ControllerActionInvoker[105]
      Executed action MWT.Plugin.Misc.MwtStorefront.Controllers.CampaignManagementController.ShowPopup (MWT.Plugin.Misc.MwtStorefront) in 419.5ms
info: Microsoft.AspNetCore.Routing.EndpointMiddleware[1]
      Executed endpoint 'MWT.Plugin.Misc.MwtStorefront.Controllers.CampaignManagementController.ShowPopup (MWT.Plugin.Misc.MwtStorefront)'
info: Microsoft.AspNetCore.Hosting.Diagnostics[2]
      Request finished HTTP/2 POST https://localhost:44376/CampaignManagement/showPopup - 200 - application/json;+charset=utf-8 1598.5164ms
info: Microsoft.AspNetCore.Hosting.Diagnostics[2]
      Request finished HTTP/2 GET https://localhost:44376/Themes/BlackWhiteTheme/Content/fonts/anticdidone/BonaNova-Regular.woff - 404 - - 366.0424ms
info: Microsoft.AspNetCore.Hosting.Diagnostics[16]
      Request reached the end of the middleware pipeline without being handled by application code. Request path: GET https://localhost:44376/Themes/BlackWhiteTheme/Content/fonts/anticdidone/BonaNova-Regular.woff, Response status code: 404
info: Microsoft.AspNetCore.Hosting.Diagnostics[1]
      Request starting HTTP/2 POST https://localhost:44376/CampaignManagement/ImpressionPopup - application/x-www-form-urlencoded;+charset=UTF-8 93
info: Microsoft.AspNetCore.Routing.EndpointMiddleware[0]
      Executing endpoint 'MWT.Plugin.Misc.MwtStorefront.Controllers.CampaignManagementController.ImpressionPopup (MWT.Plugin.Misc.MwtStorefront)'
info: Microsoft.AspNetCore.Mvc.Infrastructure.ControllerActionInvoker[102]
      Route matched with {action = "ImpressionPopup", controller = "CampaignManagement", area = ""}. Executing controller action with signature System.Threading.Tasks.Task`1[Microsoft.AspNetCore.Mvc.IActionResult] ImpressionPopup(Int32, System.String, System.String, System.String, System.String, Int32, Boolean) on controller MWT.Plugin.Misc.MwtStorefront.Controllers.CampaignManagementController (MWT.Plugin.Misc.MwtStorefront).
info: Microsoft.AspNetCore.Mvc.NewtonsoftJson.NewtonsoftJsonResultExecutor[2]
      Executing JsonResult, writing value of type '<>f__AnonymousType30`1[[System.Net.HttpStatusCode, System.Net.Primitives, Version=9.0.0.0, Culture=neutral, PublicKeyToken=b03f5f7f11d50a3a]]'.
info: Microsoft.AspNetCore.Mvc.Infrastructure.ControllerActionInvoker[105]
      Executed action MWT.Plugin.Misc.MwtStorefront.Controllers.CampaignManagementController.ImpressionPopup (MWT.Plugin.Misc.MwtStorefront) in 115.3201ms
info: Microsoft.AspNetCore.Routing.EndpointMiddleware[1]
      Executed endpoint 'MWT.Plugin.Misc.MwtStorefront.Controllers.CampaignManagementController.ImpressionPopup (MWT.Plugin.Misc.MwtStorefront)'
info: Microsoft.AspNetCore.Hosting.Diagnostics[2]
      Request finished HTTP/2 POST https://localhost:44376/CampaignManagement/ImpressionPopup - 200 - application/json;+charset=utf-8 306.2434ms
info: Microsoft.AspNetCore.Hosting.Diagnostics[1]
      Request starting HTTP/2 POST https://localhost:44376/CampaignManagement/ExitPopup - application/x-www-form-urlencoded;+charset=UTF-8 54
info: Microsoft.AspNetCore.Routing.EndpointMiddleware[0]
      Executing endpoint 'MWT.Plugin.Misc.MwtStorefront.Controllers.CampaignManagementController.ExitPopup (MWT.Plugin.Misc.MwtStorefront)'
info: Microsoft.AspNetCore.Mvc.Infrastructure.ControllerActionInvoker[102]
      Route matched with {action = "ExitPopup", controller = "CampaignManagement", area = ""}. Executing controller action with signature System.Threading.Tasks.Task`1[Microsoft.AspNetCore.Mvc.IActionResult] ExitPopup(Int32, System.String, System.String, System.String, System.String) on controller MWT.Plugin.Misc.MwtStorefront.Controllers.CampaignManagementController (MWT.Plugin.Misc.MwtStorefront).
info: Microsoft.AspNetCore.Mvc.NewtonsoftJson.NewtonsoftJsonResultExecutor[2]
      Executing JsonResult, writing value of type '<>f__AnonymousType30`1[[System.Net.HttpStatusCode, System.Net.Primitives, Version=9.0.0.0, Culture=neutral, PublicKeyToken=b03f5f7f11d50a3a]]'.
info: Microsoft.AspNetCore.Mvc.Infrastructure.ControllerActionInvoker[105]
      Executed action MWT.Plugin.Misc.MwtStorefront.Controllers.CampaignManagementController.ExitPopup (MWT.Plugin.Misc.MwtStorefront) in 65.6249ms
info: Microsoft.AspNetCore.Routing.EndpointMiddleware[1]
      Executed endpoint 'MWT.Plugin.Misc.MwtStorefront.Controllers.CampaignManagementController.ExitPopup (MWT.Plugin.Misc.MwtStorefront)'
info: Microsoft.AspNetCore.Hosting.Diagnostics[2]
      Request finished HTTP/2 POST https://localhost:44376/CampaignManagement/ExitPopup - 200 - application/json;+charset=utf-8 222.0156ms
info: Microsoft.AspNetCore.Hosting.Diagnostics[1]
      Request starting HTTP/2 GET https://localhost:44376/login?returnUrl=%2F - - -
info: Microsoft.AspNetCore.Routing.EndpointMiddleware[0]
      Executing endpoint 'Nop.Web.Controllers.CustomerController.Login (Nop.Web)'
info: Microsoft.AspNetCore.Mvc.Infrastructure.ControllerActionInvoker[102]
      Route matched with {action = "Login", controller = "Customer", area = ""}. Executing controller action with signature System.Threading.Tasks.Task`1[Microsoft.AspNetCore.Mvc.IActionResult] Login(System.Nullable`1[System.Boolean]) on controller Nop.Web.Controllers.CustomerController (Nop.Web).
info: Microsoft.AspNetCore.Mvc.ViewFeatures.ViewResultExecutor[1]
      Executing ViewResult, running view Login.
info: Microsoft.AspNetCore.Mvc.ViewFeatures.ViewResultExecutor[4]
      Executed ViewResult - view Login executed in 51.8061ms.
info: Microsoft.AspNetCore.Mvc.Infrastructure.ControllerActionInvoker[105]
      Executed action Nop.Web.Controllers.CustomerController.Login (Nop.Web) in 177.5757ms
info: Microsoft.AspNetCore.Routing.EndpointMiddleware[1]
      Executed endpoint 'Nop.Web.Controllers.CustomerController.Login (Nop.Web)'
info: Microsoft.AspNetCore.Hosting.Diagnostics[2]
      Request finished HTTP/2 GET https://localhost:44376/login?returnUrl=%2F - 200 - text/html;+charset=utf-8 384.7164ms
info: Microsoft.AspNetCore.Hosting.Diagnostics[1]
      Request starting HTTP/2 GET https://localhost:44376/.well-known/appspecific/com.chrome.devtools.json - - -
info: Microsoft.AspNetCore.Hosting.Diagnostics[1]
      Request starting HTTP/2 GET https://localhost:44376/_vs/browserLink - - -
info: Microsoft.AspNetCore.Hosting.Diagnostics[1]
      Request starting HTTP/2 GET https://localhost:44376/Themes/BlackWhiteTheme/Content/images/top.png - - -
info: Microsoft.AspNetCore.Hosting.Diagnostics[1]
      Request starting HTTP/2 GET https://localhost:44376/images/phone.png - - -
info: Microsoft.AspNetCore.Hosting.Diagnostics[1]
      Request starting HTTP/2 GET https://localhost:44376/_framework/aspnetcore-browser-refresh.js - - -
info: Microsoft.AspNetCore.Hosting.Diagnostics[1]
      Request starting HTTP/2 GET https://localhost:44376/images/icons/hand-holding-dollar-solid.svg - - -
info: Microsoft.AspNetCore.Hosting.Diagnostics[2]
      Request finished HTTP/2 GET https://localhost:44376/_framework/aspnetcore-browser-refresh.js - 200 16499 application/javascript;+charset=utf-8 62.1163ms
info: Microsoft.AspNetCore.Hosting.Diagnostics[1]
      Request starting HTTP/2 GET https://localhost:44376/Plugins/MWT.Plugin.Misc.MwtStorefront/Content/css/bootstrap.min.css.map - - -
info: Microsoft.AspNetCore.Hosting.Diagnostics[1]
      Request starting HTTP/2 GET https://localhost:44376/Plugins/MWT.Plugin.Misc.MwtStorefront/Content/js/bootstrap.bundle.min.js.map - - -
info: Microsoft.AspNetCore.Hosting.Diagnostics[1]
      Request starting HTTP/2 POST https://localhost:44376/CampaignManagement/showPopup - application/x-www-form-urlencoded;+charset=UTF-8 81
info: Microsoft.AspNetCore.Hosting.Diagnostics[2]
      Request finished HTTP/2 GET https://localhost:44376/_vs/browserLink - 200 - text/javascript;+charset=UTF-8 681.4503ms
info: Microsoft.AspNetCore.Routing.EndpointMiddleware[0]
      Executing endpoint 'MWT.Plugin.Misc.MwtStorefront.Controllers.CampaignManagementController.ShowPopup (MWT.Plugin.Misc.MwtStorefront)'
info: Microsoft.AspNetCore.Hosting.Diagnostics[2]
      Request finished HTTP/2 GET https://localhost:44376/.well-known/appspecific/com.chrome.devtools.json - 404 - - 1064.2366ms
info: Microsoft.AspNetCore.Hosting.Diagnostics[2]
      Request finished HTTP/2 GET https://localhost:44376/Plugins/MWT.Plugin.Misc.MwtStorefront/Content/js/bootstrap.bundle.min.js.map - 404 - - 856.5049ms
info: Microsoft.AspNetCore.Hosting.Diagnostics[16]
      Request reached the end of the middleware pipeline without being handled by application code. Request path: GET https://localhost:44376/.well-known/appspecific/com.chrome.devtools.json, Response status code: 404
info: Microsoft.AspNetCore.Hosting.Diagnostics[16]
      Request reached the end of the middleware pipeline without being handled by application code. Request path: GET https://localhost:44376/Plugins/MWT.Plugin.Misc.MwtStorefront/Content/js/bootstrap.bundle.min.js.map, Response status code: 404
info: Microsoft.AspNetCore.Hosting.Diagnostics[1]
      Request starting HTTP/2 GET https://localhost:44376/.well-known/appspecific/com.chrome.devtools.json - - -
info: Microsoft.AspNetCore.Hosting.Diagnostics[2]
      Request finished HTTP/2 GET https://localhost:44376/images/icons/hand-holding-dollar-solid.svg - 404 - - 1205.0433ms
info: Microsoft.AspNetCore.Hosting.Diagnostics[16]
      Request reached the end of the middleware pipeline without being handled by application code. Request path: GET https://localhost:44376/images/icons/hand-holding-dollar-solid.svg, Response status code: 404
info: Microsoft.AspNetCore.Mvc.Infrastructure.ControllerActionInvoker[102]
      Route matched with {action = "ShowPopup", controller = "CampaignManagement", area = ""}. Executing controller action with signature System.Threading.Tasks.Task`1[Microsoft.AspNetCore.Mvc.IActionResult] ShowPopup(System.String, System.String, Boolean) on controller MWT.Plugin.Misc.MwtStorefront.Controllers.CampaignManagementController (MWT.Plugin.Misc.MwtStorefront).
info: Microsoft.AspNetCore.Routing.EndpointMiddleware[0]
      Executing endpoint 'Nop.Web.Controllers.CommonController.GenericUrl (Nop.Web)'
info: Microsoft.AspNetCore.Mvc.Infrastructure.ControllerActionInvoker[102]
      Route matched with {action = "GenericUrl", controller = "Common", area = ""}. Executing controller action with signature Microsoft.AspNetCore.Mvc.IActionResult GenericUrl() on controller Nop.Web.Controllers.CommonController (Nop.Web).
info: Microsoft.AspNetCore.Mvc.Infrastructure.ControllerActionInvoker[105]
      Executed action Nop.Web.Controllers.CommonController.GenericUrl (Nop.Web) in 1.3615ms
info: Microsoft.AspNetCore.Routing.EndpointMiddleware[1]
      Executed endpoint 'Nop.Web.Controllers.CommonController.GenericUrl (Nop.Web)'
info: Microsoft.AspNetCore.Hosting.Diagnostics[2]
      Request finished HTTP/2 GET https://localhost:44376/images/phone.png - 404 - - 1751.5339ms
info: Microsoft.AspNetCore.Hosting.Diagnostics[2]
      Request finished HTTP/2 GET https://localhost:44376/Plugins/MWT.Plugin.Misc.MwtStorefront/Content/css/bootstrap.min.css.map - 404 - - 1598.3986ms
info: Microsoft.AspNetCore.Hosting.Diagnostics[16]
      Request reached the end of the middleware pipeline without being handled by application code. Request path: GET https://localhost:44376/Plugins/MWT.Plugin.Misc.MwtStorefront/Content/css/bootstrap.min.css.map, Response status code: 404
info: Microsoft.AspNetCore.Hosting.Diagnostics[2]
      Request finished HTTP/2 GET https://localhost:44376/.well-known/appspecific/com.chrome.devtools.json - 404 - - 653.8666ms
info: Microsoft.AspNetCore.Mvc.NewtonsoftJson.NewtonsoftJsonResultExecutor[2]
      Executing JsonResult, writing value of type 'MWT.Plugin.Misc.MwtStorefront.Models.Catalog.Campaign_Management.CampaignPopupResultModel'.
info: Microsoft.AspNetCore.Hosting.Diagnostics[16]
      Request reached the end of the middleware pipeline without being handled by application code. Request path: GET https://localhost:44376/.well-known/appspecific/com.chrome.devtools.json, Response status code: 404
info: Microsoft.AspNetCore.Mvc.Infrastructure.ControllerActionInvoker[105]
      Executed action MWT.Plugin.Misc.MwtStorefront.Controllers.CampaignManagementController.ShowPopup (MWT.Plugin.Misc.MwtStorefront) in 393.7071ms
info: Microsoft.AspNetCore.Routing.EndpointMiddleware[1]
      Executed endpoint 'MWT.Plugin.Misc.MwtStorefront.Controllers.CampaignManagementController.ShowPopup (MWT.Plugin.Misc.MwtStorefront)'
info: Microsoft.AspNetCore.Hosting.Diagnostics[2]
      Request finished HTTP/2 GET https://localhost:44376/Themes/BlackWhiteTheme/Content/images/top.png - 404 - - 1867.7575ms
info: Microsoft.AspNetCore.Hosting.Diagnostics[2]
      Request finished HTTP/2 POST https://localhost:44376/CampaignManagement/showPopup - 200 - application/json;+charset=utf-8 1410.3487ms
info: Microsoft.AspNetCore.Hosting.Diagnostics[16]
      Request reached the end of the middleware pipeline without being handled by application code. Request path: GET https://localhost:44376/Themes/BlackWhiteTheme/Content/images/top.png, Response status code: 404
info: Microsoft.AspNetCore.Hosting.Diagnostics[1]
      Request starting HTTP/2 GET https://localhost:44376/GoogleAuthentication/Login?provider=Google&returnUrl=/&isCheckout=false - - -
info: Microsoft.AspNetCore.Routing.EndpointMiddleware[0]
      Executing endpoint 'Nop.Plugin.ExternalAuth.Google.Controllers.GoogleAuthenticationController.Login (Nop.Plugin.ExternalAuth.Google)'
info: Microsoft.AspNetCore.Mvc.Infrastructure.ControllerActionInvoker[102]
      Route matched with {action = "Login", controller = "GoogleAuthentication", area = ""}. Executing controller action with signature System.Threading.Tasks.Task`1[Microsoft.AspNetCore.Mvc.IActionResult] Login(System.String, Boolean) on controller Nop.Plugin.ExternalAuth.Google.Controllers.GoogleAuthenticationController (Nop.Plugin.ExternalAuth.Google).
info: Microsoft.AspNetCore.Mvc.ChallengeResult[1]
      Executing ChallengeResult with authentication schemes (Google).
info: Microsoft.AspNetCore.Authentication.Google.GoogleHandler[12]
      AuthenticationScheme: Google was challenged.
info: Microsoft.AspNetCore.Mvc.Infrastructure.ControllerActionInvoker[105]
      Executed action Nop.Plugin.ExternalAuth.Google.Controllers.GoogleAuthenticationController.Login (Nop.Plugin.ExternalAuth.Google) in 85.9641ms
info: Microsoft.AspNetCore.Routing.EndpointMiddleware[1]
      Executed endpoint 'Nop.Plugin.ExternalAuth.Google.Controllers.GoogleAuthenticationController.Login (Nop.Plugin.ExternalAuth.Google)'
info: Microsoft.AspNetCore.Hosting.Diagnostics[2]
      Request finished HTTP/2 GET https://localhost:44376/GoogleAuthentication/Login?provider=Google&returnUrl=/&isCheckout=false - 302 - - 319.8287ms
info: Microsoft.AspNetCore.Hosting.Diagnostics[1]
      Request starting HTTP/2 GET https://localhost:44376/signin-google?state=CfDJ8IqKR-tpEABHskhMJ_Q1_Oqcu6_hXoJUfexYgxB--YkQ-V0akNKazETIIozn3QfABKUvV6vwrcjTsmBVbBlc7FCB1KGzq_fLYFLU5LvA829_MGsQoBUQTPueuXtckOmce1wXX74aY1EkPlsID6osKsu3MP1gSHZBTsUZRwsTih4PgS3knw-dX_R3JJpRcijwSVZuqKd1tpjx2ahjxIwQdQ4Ji6cghFkAHtEdkf0PJMKM70oVetO3AwABw-yfAXDT9yp9t8HfBSzZUikhUiqXX_5zvR6gPVfy9sXxn42XJLiO7TxAAA5-ZkjKGmEnFlyhdA&iss=https%3A%2F%2Faccounts.google.com&code=4%2F0ATsMZqCvEW-6kLoe0FGzHbKx6R1cEkIyTHkiqOm_QmFWuYxz5iw31z8W1Ll0esn8Hy_g8w&scope=email+profile+https%3A%2F%2Fwww.googleapis.com%2Fauth%2Fuserinfo.profile+https%3A%2F%2Fwww.googleapis.com%2Fauth%2Fuserinfo.email+openid&authuser=0&hd=mindwebtree.com&prompt=consent - - -
info: Microsoft.AspNetCore.Authentication.Cookies.CookieAuthenticationHandler[10]
      AuthenticationScheme: ExternalAuthentication signed in.
info: Microsoft.AspNetCore.Hosting.Diagnostics[2]
      Request finished HTTP/2 GET https://localhost:44376/signin-google?state=CfDJ8IqKR-tpEABHskhMJ_Q1_Oqcu6_hXoJUfexYgxB--YkQ-V0akNKazETIIozn3QfABKUvV6vwrcjTsmBVbBlc7FCB1KGzq_fLYFLU5LvA829_MGsQoBUQTPueuXtckOmce1wXX74aY1EkPlsID6osKsu3MP1gSHZBTsUZRwsTih4PgS3knw-dX_R3JJpRcijwSVZuqKd1tpjx2ahjxIwQdQ4Ji6cghFkAHtEdkf0PJMKM70oVetO3AwABw-yfAXDT9yp9t8HfBSzZUikhUiqXX_5zvR6gPVfy9sXxn42XJLiO7TxAAA5-ZkjKGmEnFlyhdA&iss=https%3A%2F%2Faccounts.google.com&code=4%2F0ATsMZqCvEW-6kLoe0FGzHbKx6R1cEkIyTHkiqOm_QmFWuYxz5iw31z8W1Ll0esn8Hy_g8w&scope=email+profile+https%3A%2F%2Fwww.googleapis.com%2Fauth%2Fuserinfo.profile+https%3A%2F%2Fwww.googleapis.com%2Fauth%2Fuserinfo.email+openid&authuser=0&hd=mindwebtree.com&prompt=consent - 302 - - 430.0743ms
info: Microsoft.AspNetCore.Hosting.Diagnostics[1]
      Request starting HTTP/2 GET https://localhost:44376/GoogleAuthentication/LoginCallback?returnUrl=%2F - - -
info: Microsoft.AspNetCore.Routing.EndpointMiddleware[0]
      Executing endpoint 'Nop.Plugin.ExternalAuth.Google.Controllers.GoogleAuthenticationController.LoginCallback (Nop.Plugin.ExternalAuth.Google)'
info: Microsoft.AspNetCore.Mvc.Infrastructure.ControllerActionInvoker[102]
      Route matched with {action = "LoginCallback", controller = "GoogleAuthentication", area = ""}. Executing controller action with signature System.Threading.Tasks.Task`1[Microsoft.AspNetCore.Mvc.IActionResult] LoginCallback(System.String) on controller Nop.Plugin.ExternalAuth.Google.Controllers.GoogleAuthenticationController (Nop.Plugin.ExternalAuth.Google).
info: Microsoft.AspNetCore.Authentication.Cookies.CookieAuthenticationHandler[11]
      AuthenticationScheme: ExternalAuthentication signed out.
info: Microsoft.AspNetCore.Authentication.Cookies.CookieAuthenticationHandler[10]
      AuthenticationScheme: Authentication signed in.
info: Microsoft.AspNetCore.Mvc.Infrastructure.ContentResultExecutor[1]
      Executing ContentResult with HTTP Response ContentType of text/html
info: Microsoft.AspNetCore.Mvc.Infrastructure.ControllerActionInvoker[105]
      Executed action Nop.Plugin.ExternalAuth.Google.Controllers.GoogleAuthenticationController.LoginCallback (Nop.Plugin.ExternalAuth.Google) in 134.761ms
info: Microsoft.AspNetCore.Routing.EndpointMiddleware[1]
      Executed endpoint 'Nop.Plugin.ExternalAuth.Google.Controllers.GoogleAuthenticationController.LoginCallback (Nop.Plugin.ExternalAuth.Google)'
warn: Microsoft.WebTools.BrowserLink.Net.BrowserLinkMiddleware[3]
      Unable to configure Browser Link script injection on the response. 
warn: Microsoft.AspNetCore.Watch.BrowserRefresh.BrowserRefreshMiddleware[3]
      Unable to configure browser refresh script injection on the response. Consider manually adding '<script src="/_framework/aspnetcore-browser-refresh.js"></script>' to the body of the page.
info: Microsoft.AspNetCore.Hosting.Diagnostics[2]
      Request finished HTTP/2 GET https://localhost:44376/GoogleAuthentication/LoginCallback?returnUrl=%2F - 200 - text/html 620.3820ms
info: Microsoft.AspNetCore.Hosting.Diagnostics[1]
      Request starting HTTP/2 GET https://localhost:44376/ - - -
info: Microsoft.AspNetCore.Routing.EndpointMiddleware[0]
      Executing endpoint 'Nop.Web.Controllers.HomeController.Index (Nop.Web)'
info: Microsoft.AspNetCore.Mvc.Infrastructure.ControllerActionInvoker[102]
      Route matched with {action = "Index", controller = "Home", area = ""}. Executing controller action with signature Microsoft.AspNetCore.Mvc.IActionResult Index() on controller Nop.Web.Controllers.HomeController (Nop.Web).
info: Microsoft.AspNetCore.Mvc.ViewFeatures.ViewResultExecutor[1]
      Executing ViewResult, running view Index.
info: Microsoft.AspNetCore.Mvc.ViewFeatures.ViewResultExecutor[4]
      Executed ViewResult - view Index executed in 386.6344ms.
info: Microsoft.AspNetCore.Mvc.Infrastructure.ControllerActionInvoker[105]
      Executed action Nop.Web.Controllers.HomeController.Index (Nop.Web) in 390.4752ms
info: Microsoft.AspNetCore.Routing.EndpointMiddleware[1]
      Executed endpoint 'Nop.Web.Controllers.HomeController.Index (Nop.Web)'
info: Microsoft.AspNetCore.Hosting.Diagnostics[2]
      Request finished HTTP/2 GET https://localhost:44376/ - 200 - text/html;+charset=utf-8 741.8369ms
info: Microsoft.AspNetCore.Hosting.Diagnostics[1]
      Request starting HTTP/2 GET https://localhost:44376/images/thumbs/0430231_gimli-rustic-freestanding-kitchen-pantry-cabinet-with-drawers_100.jpeg - - -
info: Microsoft.AspNetCore.Hosting.Diagnostics[1]
      Request starting HTTP/2 GET https://localhost:44376/.well-known/appspecific/com.chrome.devtools.json - - -
info: Microsoft.AspNetCore.Hosting.Diagnostics[1]
      Request starting HTTP/2 GET https://localhost:44376/images/pixel.png - - -
info: Microsoft.AspNetCore.Hosting.Diagnostics[1]
      Request starting HTTP/2 GET https://localhost:44376/images/icons/hand-holding-dollar-solid.svg - - -
info: Microsoft.AspNetCore.Hosting.Diagnostics[1]
      Request starting HTTP/2 GET https://localhost:44376/_framework/aspnetcore-browser-refresh.js - - -
info: Microsoft.AspNetCore.Hosting.Diagnostics[1]
      Request starting HTTP/2 GET https://localhost:44376/images/phone.png - - -
info: Microsoft.AspNetCore.Hosting.Diagnostics[2]
      Request finished HTTP/2 GET https://localhost:44376/_framework/aspnetcore-browser-refresh.js - 200 16499 application/javascript;+charset=utf-8 94.5556ms
info: Microsoft.AspNetCore.Hosting.Diagnostics[1]
      Request starting HTTP/2 GET https://localhost:44376/_vs/browserLink - - -
info: Microsoft.AspNetCore.Hosting.Diagnostics[1]
      Request starting HTTP/2 GET https://localhost:44376/Themes/BlackWhiteTheme/Content/images/top.png - - -
info: Microsoft.AspNetCore.Hosting.Diagnostics[1]
      Request starting HTTP/2 GET https://localhost:44376/poster.jpg - - -
info: Microsoft.AspNetCore.Hosting.Diagnostics[1]
      Request starting HTTP/2 GET https://localhost:44376/Plugins/MWT.Plugin.Misc.MwtStorefront/Content/css/bootstrap.min.css.map - - -
info: Microsoft.AspNetCore.Hosting.Diagnostics[1]
      Request starting HTTP/2 GET https://localhost:44376/Themes/BlackWhiteTheme/Content/fonts/anticdidone/BonaNova-Regular.woff2 - - -
info: Microsoft.AspNetCore.Hosting.Diagnostics[1]
      Request starting HTTP/2 GET https://localhost:44376/Plugins/MWT.Plugin.Misc.MwtStorefront/Content/js/bootstrap.bundle.min.js.map - - -
info: Microsoft.AspNetCore.Hosting.Diagnostics[1]
      Request starting HTTP/2 POST https://localhost:44376/CampaignManagement/showPopup - application/x-www-form-urlencoded;+charset=UTF-8 56
info: Microsoft.AspNetCore.Hosting.Diagnostics[2]
      Request finished HTTP/2 GET https://localhost:44376/_vs/browserLink - 200 - text/javascript;+charset=UTF-8 1698.6089ms
info: Microsoft.AspNetCore.Routing.EndpointMiddleware[0]
      Executing endpoint 'MWT.Plugin.Misc.MwtStorefront.Controllers.CampaignManagementController.ShowPopup (MWT.Plugin.Misc.MwtStorefront)'
info: Microsoft.AspNetCore.Mvc.Infrastructure.ControllerActionInvoker[102]
      Route matched with {action = "ShowPopup", controller = "CampaignManagement", area = ""}. Executing controller action with signature System.Threading.Tasks.Task`1[Microsoft.AspNetCore.Mvc.IActionResult] ShowPopup(System.String, System.String, Boolean) on controller MWT.Plugin.Misc.MwtStorefront.Controllers.CampaignManagementController (MWT.Plugin.Misc.MwtStorefront).
info: Microsoft.AspNetCore.Hosting.Diagnostics[2]
      Request finished HTTP/2 GET https://localhost:44376/images/thumbs/0430231_gimli-rustic-freestanding-kitchen-pantry-cabinet-with-drawers_100.jpeg - 404 - - 2078.8426ms
info: Microsoft.AspNetCore.Hosting.Diagnostics[2]
      Request finished HTTP/2 GET https://localhost:44376/Themes/BlackWhiteTheme/Content/images/top.png - 404 - - 1594.2400ms
info: Microsoft.AspNetCore.Hosting.Diagnostics[16]
      Request reached the end of the middleware pipeline without being handled by application code. Request path: GET https://localhost:44376/images/thumbs/0430231_gimli-rustic-freestanding-kitchen-pantry-cabinet-with-drawers_100.jpeg, Response status code: 404
info: Microsoft.AspNetCore.Hosting.Diagnostics[16]
      Request reached the end of the middleware pipeline without being handled by application code. Request path: GET https://localhost:44376/Themes/BlackWhiteTheme/Content/images/top.png, Response status code: 404
info: Microsoft.AspNetCore.Hosting.Diagnostics[2]
      Request finished HTTP/2 GET https://localhost:44376/Plugins/MWT.Plugin.Misc.MwtStorefront/Content/css/bootstrap.min.css.map - 404 - - 1039.8980ms
info: Microsoft.AspNetCore.Hosting.Diagnostics[16]
      Request reached the end of the middleware pipeline without being handled by application code. Request path: GET https://localhost:44376/Plugins/MWT.Plugin.Misc.MwtStorefront/Content/css/bootstrap.min.css.map, Response status code: 404
info: Microsoft.AspNetCore.Hosting.Diagnostics[2]
      Request finished HTTP/2 GET https://localhost:44376/.well-known/appspecific/com.chrome.devtools.json - 404 - - 2152.1957ms
info: Microsoft.AspNetCore.Hosting.Diagnostics[16]
      Request reached the end of the middleware pipeline without being handled by application code. Request path: GET https://localhost:44376/.well-known/appspecific/com.chrome.devtools.json, Response status code: 404
info: Microsoft.AspNetCore.Routing.EndpointMiddleware[0]
      Executing endpoint 'Nop.Web.Controllers.CommonController.GenericUrl (Nop.Web)'
info: Microsoft.AspNetCore.Routing.EndpointMiddleware[0]
      Executing endpoint 'Nop.Web.Controllers.CommonController.GenericUrl (Nop.Web)'
info: Microsoft.AspNetCore.Routing.EndpointMiddleware[0]
      Executing endpoint 'Nop.Web.Controllers.CommonController.GenericUrl (Nop.Web)'
info: Microsoft.AspNetCore.Mvc.Infrastructure.ControllerActionInvoker[102]
      Route matched with {action = "GenericUrl", controller = "Common", area = ""}. Executing controller action with signature Microsoft.AspNetCore.Mvc.IActionResult GenericUrl() on controller Nop.Web.Controllers.CommonController (Nop.Web).
info: Microsoft.AspNetCore.Mvc.Infrastructure.ControllerActionInvoker[102]
      Route matched with {action = "GenericUrl", controller = "Common", area = ""}. Executing controller action with signature Microsoft.AspNetCore.Mvc.IActionResult GenericUrl() on controller Nop.Web.Controllers.CommonController (Nop.Web).
info: Microsoft.AspNetCore.Hosting.Diagnostics[2]
      Request finished HTTP/2 GET https://localhost:44376/Plugins/MWT.Plugin.Misc.MwtStorefront/Content/js/bootstrap.bundle.min.js.map - 404 - - 1266.9632ms
info: Microsoft.AspNetCore.Hosting.Diagnostics[2]
      Request finished HTTP/2 GET https://localhost:44376/images/icons/hand-holding-dollar-solid.svg - 404 - - 2534.2585ms
info: Microsoft.AspNetCore.Hosting.Diagnostics[16]
      Request reached the end of the middleware pipeline without being handled by application code. Request path: GET https://localhost:44376/Plugins/MWT.Plugin.Misc.MwtStorefront/Content/js/bootstrap.bundle.min.js.map, Response status code: 404
info: Microsoft.AspNetCore.Hosting.Diagnostics[16]
      Request reached the end of the middleware pipeline without being handled by application code. Request path: GET https://localhost:44376/images/icons/hand-holding-dollar-solid.svg, Response status code: 404
info: Microsoft.AspNetCore.Mvc.Infrastructure.ControllerActionInvoker[105]
      Executed action Nop.Web.Controllers.CommonController.GenericUrl (Nop.Web) in 100.2538ms
info: Microsoft.AspNetCore.Routing.EndpointMiddleware[1]
      Executed endpoint 'Nop.Web.Controllers.CommonController.GenericUrl (Nop.Web)'
info: Microsoft.AspNetCore.Hosting.Diagnostics[2]
      Request finished HTTP/2 GET https://localhost:44376/images/phone.png - 404 - - 2672.0969ms
info: Microsoft.AspNetCore.Mvc.Infrastructure.ControllerActionInvoker[105]
      Executed action Nop.Web.Controllers.CommonController.GenericUrl (Nop.Web) in 180.6121ms
info: Microsoft.AspNetCore.Routing.EndpointMiddleware[1]
      Executed endpoint 'Nop.Web.Controllers.CommonController.GenericUrl (Nop.Web)'
info: Microsoft.AspNetCore.Hosting.Diagnostics[2]
      Request finished HTTP/2 GET https://localhost:44376/Themes/BlackWhiteTheme/Content/fonts/anticdidone/BonaNova-Regular.woff2 - 404 - - 1770.0929ms
info: Microsoft.AspNetCore.Hosting.Diagnostics[16]
      Request reached the end of the middleware pipeline without being handled by application code. Request path: GET https://localhost:44376/Themes/BlackWhiteTheme/Content/fonts/anticdidone/BonaNova-Regular.woff2, Response status code: 404
info: Microsoft.AspNetCore.Hosting.Diagnostics[1]
      Request starting HTTP/2 GET https://localhost:44376/Themes/BlackWhiteTheme/Content/fonts/anticdidone/BonaNova-Regular.woff - - -
info: Microsoft.AspNetCore.Hosting.Diagnostics[2]
      Request finished HTTP/2 GET https://localhost:44376/images/pixel.png - 404 - - 2881.1936ms
info: Microsoft.AspNetCore.Mvc.Infrastructure.ControllerActionInvoker[102]
      Route matched with {action = "GenericUrl", controller = "Common", area = ""}. Executing controller action with signature Microsoft.AspNetCore.Mvc.IActionResult GenericUrl() on controller Nop.Web.Controllers.CommonController (Nop.Web).
info: Microsoft.AspNetCore.Mvc.NewtonsoftJson.NewtonsoftJsonResultExecutor[2]
      Executing JsonResult, writing value of type 'MWT.Plugin.Misc.MwtStorefront.Models.Catalog.Campaign_Management.CampaignPopupResultModel'.
info: Microsoft.AspNetCore.Mvc.Infrastructure.ControllerActionInvoker[105]
      Executed action MWT.Plugin.Misc.MwtStorefront.Controllers.CampaignManagementController.ShowPopup (MWT.Plugin.Misc.MwtStorefront) in 886.3116ms
info: Microsoft.AspNetCore.Routing.EndpointMiddleware[1]
      Executed endpoint 'MWT.Plugin.Misc.MwtStorefront.Controllers.CampaignManagementController.ShowPopup (MWT.Plugin.Misc.MwtStorefront)'
info: Microsoft.AspNetCore.Hosting.Diagnostics[2]
      Request finished HTTP/2 POST https://localhost:44376/CampaignManagement/showPopup - 200 - application/json;+charset=utf-8 1460.7549ms
info: Microsoft.AspNetCore.Mvc.Infrastructure.ControllerActionInvoker[105]
      Executed action Nop.Web.Controllers.CommonController.GenericUrl (Nop.Web) in 154.608ms
info: Microsoft.AspNetCore.Routing.EndpointMiddleware[1]
      Executed endpoint 'Nop.Web.Controllers.CommonController.GenericUrl (Nop.Web)'
info: Microsoft.AspNetCore.Hosting.Diagnostics[2]
      Request finished HTTP/2 GET https://localhost:44376/poster.jpg - 404 - - 2054.1581ms
info: Microsoft.AspNetCore.Hosting.Diagnostics[2]
      Request finished HTTP/2 GET https://localhost:44376/Themes/BlackWhiteTheme/Content/fonts/anticdidone/BonaNova-Regular.woff - 404 - - 222.4169ms
info: Microsoft.AspNetCore.Hosting.Diagnostics[16]
      Request reached the end of the middleware pipeline without being handled by application code. Request path: GET https://localhost:44376/Themes/BlackWhiteTheme/Content/fonts/anticdidone/BonaNova-Regular.woff, Response status code: 404
info: Microsoft.AspNetCore.Hosting.Diagnostics[1]
      Request starting HTTP/2 GET https://localhost:44376/Admin - - -
info: Microsoft.AspNetCore.Routing.EndpointMiddleware[0]
      Executing endpoint 'Nop.Web.Areas.Admin.Controllers.HomeController.Index (Nop.Web)'
info: Microsoft.AspNetCore.Mvc.Infrastructure.ControllerActionInvoker[102]
      Route matched with {area = "Admin", action = "Index", controller = "Home"}. Executing controller action with signature System.Threading.Tasks.Task`1[Microsoft.AspNetCore.Mvc.IActionResult] Index() on controller Nop.Web.Areas.Admin.Controllers.HomeController (Nop.Web).
info: Microsoft.AspNetCore.Mvc.ViewFeatures.ViewResultExecutor[1]
      Executing ViewResult, running view Index.
info: System.Net.Http.HttpClient.NopHttpClient.LogicalHandler[100]
      Start processing HTTP request GET https://www.nopcommerce.com/nopcommerce-news-rss?*
info: System.Net.Http.HttpClient.NopHttpClient.ClientHandler[100]
      Sending HTTP request GET https://www.nopcommerce.com/nopcommerce-news-rss?*
info: System.Net.Http.HttpClient.NopHttpClient.ClientHandler[101]
      Received HTTP response headers after 359.652ms - 200
info: System.Net.Http.HttpClient.NopHttpClient.LogicalHandler[101]
      End processing HTTP request after 363.8675ms - 200
info: Microsoft.AspNetCore.Mvc.ViewFeatures.ViewResultExecutor[4]
      Executed ViewResult - view Index executed in 428.2139ms.
info: Microsoft.AspNetCore.Mvc.Infrastructure.ControllerActionInvoker[105]
      Executed action Nop.Web.Areas.Admin.Controllers.HomeController.Index (Nop.Web) in 630.1108ms
info: Microsoft.AspNetCore.Routing.EndpointMiddleware[1]
      Executed endpoint 'Nop.Web.Areas.Admin.Controllers.HomeController.Index (Nop.Web)'
info: Microsoft.AspNetCore.Hosting.Diagnostics[2]
      Request finished HTTP/2 GET https://localhost:44376/Admin - 200 - text/html;+charset=utf-8 779.5381ms
info: Microsoft.AspNetCore.Hosting.Diagnostics[1]
      Request starting HTTP/2 GET https://localhost:44376/.well-known/appspecific/com.chrome.devtools.json - - -
info: Microsoft.AspNetCore.Hosting.Diagnostics[2]
      Request finished HTTP/2 GET https://localhost:44376/.well-known/appspecific/com.chrome.devtools.json - 404 - - 117.2301ms
info: Microsoft.AspNetCore.Hosting.Diagnostics[16]
      Request reached the end of the middleware pipeline without being handled by application code. Request path: GET https://localhost:44376/.well-known/appspecific/com.chrome.devtools.json, Response status code: 404
info: Microsoft.AspNetCore.Hosting.Diagnostics[1]
      Request starting HTTP/2 GET https://localhost:44376/_framework/aspnetcore-browser-refresh.js - - -
info: Microsoft.AspNetCore.Hosting.Diagnostics[1]
      Request starting HTTP/2 GET https://localhost:44376/_vs/browserLink - - -
info: Microsoft.AspNetCore.Hosting.Diagnostics[2]
      Request finished HTTP/2 GET https://localhost:44376/_framework/aspnetcore-browser-refresh.js - 200 16499 application/javascript;+charset=utf-8 23.1543ms
info: Microsoft.AspNetCore.Hosting.Diagnostics[2]
      Request finished HTTP/2 GET https://localhost:44376/_vs/browserLink - 200 - text/javascript;+charset=UTF-8 70.6255ms
info: Microsoft.AspNetCore.Hosting.Diagnostics[1]
      Request starting HTTP/2 GET https://localhost:44376/Admin/Plugin/AdminNavigationPlugins?_=1789984963958 - - -
info: Microsoft.AspNetCore.Routing.EndpointMiddleware[0]
      Executing endpoint 'Nop.Web.Areas.Admin.Controllers.PluginController.AdminNavigationPlugins (Nop.Web)'
info: Microsoft.AspNetCore.Mvc.Infrastructure.ControllerActionInvoker[102]
      Route matched with {area = "Admin", action = "AdminNavigationPlugins", controller = "Plugin"}. Executing controller action with signature System.Threading.Tasks.Task`1[Microsoft.AspNetCore.Mvc.IActionResult] AdminNavigationPlugins() on controller Nop.Web.Areas.Admin.Controllers.PluginController (Nop.Web).
DiscountRequirement.MustBeAssignedToCustomerRole
DiscountRequirement.ItemsBelowPrice
CurrencyExchange.ECB
ExternalAuth.Apple
ExternalAuth.Google
Misc.Omnisend
MWT.Redirect
MWT.Misc
MWT.Plugin.Misc.MwtStorefront
MultiFactorAuth.GoogleAuthenticator
MWT.Nop.Plugin.MegaMenu
MWT.Nop.Plugin.Widgets.Catalog
MWT.Shipping.FixedByWeightByTotal
NopAdvance.DiscountRules.CartSubTotal
Payments.Affirm
Payments.PayPalCommerce
Payments.AuthorizeNetHostedPayment
Payments.CashOnDelivery
Pickup.PickupInStore
Shipping.FixedByWeightByTotal
Shipping.UPS
MWT.Tax.FixedOrByCountryStateZip
Tax.Avalara
Widgets.FacebookPixel
Widgets.GoogleAnalytics
info: Microsoft.AspNetCore.Mvc.NewtonsoftJson.NewtonsoftJsonResultExecutor[2]
      Executing JsonResult, writing value of type 'System.Collections.Generic.List`1[[<>f__AnonymousType26`5[[System.String, System.Private.CoreLib, Version=9.0.0.0, Culture=neutral, PublicKeyToken=7cec85d7bea7798e],[System.String, System.Private.CoreLib, Version=9.0.0.0, Culture=neutral, PublicKeyToken=7cec85d7bea7798e],[System.String, System.Private.CoreLib, Version=9.0.0.0, Culture=neutral, PublicKeyToken=7cec85d7bea7798e],[System.String, System.Private.CoreLib, Version=9.0.0.0, Culture=neutral, PublicKeyToken=7cec85d7bea7798e],[System.Int32, System.Private.CoreLib, Version=9.0.0.0, Culture=neutral, PublicKeyToken=7cec85d7bea7798e]], Nop.Web, Version=4.90.0.0, Culture=neutral, PublicKeyToken=null]]'.
info: Microsoft.AspNetCore.Mvc.Infrastructure.ControllerActionInvoker[105]
      Executed action Nop.Web.Areas.Admin.Controllers.PluginController.AdminNavigationPlugins (Nop.Web) in 171.394ms
info: Microsoft.AspNetCore.Routing.EndpointMiddleware[1]
      Executed endpoint 'Nop.Web.Areas.Admin.Controllers.PluginController.AdminNavigationPlugins (Nop.Web)'
info: Microsoft.AspNetCore.Hosting.Diagnostics[2]
      Request finished HTTP/2 GET https://localhost:44376/Admin/Plugin/AdminNavigationPlugins?_=1789984963958 - 200 - application/json;+charset=utf-8 396.0446ms
info: Microsoft.AspNetCore.Hosting.Diagnostics[1]
      Request starting HTTP/2 GET https://localhost:44376/CustomOrder/Order/List - - -
info: Microsoft.AspNetCore.Routing.EndpointMiddleware[0]
      Executing endpoint 'MWT.Plugin.Misc.MwtStorefront.Areas.CustomOrder.Controllers.OrderController.List (MWT.Plugin.Misc.MwtStorefront)'
info: Microsoft.AspNetCore.Mvc.Infrastructure.ControllerActionInvoker[102]
      Route matched with {area = "CustomOrder", action = "List", controller = "Order"}. Executing controller action with signature System.Threading.Tasks.Task`1[Microsoft.AspNetCore.Mvc.IActionResult] List() on controller MWT.Plugin.Misc.MwtStorefront.Areas.CustomOrder.Controllers.OrderController (MWT.Plugin.Misc.MwtStorefront).
info: Microsoft.AspNetCore.Mvc.ViewFeatures.ViewResultExecutor[1]
      Executing ViewResult, running view List.
info: Microsoft.AspNetCore.Mvc.ViewFeatures.ViewResultExecutor[4]
      Executed ViewResult - view List executed in 2630.8138ms.
info: Microsoft.AspNetCore.Mvc.Infrastructure.ControllerActionInvoker[105]
      Executed action MWT.Plugin.Misc.MwtStorefront.Areas.CustomOrder.Controllers.OrderController.List (MWT.Plugin.Misc.MwtStorefront) in 2899.0767ms
info: Microsoft.AspNetCore.Routing.EndpointMiddleware[1]
      Executed endpoint 'MWT.Plugin.Misc.MwtStorefront.Areas.CustomOrder.Controllers.OrderController.List (MWT.Plugin.Misc.MwtStorefront)'
info: Microsoft.AspNetCore.Hosting.Diagnostics[2]
      Request finished HTTP/2 GET https://localhost:44376/CustomOrder/Order/List - 200 - text/html;+charset=utf-8 3082.4788ms
info: Microsoft.AspNetCore.Hosting.Diagnostics[1]
      Request starting HTTP/2 GET https://localhost:44376/css/Customizations/Areas/CustomOrder/bootstrap.min.css - - -
info: Microsoft.AspNetCore.Hosting.Diagnostics[1]
      Request starting HTTP/2 GET https://localhost:44376/images/logo.svg - - -
info: Microsoft.AspNetCore.Hosting.Diagnostics[1]
      Request starting HTTP/2 GET https://localhost:44376/Plugins/MWT.Plugin.Misc.MwtStorefront/Content/js/customorder.common.js?msg=version3 - - -
info: Microsoft.AspNetCore.Hosting.Diagnostics[1]
      Request starting HTTP/2 GET https://localhost:44376/css/Customizations/Areas/CustomOrder/style.css?msg=version3 - - -
info: Microsoft.AspNetCore.Hosting.Diagnostics[1]
      Request starting HTTP/2 GET https://localhost:44376/css/Customizations/Areas/CustomOrder/images/Orders.png - - -
info: Microsoft.AspNetCore.Hosting.Diagnostics[1]
      Request starting HTTP/2 GET https://localhost:44376/.well-known/appspecific/com.chrome.devtools.json - - -
info: Microsoft.AspNetCore.StaticFiles.StaticFileMiddleware[2]
      Sending file. Request path: '/images/logo.svg'. Physical path: 'D:\Mind web Tree\Slc4.9\Source Code\Presentation\Nop.Web\wwwroot\images\logo.svg'
info: Microsoft.AspNetCore.Hosting.Diagnostics[2]
      Request finished HTTP/2 GET https://localhost:44376/images/logo.svg - 200 73997 image/svg+xml 10.3425ms
info: Microsoft.AspNetCore.StaticFiles.StaticFileMiddleware[2]
      Sending file. Request path: '/css/Customizations/Areas/CustomOrder/images/Orders.png'. Physical path: 'D:\Mind web Tree\Slc4.9\Source Code\Presentation\Nop.Web\wwwroot\css\Customizations\Areas\CustomOrder\images\Orders.png'
info: Microsoft.AspNetCore.Hosting.Diagnostics[2]
      Request finished HTTP/2 GET https://localhost:44376/css/Customizations/Areas/CustomOrder/images/Orders.png - 200 299 image/png 53.4655ms
info: Microsoft.AspNetCore.Hosting.Diagnostics[1]
      Request starting HTTP/2 GET https://localhost:44376/css/Customizations/Areas/CustomOrder/images/additional-service.png - - -
info: Microsoft.AspNetCore.Hosting.Diagnostics[1]
      Request starting HTTP/2 GET https://localhost:44376/css/Customizations/Areas/CustomOrder/images/part-payment.png - - -
info: Microsoft.AspNetCore.StaticFiles.StaticFileMiddleware[2]
      Sending file. Request path: '/MWT.Plugin.Misc.MwtStorefront/Content/js/customorder.common.js'. Physical path: 'D:\Mind web Tree\Slc4.9\Source Code\Presentation\Nop.Web\Plugins\MWT.Plugin.Misc.MwtStorefront\Content\js\customorder.common.js'
info: Microsoft.AspNetCore.StaticFiles.StaticFileMiddleware[2]
      Sending file. Request path: '/css/Customizations/Areas/CustomOrder/bootstrap.min.css'. Physical path: 'D:\Mind web Tree\Slc4.9\Source Code\Presentation\Nop.Web\wwwroot\css\Customizations\Areas\CustomOrder\bootstrap.min.css'
info: Microsoft.AspNetCore.Hosting.Diagnostics[2]
      Request finished HTTP/2 GET https://localhost:44376/Plugins/MWT.Plugin.Misc.MwtStorefront/Content/js/customorder.common.js?msg=version3 - 200 58610 text/javascript 253.2723ms
info: Microsoft.AspNetCore.Hosting.Diagnostics[2]
      Request finished HTTP/2 GET https://localhost:44376/css/Customizations/Areas/CustomOrder/bootstrap.min.css - 200 190147 text/css 268.1759ms
info: Microsoft.AspNetCore.StaticFiles.StaticFileMiddleware[2]
      Sending file. Request path: '/css/Customizations/Areas/CustomOrder/images/part-payment.png'. Physical path: 'D:\Mind web Tree\Slc4.9\Source Code\Presentation\Nop.Web\wwwroot\css\Customizations\Areas\CustomOrder\images\part-payment.png'
info: Microsoft.AspNetCore.StaticFiles.StaticFileMiddleware[2]
      Sending file. Request path: '/css/Customizations/Areas/CustomOrder/style.css'. Physical path: 'D:\Mind web Tree\Slc4.9\Source Code\Presentation\Nop.Web\wwwroot\css\Customizations\Areas\CustomOrder\style.css'
info: Microsoft.AspNetCore.StaticFiles.StaticFileMiddleware[2]
      Sending file. Request path: '/css/Customizations/Areas/CustomOrder/images/additional-service.png'. Physical path: 'D:\Mind web Tree\Slc4.9\Source Code\Presentation\Nop.Web\wwwroot\css\Customizations\Areas\CustomOrder\images\additional-service.png'
info: Microsoft.AspNetCore.Hosting.Diagnostics[2]
      Request finished HTTP/2 GET https://localhost:44376/css/Customizations/Areas/CustomOrder/images/part-payment.png - 200 386 image/png 218.8425ms
info: Microsoft.AspNetCore.Hosting.Diagnostics[2]
      Request finished HTTP/2 GET https://localhost:44376/css/Customizations/Areas/CustomOrder/images/additional-service.png - 200 515 image/png 218.8971ms
info: Microsoft.AspNetCore.Hosting.Diagnostics[1]
      Request starting HTTP/2 GET https://localhost:44376/_framework/aspnetcore-browser-refresh.js - - -
info: Microsoft.AspNetCore.Hosting.Diagnostics[2]
      Request finished HTTP/2 GET https://localhost:44376/_framework/aspnetcore-browser-refresh.js - 200 16499 application/javascript;+charset=utf-8 1.7496ms
info: Microsoft.AspNetCore.Hosting.Diagnostics[2]
      Request finished HTTP/2 GET https://localhost:44376/css/Customizations/Areas/CustomOrder/style.css?msg=version3 - 200 64324 text/css 388.5313ms
info: Microsoft.AspNetCore.Hosting.Diagnostics[1]
      Request starting HTTP/2 GET https://localhost:44376/css/Customizations/Areas/CustomOrder/images/logout.png - - -
info: Microsoft.AspNetCore.Hosting.Diagnostics[1]
      Request starting HTTP/2 GET https://localhost:44376/css/Customizations/Areas/CustomOrder/images/customers.png - - -
info: Microsoft.AspNetCore.Hosting.Diagnostics[1]
      Request starting HTTP/2 GET https://localhost:44376/_vs/browserLink - - -
info: Microsoft.AspNetCore.StaticFiles.StaticFileMiddleware[2]
      Sending file. Request path: '/css/Customizations/Areas/CustomOrder/images/logout.png'. Physical path: 'D:\Mind web Tree\Slc4.9\Source Code\Presentation\Nop.Web\wwwroot\css\Customizations\Areas\CustomOrder\images\logout.png'
info: Microsoft.AspNetCore.Hosting.Diagnostics[1]
      Request starting HTTP/2 GET https://localhost:44376/css/Customizations/Areas/CustomOrder/images/search.png - - -
info: Microsoft.AspNetCore.Hosting.Diagnostics[2]
      Request finished HTTP/2 GET https://localhost:44376/css/Customizations/Areas/CustomOrder/images/logout.png - 200 405 image/png 64.5411ms
info: Microsoft.AspNetCore.StaticFiles.StaticFileMiddleware[2]
      Sending file. Request path: '/css/Customizations/Areas/CustomOrder/images/search.png'. Physical path: 'D:\Mind web Tree\Slc4.9\Source Code\Presentation\Nop.Web\wwwroot\css\Customizations\Areas\CustomOrder\images\search.png'
info: Microsoft.AspNetCore.Hosting.Diagnostics[2]
      Request finished HTTP/2 GET https://localhost:44376/css/Customizations/Areas/CustomOrder/images/search.png - 200 353 image/png 20.1700ms
info: Microsoft.AspNetCore.Hosting.Diagnostics[1]
      Request starting HTTP/2 GET https://localhost:44376/css/Customizations/Areas/CustomOrder/bootstrap.min.css.map - - -
info: Microsoft.AspNetCore.StaticFiles.StaticFileMiddleware[2]
      Sending file. Request path: '/css/Customizations/Areas/CustomOrder/images/customers.png'. Physical path: 'D:\Mind web Tree\Slc4.9\Source Code\Presentation\Nop.Web\wwwroot\css\Customizations\Areas\CustomOrder\images\customers.png'
info: Microsoft.AspNetCore.Hosting.Diagnostics[1]
      Request starting HTTP/2 GET https://localhost:44376/css/Customizations/Areas/fonts/TT Norms Pro Regular.woff - - -
info: Microsoft.AspNetCore.Hosting.Diagnostics[2]
      Request finished HTTP/2 GET https://localhost:44376/css/Customizations/Areas/CustomOrder/images/customers.png - 200 366 image/png 140.1398ms
info: Microsoft.AspNetCore.Hosting.Diagnostics[1]
      Request starting HTTP/2 POST https://localhost:44376/CustomOrder/Order/OrderList - application/x-www-form-urlencoded;+charset=UTF-8 2767
info: Microsoft.AspNetCore.Hosting.Diagnostics[2]
      Request finished HTTP/2 GET https://localhost:44376/_vs/browserLink - 200 - text/javascript;+charset=UTF-8 131.7747ms
info: Microsoft.AspNetCore.Hosting.Diagnostics[2]
      Request finished HTTP/2 GET https://localhost:44376/.well-known/appspecific/com.chrome.devtools.json - 404 - - 888.9752ms
info: Microsoft.AspNetCore.Hosting.Diagnostics[16]
      Request reached the end of the middleware pipeline without being handled by application code. Request path: GET https://localhost:44376/.well-known/appspecific/com.chrome.devtools.json, Response status code: 404
info: Microsoft.AspNetCore.Routing.EndpointMiddleware[0]
      Executing endpoint 'MWT.Plugin.Misc.MwtStorefront.Areas.CustomOrder.Controllers.OrderController.OrderList (MWT.Plugin.Misc.MwtStorefront)'
info: Microsoft.AspNetCore.Hosting.Diagnostics[2]
      Request finished HTTP/2 GET https://localhost:44376/css/Customizations/Areas/fonts/TT Norms Pro Regular.woff - 404 - - 633.4348ms
info: Micros