info: System.Net.Http.HttpClient.default.LogicalHandler[100]
      Start processing HTTP request POST https://localhost:44399/scheduletask/runtask
info: System.Net.Http.HttpClient.default.LogicalHandler[100]
      Start processing HTTP request POST https://localhost:44399/scheduletask/runtask
info: System.Net.Http.HttpClient.default.LogicalHandler[100]
      Start processing HTTP request POST https://localhost:44399/scheduletask/runtask
info: System.Net.Http.HttpClient.default.LogicalHandler[100]
      Start processing HTTP request POST https://localhost:44399/scheduletask/runtask
info: System.Net.Http.HttpClient.default.LogicalHandler[100]
      Start processing HTTP request POST https://localhost:44399/scheduletask/runtask
info: System.Net.Http.HttpClient.default.ClientHandler[100]
      Sending HTTP request POST https://localhost:44399/scheduletask/runtask
info: System.Net.Http.HttpClient.default.ClientHandler[100]
      Sending HTTP request POST https://localhost:44399/scheduletask/runtask
info: System.Net.Http.HttpClient.default.ClientHandler[100]
      Sending HTTP request POST https://localhost:44399/scheduletask/runtask
info: System.Net.Http.HttpClient.default.ClientHandler[100]
      Sending HTTP request POST https://localhost:44399/scheduletask/runtask
info: System.Net.Http.HttpClient.default.ClientHandler[100]
      Sending HTTP request POST https://localhost:44399/scheduletask/runtask
info: System.Net.Http.HttpClient.default.LogicalHandler[100]
      Start processing HTTP request POST https://localhost:44399/scheduletask/runtask
info: System.Net.Http.HttpClient.default.ClientHandler[100]
      Sending HTTP request POST https://localhost:44399/scheduletask/runtask
info: System.Net.Http.HttpClient.default.LogicalHandler[100]
      Start processing HTTP request POST https://localhost:44399/scheduletask/runtask
info: System.Net.Http.HttpClient.default.ClientHandler[100]
      Sending HTTP request POST https://localhost:44399/scheduletask/runtask
info: System.Net.Http.HttpClient.default.LogicalHandler[100]
      Start processing HTTP request POST https://localhost:44399/scheduletask/runtask
info: System.Net.Http.HttpClient.default.ClientHandler[100]
      Sending HTTP request POST https://localhost:44399/scheduletask/runtask
info: System.Net.Http.HttpClient.default.LogicalHandler[100]
      Start processing HTTP request POST https://localhost:44399/scheduletask/runtask
info: System.Net.Http.HttpClient.default.ClientHandler[100]
      Sending HTTP request POST https://localhost:44399/scheduletask/runtask
info: System.Net.Http.HttpClient.default.LogicalHandler[100]
      Start processing HTTP request POST https://localhost:44399/scheduletask/runtask
info: System.Net.Http.HttpClient.default.ClientHandler[100]
      Sending HTTP request POST https://localhost:44399/scheduletask/runtask
info: System.Net.Http.HttpClient.default.LogicalHandler[100]
      Start processing HTTP request POST https://localhost:44399/scheduletask/runtask
info: System.Net.Http.HttpClient.default.ClientHandler[100]
      Sending HTTP request POST https://localhost:44399/scheduletask/runtask
info: System.Net.Http.HttpClient.default.LogicalHandler[100]
      Start processing HTTP request POST https://localhost:44399/scheduletask/runtask
info: System.Net.Http.HttpClient.default.ClientHandler[100]
      Sending HTTP request POST https://localhost:44399/scheduletask/runtask
info: System.Net.Http.HttpClient.default.LogicalHandler[100]
      Start processing HTTP request POST https://localhost:44399/scheduletask/runtask
info: System.Net.Http.HttpClient.default.ClientHandler[100]
      Sending HTTP request POST https://localhost:44399/scheduletask/runtask
info: System.Net.Http.HttpClient.default.LogicalHandler[100]
      Start processing HTTP request POST https://localhost:44399/scheduletask/runtask
info: System.Net.Http.HttpClient.default.ClientHandler[100]
      Sending HTTP request POST https://localhost:44399/scheduletask/runtask
info: System.Net.Http.HttpClient.default.LogicalHandler[100]
      Start processing HTTP request POST https://localhost:44399/scheduletask/runtask
info: System.Net.Http.HttpClient.default.ClientHandler[100]
      Sending HTTP request POST https://localhost:44399/scheduletask/runtask
info: System.Net.Http.HttpClient.default.LogicalHandler[100]
      Start processing HTTP request POST https://localhost:44399/scheduletask/runtask
info: System.Net.Http.HttpClient.default.ClientHandler[100]
      Sending HTTP request POST https://localhost:44399/scheduletask/runtask
info: System.Net.Http.HttpClient.default.LogicalHandler[100]
      Start processing HTTP request POST https://localhost:44399/scheduletask/runtask
info: System.Net.Http.HttpClient.default.ClientHandler[100]
      Sending HTTP request POST https://localhost:44399/scheduletask/runtask
info: System.Net.Http.HttpClient.default.ClientHandler[101]
      Received HTTP response headers after 385.9673ms - 404
info: System.Net.Http.HttpClient.default.ClientHandler[101]
      Received HTTP response headers after 610.0985ms - 404
info: System.Net.Http.HttpClient.default.ClientHandler[101]
      Received HTTP response headers after 713.8937ms - 404
info: System.Net.Http.HttpClient.default.ClientHandler[101]
      Received HTTP response headers after 678.4251ms - 404
info: System.Net.Http.HttpClient.default.ClientHandler[101]
      Received HTTP response headers after 752.9447ms - 404
info: System.Net.Http.HttpClient.default.ClientHandler[101]
      Received HTTP response headers after 539.2254ms - 404
info: System.Net.Http.HttpClient.default.LogicalHandler[101]
      End processing HTTP request after 686.7387ms - 404
info: System.Net.Http.HttpClient.default.LogicalHandler[101]
      End processing HTTP request after 474.1126ms - 404
info: System.Net.Http.HttpClient.default.LogicalHandler[101]
      End processing HTTP request after 786.4923ms - 404
info: System.Net.Http.HttpClient.default.LogicalHandler[101]
      End processing HTTP request after 690.0308ms - 404
info: System.Net.Http.HttpClient.default.LogicalHandler[101]
      End processing HTTP request after 821.4629ms - 404
info: System.Net.Http.HttpClient.default.LogicalHandler[101]
      End processing HTTP request after 848.1455ms - 404
info: System.Net.Http.HttpClient.default.LogicalHandler[100]
      Start processing HTTP request POST https://localhost:44399/scheduletask/runtask
info: System.Net.Http.HttpClient.default.LogicalHandler[100]
      Start processing HTTP request POST https://localhost:44399/scheduletask/runtask
info: System.Net.Http.HttpClient.default.LogicalHandler[100]
      Start processing HTTP request POST https://localhost:44399/scheduletask/runtask
info: System.Net.Http.HttpClient.default.LogicalHandler[100]
      Start processing HTTP request POST https://localhost:44399/scheduletask/runtask
info: System.Net.Http.HttpClient.default.LogicalHandler[100]
      Start processing HTTP request POST https://localhost:44399/scheduletask/runtask
info: System.Net.Http.HttpClient.default.ClientHandler[100]
      Sending HTTP request POST https://localhost:44399/scheduletask/runtask
info: System.Net.Http.HttpClient.default.LogicalHandler[100]
      Start processing HTTP request POST https://localhost:44399/scheduletask/runtask
info: System.Net.Http.HttpClient.default.ClientHandler[100]
      Sending HTTP request POST https://localhost:44399/scheduletask/runtask
info: System.Net.Http.HttpClient.default.ClientHandler[100]
      Sending HTTP request POST https://localhost:44399/scheduletask/runtask
info: System.Net.Http.HttpClient.default.ClientHandler[100]
      Sending HTTP request POST https://localhost:44399/scheduletask/runtask
info: System.Net.Http.HttpClient.default.ClientHandler[100]
      Sending HTTP request POST https://localhost:44399/scheduletask/runtask
info: System.Net.Http.HttpClient.default.ClientHandler[100]
      Sending HTTP request POST https://localhost:44399/scheduletask/runtask
info: System.Net.Http.HttpClient.default.ClientHandler[101]
      Received HTTP response headers after 645.0165ms - 404
info: System.Net.Http.HttpClient.default.LogicalHandler[101]
      End processing HTTP request after 690.7095ms - 404
info: System.Net.Http.HttpClient.default.ClientHandler[101]
      Received HTTP response headers after 961.0727ms - 404
info: System.Net.Http.HttpClient.default.LogicalHandler[101]
      End processing HTTP request after 990.6571ms - 404
info: System.Net.Http.HttpClient.default.LogicalHandler[100]
      Start processing HTTP request POST https://localhost:44399/scheduletask/runtask
info: System.Net.Http.HttpClient.default.ClientHandler[101]
      Received HTTP response headers after 574.3655ms - 404
info: System.Net.Http.HttpClient.default.ClientHandler[101]
      Received HTTP response headers after 604.8423ms - 404
info: System.Net.Http.HttpClient.default.LogicalHandler[101]
      End processing HTTP request after 666.5975ms - 404
info: System.Net.Http.HttpClient.default.LogicalHandler[101]
      End processing HTTP request after 598.2145ms - 404
info: System.Net.Http.HttpClient.default.LogicalHandler[100]
      Start processing HTTP request POST https://localhost:44399/scheduletask/runtask
info: System.Net.Http.HttpClient.default.ClientHandler[100]
      Sending HTTP request POST https://localhost:44399/scheduletask/runtask
info: System.Net.Http.HttpClient.default.LogicalHandler[100]
      Start processing HTTP request POST https://localhost:44399/scheduletask/runtask
info: System.Net.Http.HttpClient.default.ClientHandler[100]
      Sending HTTP request POST https://localhost:44399/scheduletask/runtask
info: System.Net.Http.HttpClient.default.ClientHandler[101]
      Received HTTP response headers after 1125.5593ms - 404
info: System.Net.Http.HttpClient.default.LogicalHandler[100]
      Start processing HTTP request POST https://localhost:44399/scheduletask/runtask
info: System.Net.Http.HttpClient.default.ClientHandler[100]
      Sending HTTP request POST https://localhost:44399/scheduletask/runtask
info: System.Net.Http.HttpClient.default.ClientHandler[100]
      Sending HTTP request POST https://localhost:44399/scheduletask/runtask
info: System.Net.Http.HttpClient.default.ClientHandler[101]
      Received HTTP response headers after 828.0635ms - 404
info: System.Net.Http.HttpClient.default.ClientHandler[101]
      Received HTTP response headers after 1035.5845ms - 404
info: System.Net.Http.HttpClient.default.LogicalHandler[101]
      End processing HTTP request after 1189.0472ms - 404
info: System.Net.Http.HttpClient.default.ClientHandler[101]
      Received HTTP response headers after 901.9236ms - 404
info: System.Net.Http.HttpClient.default.LogicalHandler[100]
      Start processing HTTP request POST https://localhost:44399/scheduletask/runtask
info: System.Net.Http.HttpClient.default.LogicalHandler[101]
      End processing HTTP request after 1105.7981ms - 404
info: System.Net.Http.HttpClient.default.LogicalHandler[101]
      End processing HTTP request after 939.5555ms - 404
info: System.Net.Http.HttpClient.default.ClientHandler[100]
      Sending HTTP request POST https://localhost:44399/scheduletask/runtask
info: System.Net.Http.HttpClient.default.ClientHandler[101]
      Received HTTP response headers after 1192.8863ms - 404
info: System.Net.Http.HttpClient.default.LogicalHandler[101]
      End processing HTTP request after 1211.9102ms - 404
info: System.Net.Http.HttpClient.default.LogicalHandler[100]
      Start processing HTTP request POST https://localhost:44399/scheduletask/runtask
info: System.Net.Http.HttpClient.default.LogicalHandler[101]
      End processing HTTP request after 973.2808ms - 404
info: System.Net.Http.HttpClient.default.LogicalHandler[100]
      Start processing HTTP request POST https://localhost:44399/scheduletask/runtask
info: System.Net.Http.HttpClient.default.ClientHandler[100]
      Sending HTTP request POST https://localhost:44399/scheduletask/runtask
info: System.Net.Http.HttpClient.default.LogicalHandler[100]
      Start processing HTTP request POST https://localhost:44399/scheduletask/runtask
info: System.Net.Http.HttpClient.default.ClientHandler[100]
      Sending HTTP request POST https://localhost:44399/scheduletask/runtask
info: System.Net.Http.HttpClient.default.ClientHandler[101]
      Received HTTP response headers after 1324.479ms - 404
info: System.Net.Http.HttpClient.default.ClientHandler[100]
      Sending HTTP request POST https://localhost:44399/scheduletask/runtask
info: System.Net.Http.HttpClient.default.LogicalHandler[100]
      Start processing HTTP request POST https://localhost:44399/scheduletask/runtask
info: System.Net.Http.HttpClient.default.LogicalHandler[101]
      End processing HTTP request after 1380.2311ms - 404
info: System.Net.Http.HttpClient.default.ClientHandler[101]
      Received HTTP response headers after 1391.4098ms - 404
info: System.Net.Http.HttpClient.default.ClientHandler[100]
      Sending HTTP request POST https://localhost:44399/scheduletask/runtask
info: System.Net.Http.HttpClient.default.LogicalHandler[101]
      End processing HTTP request after 1439.8894ms - 404
info: System.Net.Http.HttpClient.default.LogicalHandler[100]
      Start processing HTTP request POST https://localhost:44399/scheduletask/runtask
info: System.Net.Http.HttpClient.default.ClientHandler[100]
      Sending HTTP request POST https://localhost:44399/scheduletask/runtask
info: System.Net.Http.HttpClient.default.LogicalHandler[100]
      Start processing HTTP request POST https://localhost:44399/scheduletask/runtask
info: System.Net.Http.HttpClient.default.ClientHandler[100]
      Sending HTTP request POST https://localhost:44399/scheduletask/runtask
info: System.Net.Http.HttpClient.default.ClientHandler[101]
      Received HTTP response headers after 509.352ms - 404
info: System.Net.Http.HttpClient.default.ClientHandler[101]
      Received HTTP response headers after 506.9065ms - 404
info: System.Net.Http.HttpClient.default.LogicalHandler[101]
      End processing HTTP request after 572.6556ms - 404
info: System.Net.Http.HttpClient.default.LogicalHandler[100]
      Start processing HTTP request POST https://localhost:44399/scheduletask/runtask
info: System.Net.Http.HttpClient.default.ClientHandler[101]
      Received HTTP response headers after 382.9093ms - 404
info: System.Net.Http.HttpClient.default.ClientHandler[101]
      Received HTTP response headers after 387.5914ms - 404
info: System.Net.Http.HttpClient.default.ClientHandler[100]
      Sending HTTP request POST https://localhost:44399/scheduletask/runtask
info: System.Net.Http.HttpClient.default.ClientHandler[101]
      Received HTTP response headers after 609.63ms - 404
info: System.Net.Http.HttpClient.default.LogicalHandler[101]
      End processing HTTP request after 561.8434ms - 404
info: System.Net.Http.HttpClient.default.ClientHandler[101]
      Received HTTP response headers after 612.5749ms - 404
info: System.Net.Http.HttpClient.default.LogicalHandler[100]
      Start processing HTTP request POST https://localhost:44399/scheduletask/runtask
info: System.Net.Http.HttpClient.default.LogicalHandler[101]
      End processing HTTP request after 726.3225ms - 404
info: System.Net.Http.HttpClient.default.ClientHandler[101]
      Received HTTP response headers after 497.7762ms - 404
info: System.Net.Http.HttpClient.default.ClientHandler[100]
      Sending HTTP request POST https://localhost:44399/scheduletask/runtask
info: System.Net.Http.HttpClient.default.LogicalHandler[101]
      End processing HTTP request after 532.2233ms - 404
info: System.Net.Http.HttpClient.default.ClientHandler[101]
      Received HTTP response headers after 536.042ms - 404
info: System.Net.Http.HttpClient.default.ClientHandler[101]
      Received HTTP response headers after 147.7905ms - 404
info: System.Net.Http.HttpClient.default.LogicalHandler[101]
      End processing HTTP request after 179.1502ms - 404
info: System.Net.Http.HttpClient.default.ClientHandler[101]
      Received HTTP response headers after 444.3361ms - 404
info: System.Net.Http.HttpClient.default.LogicalHandler[101]
      End processing HTTP request after 458.269ms - 404
info: System.Net.Http.HttpClient.default.LogicalHandler[100]
      Start processing HTTP request POST https://localhost:44399/scheduletask/runtask
info: System.Net.Http.HttpClient.default.LogicalHandler[100]
      Start processing HTTP request POST https://localhost:44399/scheduletask/runtask
info: System.Net.Http.HttpClient.default.ClientHandler[101]
      Received HTTP response headers after 777.127ms - 404
info: System.Net.Http.HttpClient.default.LogicalHandler[100]
      Start processing HTTP request POST https://localhost:44399/scheduletask/runtask
info: System.Net.Http.HttpClient.default.ClientHandler[101]
      Received HTTP response headers after 141.442ms - 404
info: System.Net.Http.HttpClient.default.LogicalHandler[101]
      End processing HTTP request after 808.3493ms - 404
info: System.Net.Http.HttpClient.default.ClientHandler[100]
      Sending HTTP request POST https://localhost:44399/scheduletask/runtask
info: System.Net.Http.HttpClient.default.LogicalHandler[101]
      End processing HTTP request after 872.8765ms - 404
info: System.Net.Http.HttpClient.default.LogicalHandler[100]
      Start processing HTTP request POST https://localhost:44399/scheduletask/runtask
info: System.Net.Http.HttpClient.default.ClientHandler[101]
      Received HTTP response headers after 457.9957ms - 404
info: System.Net.Http.HttpClient.default.ClientHandler[100]
      Sending HTTP request POST https://localhost:44399/scheduletask/runtask
info: System.Net.Http.HttpClient.default.ClientHandler[101]
      Received HTTP response headers after 824.2467ms - 404
info: System.Net.Http.HttpClient.default.LogicalHandler[100]
      Start processing HTTP request POST https://localhost:44399/scheduletask/runtask
info: System.Net.Http.HttpClient.default.ClientHandler[101]
      Received HTTP response headers after 459.8024ms - 404
info: System.Net.Http.HttpClient.default.ClientHandler[101]
      Received HTTP response headers after 364.7948ms - 404
info: System.Net.Http.HttpClient.default.ClientHandler[100]
      Sending HTTP request POST https://localhost:44399/scheduletask/runtask
info: System.Net.Http.HttpClient.default.ClientHandler[100]
      Sending HTTP request POST https://localhost:44399/scheduletask/runtask
info: System.Net.Http.HttpClient.default.ClientHandler[101]
      Received HTTP response headers after 424.8833ms - 404
info: System.Net.Http.HttpClient.default.ClientHandler[100]
      Sending HTTP request POST https://localhost:44399/scheduletask/runtask
info: System.Net.Http.HttpClient.default.LogicalHandler[101]
      End processing HTTP request after 579.0281ms - 404
info: System.Net.Http.HttpClient.default.LogicalHandler[101]
      End processing HTTP request after 879.8406ms - 404
info: System.Net.Http.HttpClient.default.LogicalHandler[100]
      Start processing HTTP request POST https://localhost:44399/scheduletask/runtask
info: System.Net.Http.HttpClient.default.ClientHandler[100]
      Sending HTTP request POST https://localhost:44399/scheduletask/runtask
info: System.Net.Http.HttpClient.default.LogicalHandler[100]
      Start processing HTTP request POST https://localhost:44399/scheduletask/runtask
info: System.Net.Http.HttpClient.default.ClientHandler[101]
      Received HTTP response headers after 673.128ms - 404
info: System.Net.Http.HttpClient.default.LogicalHandler[100]
      Start processing HTTP request POST https://localhost:44399/scheduletask/runtask
info: System.Net.Http.HttpClient.default.ClientHandler[101]
      Received HTTP response headers after 364.5661ms - 404
info: System.Net.Http.HttpClient.default.ClientHandler[100]
      Sending HTTP request POST https://localhost:44399/scheduletask/runtask
info: System.Net.Http.HttpClient.default.LogicalHandler[101]
      End processing HTTP request after 817.2122ms - 404
info: System.Net.Http.HttpClient.default.LogicalHandler[101]
      End processing HTTP request after 498.7038ms - 404
info: System.Net.Http.HttpClient.default.LogicalHandler[100]
      Start processing HTTP request POST https://localhost:44399/scheduletask/runtask
info: System.Net.Http.HttpClient.default.ClientHandler[101]
      Received HTTP response headers after 307.6016ms - 404
info: System.Net.Http.HttpClient.default.ClientHandler[101]
      Received HTTP response headers after 282.1616ms - 404
info: System.Net.Http.HttpClient.default.ClientHandler[100]
      Sending HTTP request POST https://localhost:44399/scheduletask/runtask
info: System.Net.Http.HttpClient.default.LogicalHandler[101]
      End processing HTTP request after 355.8233ms - 404
info: System.Net.Http.HttpClient.default.ClientHandler[101]
      Received HTTP response headers after 228.0837ms - 404
info: System.Net.Http.HttpClient.default.LogicalHandler[101]
      End processing HTTP request after 463.6339ms - 404
info: System.Net.Http.HttpClient.default.ClientHandler[101]
      Received HTTP response headers after 188.9705ms - 404
info: System.Net.Http.HttpClient.default.ClientHandler[101]
      Received HTTP response headers after 178.2546ms - 404
info: System.Net.Http.HttpClient.default.LogicalHandler[101]
      End processing HTTP request after 219.3036ms - 404
info: System.Net.Http.HttpClient.default.LogicalHandler[101]
      End processing HTTP request after 397.7869ms - 404
info: System.Net.Http.HttpClient.default.LogicalHandler[101]
      End processing HTTP request after 577.2398ms - 404
info: System.Net.Http.HttpClient.default.ClientHandler[101]
      Received HTTP response headers after 159.7599ms - 404
info: System.Net.Http.HttpClient.default.LogicalHandler[101]
      End processing HTTP request after 279.3585ms - 404
info: System.Net.Http.HttpClient.default.ClientHandler[101]
      Received HTTP response headers after 494.668ms - 404
info: System.Net.Http.HttpClient.default.LogicalHandler[101]
      End processing HTTP request after 844.781ms - 404
info: System.Net.Http.HttpClient.default.LogicalHandler[101]
      End processing HTTP request after 642.3518ms - 404
info: System.Net.Http.HttpClient.default.ClientHandler[100]
      Sending HTTP request POST https://localhost:44399/scheduletask/runtask
info: System.Net.Http.HttpClient.default.LogicalHandler[101]
      End processing HTTP request after 1251.7381ms - 404
info: System.Net.Http.HttpClient.default.ClientHandler[101]
      Received HTTP response headers after 251.7686ms - 404
info: System.Net.Http.HttpClient.default.LogicalHandler[101]
      End processing HTTP request after 262.0267ms - 404
info: System.Net.Http.HttpClient.default.LogicalHandler[100]
      Start processing HTTP request POST https://localhost:44399/scheduletask/runtask
info: System.Net.Http.HttpClient.default.LogicalHandler[101]
      End processing HTTP request after 1535.9274ms - 404
info: System.Net.Http.HttpClient.default.ClientHandler[100]
      Sending HTTP request POST https://localhost:44399/scheduletask/runtask
info: System.Net.Http.HttpClient.default.LogicalHandler[100]
      Start processing HTTP request POST https://localhost:44399/scheduletask/runtask
info: System.Net.Http.HttpClient.default.LogicalHandler[101]
      End processing HTTP request after 1541.4844ms - 404
info: System.Net.Http.HttpClient.default.ClientHandler[100]
      Sending HTTP request POST https://localhost:44399/scheduletask/runtask
info: System.Net.Http.HttpClient.default.LogicalHandler[100]
      Start processing HTTP request POST https://localhost:44399/scheduletask/runtask
info: System.Net.Http.HttpClient.default.LogicalHandler[101]
      End processing HTTP request after 1074.3618ms - 404
info: System.Net.Http.HttpClient.default.LogicalHandler[101]
      End processing HTTP request after 1279.0188ms - 404
info: System.Net.Http.HttpClient.default.ClientHandler[101]
      Received HTTP response headers after 144.2069ms - 404
info: System.Net.Http.HttpClient.default.ClientHandler[100]
      Sending HTTP request POST https://localhost:44399/scheduletask/runtask
info: System.Net.Http.HttpClient.default.LogicalHandler[101]
      End processing HTTP request after 528.4577ms - 404
info: System.Net.Http.HttpClient.default.ClientHandler[101]
      Received HTTP response headers after 153.9126ms - 404
info: System.Net.Http.HttpClient.default.LogicalHandler[100]
      Start processing HTTP request POST https://localhost:44399/scheduletask/runtask
info: System.Net.Http.HttpClient.default.LogicalHandler[101]
      End processing HTTP request after 198.4695ms - 404
info: System.Net.Http.HttpClient.default.ClientHandler[100]
      Sending HTTP request POST https://localhost:44399/scheduletask/runtask
info: System.Net.Http.HttpClient.default.LogicalHandler[101]
      End processing HTTP request after 1373.7624ms - 404
info: System.Net.Http.HttpClient.default.ClientHandler[101]
      Received HTTP response headers after 250.7443ms - 404
info: System.Net.Http.HttpClient.default.LogicalHandler[101]
      End processing HTTP request after 313.544ms - 404
info: System.Net.Http.HttpClient.default.LogicalHandler[100]
      Start processing HTTP request POST https://localhost:44399/scheduletask/runtask
info: System.Net.Http.HttpClient.default.ClientHandler[100]
      Sending HTTP request POST https://localhost:44399/scheduletask/runtask
info: System.Net.Http.HttpClient.default.ClientHandler[101]
      Received HTTP response headers after 144.6546ms - 404
info: System.Net.Http.HttpClient.default.LogicalHandler[101]
      End processing HTTP request after 249.8626ms - 404
info: System.Net.Http.HttpClient.default.ClientHandler[101]
      Received HTTP response headers after 187.171ms - 404
info: System.Net.Http.HttpClient.default.LogicalHandler[101]
      End processing HTTP request after 382.0647ms - 404
info: System.Net.Http.HttpClient.default.ClientHandler[101]
      Received HTTP response headers after 96.6913ms - 404
info: System.Net.Http.HttpClient.default.LogicalHandler[101]
      End processing HTTP request after 144.274ms - 404
info: Microsoft.AspNetCore.Hosting.Diagnostics[1]
      Request starting HTTP/2 GET https://localhost:44376/ - - -
info: Microsoft.Hosting.Lifetime[0]
      Application started. Press Ctrl+C to shut down.
info: Microsoft.Hosting.Lifetime[0]
      Hosting environment: Development
info: Microsoft.Hosting.Lifetime[0]
      Content root path: D:\Mind web Tree\Slc4.9\Source Code\Presentation\Nop.Web
info: Microsoft.AspNetCore.Routing.EndpointMiddleware[0]
      Executing endpoint 'Nop.Web.Controllers.HomeController.Index (Nop.Web)'
info: Microsoft.AspNetCore.Mvc.Infrastructure.ControllerActionInvoker[102]
      Route matched with {action = "Index", controller = "Home", area = ""}. Executing controller action with signature Microsoft.AspNetCore.Mvc.IActionResult Index() on controller Nop.Web.Controllers.HomeController (Nop.Web).
info: Microsoft.AspNetCore.Mvc.ViewFeatures.ViewResultExecutor[1]
      Executing ViewResult, running view Index.
info: Microsoft.AspNetCore.Mvc.ViewFeatures.ViewResultExecutor[4]
      Executed ViewResult - view Index executed in 22525.9173ms.
info: Microsoft.AspNetCore.Mvc.Infrastructure.ControllerActionInvoker[105]
      Executed action Nop.Web.Controllers.HomeController.Index (Nop.Web) in 22662.2908ms
info: Microsoft.AspNetCore.Routing.EndpointMiddleware[1]
      Executed endpoint 'Nop.Web.Controllers.HomeController.Index (Nop.Web)'
info: Microsoft.AspNetCore.Hosting.Diagnostics[2]
      Request finished HTTP/2 GET https://localhost:44376/ - 200 - text/html;+charset=utf-8 23673.7239ms
info: Microsoft.AspNetCore.Hosting.Diagnostics[1]
      Request starting HTTP/2 GET https://localhost:44376/images/thumbs/0430231_gimli-rustic-freestanding-kitchen-pantry-cabinet-with-drawers_100.jpeg - - -
info: Microsoft.AspNetCore.Hosting.Diagnostics[1]
      Request starting HTTP/2 GET https://localhost:44376/images/pixel.png - - -
info: Microsoft.AspNetCore.Hosting.Diagnostics[1]
      Request starting HTTP/2 GET https://localhost:44376/Themes/BlackWhiteTheme/Content/fonts/anticdidone/BonaNova-Regular.woff2 - - -
info: Microsoft.AspNetCore.Hosting.Diagnostics[2]
      Request finished HTTP/2 GET https://localhost:44376/images/thumbs/0430231_gimli-rustic-freestanding-kitchen-pantry-cabinet-with-drawers_100.jpeg - 404 - - 1023.6719ms
info: Microsoft.AspNetCore.Hosting.Diagnostics[1]
      Request starting HTTP/2 GET https://localhost:44376/images/icons/hand-holding-dollar-solid.svg - - -
info: Microsoft.AspNetCore.Hosting.Diagnostics[16]
      Request reached the end of the middleware pipeline without being handled by application code. Request path: GET https://localhost:44376/images/thumbs/0430231_gimli-rustic-freestanding-kitchen-pantry-cabinet-with-drawers_100.jpeg, Response status code: 404
info: Microsoft.AspNetCore.Hosting.Diagnostics[2]
      Request finished HTTP/2 GET https://localhost:44376/Themes/BlackWhiteTheme/Content/fonts/anticdidone/BonaNova-Regular.woff2 - 404 - - 745.8362ms
info: Microsoft.AspNetCore.Hosting.Diagnostics[16]
      Request reached the end of the middleware pipeline without being handled by application code. Request path: GET https://localhost:44376/Themes/BlackWhiteTheme/Content/fonts/anticdidone/BonaNova-Regular.woff2, Response status code: 404
info: Microsoft.AspNetCore.Hosting.Diagnostics[1]
      Request starting HTTP/2 GET https://localhost:44376/Themes/BlackWhiteTheme/Content/fonts/anticdidone/BonaNova-Regular.woff - - -
info: Microsoft.AspNetCore.Hosting.Diagnostics[2]
      Request finished HTTP/2 GET https://localhost:44376/images/icons/hand-holding-dollar-solid.svg - 404 - - 309.8756ms
info: Microsoft.AspNetCore.Hosting.Diagnostics[16]
      Request reached the end of the middleware pipeline without being handled by application code. Request path: GET https://localhost:44376/images/icons/hand-holding-dollar-solid.svg, Response status code: 404
info: Microsoft.AspNetCore.Hosting.Diagnostics[1]
      Request starting HTTP/2 GET https://localhost:44376/_framework/aspnetcore-browser-refresh.js - - -
info: Microsoft.AspNetCore.Hosting.Diagnostics[2]
      Request finished HTTP/2 GET https://localhost:44376/Themes/BlackWhiteTheme/Content/fonts/anticdidone/BonaNova-Regular.woff - 404 - - 368.8050ms
info: Microsoft.AspNetCore.Hosting.Diagnostics[16]
      Request reached the end of the middleware pipeline without being handled by application code. Request path: GET https://localhost:44376/Themes/BlackWhiteTheme/Content/fonts/anticdidone/BonaNova-Regular.woff, Response status code: 404
info: Microsoft.AspNetCore.Hosting.Diagnostics[1]
      Request starting HTTP/2 GET https://localhost:44376/poster.jpg - - -
info: Microsoft.AspNetCore.Hosting.Diagnostics[2]
      Request finished HTTP/2 GET https://localhost:44376/_framework/aspnetcore-browser-refresh.js - 200 16499 application/javascript;+charset=utf-8 348.1421ms
info: Microsoft.AspNetCore.Hosting.Diagnostics[1]
      Request starting HTTP/2 GET https://localhost:44376/images/phone.png - - -
info: Microsoft.AspNetCore.Routing.EndpointMiddleware[0]
      Executing endpoint 'Nop.Web.Controllers.CommonController.GenericUrl (Nop.Web)'
info: Microsoft.AspNetCore.Routing.EndpointMiddleware[0]
      Executing endpoint 'Nop.Web.Controllers.CommonController.GenericUrl (Nop.Web)'
info: Microsoft.AspNetCore.Routing.EndpointMiddleware[0]
      Executing endpoint 'Nop.Web.Controllers.CommonController.GenericUrl (Nop.Web)'
info: Microsoft.AspNetCore.Mvc.Infrastructure.ControllerActionInvoker[102]
      Route matched with {action = "GenericUrl", controller = "Common", area = ""}. Executing controller action with signature Microsoft.AspNetCore.Mvc.IActionResult GenericUrl() on controller Nop.Web.Controllers.CommonController (Nop.Web).
info: Microsoft.AspNetCore.Mvc.Infrastructure.ControllerActionInvoker[102]
      Route matched with {action = "GenericUrl", controller = "Common", area = ""}. Executing controller action with signature Microsoft.AspNetCore.Mvc.IActionResult GenericUrl() on controller Nop.Web.Controllers.CommonController (Nop.Web).
info: Microsoft.AspNetCore.Mvc.Infrastructure.ControllerActionInvoker[102]
      Route matched with {action = "GenericUrl", controller = "Common", area = ""}. Executing controller action with signature Microsoft.AspNetCore.Mvc.IActionResult GenericUrl() on controller Nop.Web.Controllers.CommonController (Nop.Web).
info: Microsoft.AspNetCore.Mvc.Infrastructure.ControllerActionInvoker[105]
      Executed action Nop.Web.Controllers.CommonController.GenericUrl (Nop.Web) in 41.1757ms
info: Microsoft.AspNetCore.Mvc.Infrastructure.ControllerActionInvoker[105]
      Executed action Nop.Web.Controllers.CommonController.GenericUrl (Nop.Web) in 71.8235ms
info: Microsoft.AspNetCore.Mvc.Infrastructure.ControllerActionInvoker[105]
      Executed action Nop.Web.Controllers.CommonController.GenericUrl (Nop.Web) in 42.8801ms
info: Microsoft.AspNetCore.Routing.EndpointMiddleware[1]
      Executed endpoint 'Nop.Web.Controllers.CommonController.GenericUrl (Nop.Web)'
info: Microsoft.AspNetCore.Routing.EndpointMiddleware[1]
      Executed endpoint 'Nop.Web.Controllers.CommonController.GenericUrl (Nop.Web)'
info: Microsoft.AspNetCore.Hosting.Diagnostics[2]
      Request finished HTTP/2 GET https://localhost:44376/images/phone.png - 404 - - 742.0090ms
info: Microsoft.AspNetCore.Routing.EndpointMiddleware[1]
      Executed endpoint 'Nop.Web.Controllers.CommonController.GenericUrl (Nop.Web)'
info: Microsoft.AspNetCore.Hosting.Diagnostics[2]
      Request finished HTTP/2 GET https://localhost:44376/poster.jpg - 404 - - 1170.5543ms
info: Microsoft.AspNetCore.Hosting.Diagnostics[1]
      Request starting HTTP/2 GET https://localhost:44376/Themes/BlackWhiteTheme/Content/images/top.png - - -
info: Microsoft.AspNetCore.Hosting.Diagnostics[2]
      Request finished HTTP/2 GET https://localhost:44376/images/pixel.png - 404 - - 2518.3426ms
info: Microsoft.AspNetCore.Hosting.Diagnostics[1]
      Request starting HTTP/2 POST https://localhost:44376/CampaignManagement/showPopup - application/x-www-form-urlencoded;+charset=UTF-8 56
info: Microsoft.AspNetCore.Hosting.Diagnostics[1]
      Request starting HTTP/2 GET https://localhost:44376/images/thumbs/0430231_gimli-rustic-freestanding-kitchen-pantry-cabinet-with-drawers_100.jpeg - - -
info: Microsoft.AspNetCore.Hosting.Diagnostics[1]
      Request starting HTTP/2 GET https://localhost:44376/_vs/browserLink - - -
info: Microsoft.AspNetCore.Routing.EndpointMiddleware[0]
      Executing endpoint 'MWT.Plugin.Misc.MwtStorefront.Controllers.CampaignManagementController.ShowPopup (MWT.Plugin.Misc.MwtStorefront)'
info: Microsoft.AspNetCore.Hosting.Diagnostics[2]
      Request finished HTTP/2 GET https://localhost:44376/Themes/BlackWhiteTheme/Content/images/top.png - 404 - - 496.4011ms
info: Microsoft.AspNetCore.Hosting.Diagnostics[16]
      Request reached the end of the middleware pipeline without being handled by application code. Request path: GET https://localhost:44376/Themes/BlackWhiteTheme/Content/images/top.png, Response status code: 404
info: Microsoft.AspNetCore.Hosting.Diagnostics[2]
      Request finished HTTP/2 GET https://localhost:44376/images/thumbs/0430231_gimli-rustic-freestanding-kitchen-pantry-cabinet-with-drawers_100.jpeg - 404 - - 466.3002ms
info: Microsoft.AspNetCore.Hosting.Diagnostics[16]
      Request reached the end of the middleware pipeline without being handled by application code. Request path: GET https://localhost:44376/images/thumbs/0430231_gimli-rustic-freestanding-kitchen-pantry-cabinet-with-drawers_100.jpeg, Response status code: 404
info: Microsoft.AspNetCore.Mvc.Infrastructure.ControllerActionInvoker[102]
      Route matched with {action = "ShowPopup", controller = "CampaignManagement", area = ""}. Executing controller action with signature System.Threading.Tasks.Task`1[Microsoft.AspNetCore.Mvc.IActionResult] ShowPopup(System.String, System.String, Boolean) on controller MWT.Plugin.Misc.MwtStorefront.Controllers.CampaignManagementController (MWT.Plugin.Misc.MwtStorefront).
info: Microsoft.AspNetCore.Hosting.Diagnostics[2]
      Request finished HTTP/2 GET https://localhost:44376/_vs/browserLink - 200 - text/javascript;+charset=UTF-8 526.6888ms
info: Microsoft.AspNetCore.Mvc.NewtonsoftJson.NewtonsoftJsonResultExecutor[2]
      Executing JsonResult, writing value of type 'MWT.Plugin.Misc.MwtStorefront.Models.Catalog.Campaign_Management.CampaignPopupResultModel'.
info: Microsoft.AspNetCore.Mvc.Infrastructure.ControllerActionInvoker[105]
      Executed action MWT.Plugin.Misc.MwtStorefront.Controllers.CampaignManagementController.ShowPopup (MWT.Plugin.Misc.MwtStorefront) in 307.1415ms
info: Microsoft.AspNetCore.Routing.EndpointMiddleware[1]
      Executed endpoint 'MWT.Plugin.Misc.MwtStorefront.Controllers.CampaignManagementController.ShowPopup (MWT.Plugin.Misc.MwtStorefront)'
info: Microsoft.AspNetCore.Hosting.Diagnostics[2]
      Request finished HTTP/2 POST https://localhost:44376/CampaignManagement/showPopup - 200 - application/json;+charset=utf-8 864.2524ms
info: System.Net.Http.HttpClient.default.LogicalHandler[100]
      Start processing HTTP request POST https://localhost:44399/scheduletask/runtask
info: System.Net.Http.HttpClient.default.ClientHandler[100]
      Sending HTTP request POST https://localhost:44399/scheduletask/runtask
info: System.Net.Http.HttpClient.default.ClientHandler[101]
      Received HTTP response headers after 29.581ms - 404
info: System.Net.Http.HttpClient.default.LogicalHandler[101]
      End processing HTTP request after 41.024ms - 404
info: Microsoft.AspNetCore.Hosting.Diagnostics[1]
      Request starting HTTP/2 GET https://localhost:44376/ - - -
info: Microsoft.AspNetCore.Routing.EndpointMiddleware[0]
      Executing endpoint 'Nop.Web.Controllers.HomeController.Index (Nop.Web)'
info: Microsoft.AspNetCore.Mvc.Infrastructure.ControllerActionInvoker[102]
      Route matched with {action = "Index", controller = "Home", area = ""}. Executing controller action with signature Microsoft.AspNetCore.Mvc.IActionResult Index() on controller Nop.Web.Controllers.HomeController (Nop.Web).
info: Microsoft.AspNetCore.Mvc.ViewFeatures.ViewResultExecutor[1]
      Executing ViewResult, running view Index.
info: Microsoft.AspNetCore.Mvc.ViewFeatures.ViewResultExecutor[4]
      Executed ViewResult - view Index executed in 566.3183ms.
info: Microsoft.AspNetCore.Mvc.Infrastructure.ControllerActionInvoker[105]
      Executed action Nop.Web.Controllers.HomeController.Index (Nop.Web) in 570.2445ms
info: Microsoft.AspNetCore.Routing.EndpointMiddleware[1]
      Executed endpoint 'Nop.Web.Controllers.HomeController.Index (Nop.Web)'
info: Microsoft.AspNetCore.Hosting.Diagnostics[2]
      Request finished HTTP/2 GET https://localhost:44376/ - 200 - text/html;+charset=utf-8 846.1199ms
info: Microsoft.AspNetCore.Hosting.Diagnostics[1]
      Request starting HTTP/2 GET https://localhost:44376/admin - - -
info: Microsoft.AspNetCore.Routing.EndpointMiddleware[0]
      Executing endpoint 'Nop.Web.Areas.Admin.Controllers.HomeController.Index (Nop.Web)'
info: Microsoft.AspNetCore.Mvc.Infrastructure.ControllerActionInvoker[102]
      Route matched with {area = "Admin", action = "Index", controller = "Home"}. Executing controller action with signature System.Threading.Tasks.Task`1[Microsoft.AspNetCore.Mvc.IActionResult] Index() on controller Nop.Web.Areas.Admin.Controllers.HomeController (Nop.Web).
info: System.Net.Http.HttpClient.default.LogicalHandler[100]
      Start processing HTTP request POST https://localhost:44399/scheduletask/runtask
info: System.Net.Http.HttpClient.default.ClientHandler[100]
      Sending HTTP request POST https://localhost:44399/scheduletask/runtask
info: System.Net.Http.HttpClient.default.ClientHandler[101]
      Received HTTP response headers after 6.358ms - 404
info: System.Net.Http.HttpClient.default.LogicalHandler[101]
      End processing HTTP request after 13.1968ms - 404
info: Microsoft.AspNetCore.Mvc.ViewFeatures.ViewResultExecutor[1]
      Executing ViewResult, running view Index.
info: System.Net.Http.HttpClient.NopHttpClient.LogicalHandler[100]
      Start processing HTTP request GET https://www.nopcommerce.com/nopcommerce-news-rss?*
info: System.Net.Http.HttpClient.NopHttpClient.ClientHandler[100]
      Sending HTTP request GET https://www.nopcommerce.com/nopcommerce-news-rss?*
info: System.Net.Http.HttpClient.NopHttpClient.ClientHandler[101]
      Received HTTP response headers after 336.2946ms - 200
info: System.Net.Http.HttpClient.NopHttpClient.LogicalHandler[101]
      End processing HTTP request after 340.2794ms - 200
info: Microsoft.AspNetCore.Mvc.ViewFeatures.ViewResultExecutor[4]
      Executed ViewResult - view Index executed in 1147.8967ms.
info: Microsoft.AspNetCore.Mvc.Infrastructure.ControllerActionInvoker[105]
      Executed action Nop.Web.Areas.Admin.Controllers.HomeController.Index (Nop.Web) in 1537.8689ms
info: Microsoft.AspNetCore.Routing.EndpointMiddleware[1]
      Executed endpoint 'Nop.Web.Areas.Admin.Controllers.HomeController.Index (Nop.Web)'
info: Microsoft.AspNetCore.Hosting.Diagnostics[2]
      Request finished HTTP/2 GET https://localhost:44376/admin - 200 - text/html;+charset=utf-8 1724.3207ms
info: Microsoft.AspNetCore.Hosting.Diagnostics[1]
      Request starting HTTP/2 GET https://localhost:44376/_framework/aspnetcore-browser-refresh.js - - -
info: Microsoft.AspNetCore.Hosting.Diagnostics[1]
      Request starting HTTP/2 GET https://localhost:44376/_vs/browserLink - - -
info: Microsoft.AspNetCore.Hosting.Diagnostics[2]
      Request finished HTTP/2 GET https://localhost:44376/_framework/aspnetcore-browser-refresh.js - 200 16499 application/javascript;+charset=utf-8 4.1407ms
info: Microsoft.AspNetCore.Hosting.Diagnostics[2]
      Request finished HTTP/2 GET https://localhost:44376/_vs/browserLink - 200 - text/javascript;+charset=UTF-8 17.9769ms
info: Microsoft.AspNetCore.Hosting.Diagnostics[1]
      Request starting HTTP/2 GET https://localhost:44376/Admin/Plugin/AdminNavigationPlugins?_=1789985145813 - - -
info: Microsoft.AspNetCore.Routing.EndpointMiddleware[0]
      Executing endpoint 'Nop.Web.Areas.Admin.Controllers.PluginController.AdminNavigationPlugins (Nop.Web)'
info: Microsoft.AspNetCore.Mvc.Infrastructure.ControllerActionInvoker[102]
      Route matched with {area = "Admin", action = "AdminNavigationPlugins", controller = "Plugin"}. Executing controller action with signature System.Threading.Tasks.Task`1[Microsoft.AspNetCore.Mvc.IActionResult] AdminNavigationPlugins() on controller Nop.Web.Areas.Admin.Controllers.PluginController (Nop.Web).
DiscountRequirement.MustBeAssignedToCustomerRole
DiscountRequirement.ItemsBelowPrice
CurrencyExchange.ECB
ExternalAuth.Apple
ExternalAuth.Google
Misc.Omnisend
MWT.Redirect
MWT.Misc
MWT.Plugin.Misc.MwtStorefront
MultiFactorAuth.GoogleAuthenticator
MWT.Nop.Plugin.MegaMenu
MWT.Nop.Plugin.Widgets.Catalog
MWT.Shipping.FixedByWeightByTotal
NopAdvance.DiscountRules.CartSubTotal
Payments.Affirm
Payments.PayPalCommerce
Payments.AuthorizeNetHostedPayment
Payments.CashOnDelivery
Pickup.PickupInStore
Shipping.FixedByWeightByTotal
Shipping.UPS
MWT.Tax.FixedOrByCountryStateZip
Tax.Avalara
Widgets.FacebookPixel
Widgets.GoogleAnalytics
info: Microsoft.AspNetCore.Mvc.NewtonsoftJson.NewtonsoftJsonResultExecutor[2]
      Executing JsonResult, writing value of type 'System.Collections.Generic.List`1[[<>f__AnonymousType26`5[[System.String, System.Private.CoreLib, Version=9.0.0.0, Culture=neutral, PublicKeyToken=7cec85d7bea7798e],[System.String, System.Private.CoreLib, Version=9.0.0.0, Culture=neutral, PublicKeyToken=7cec85d7bea7798e],[System.String, System.Private.CoreLib, Version=9.0.0.0, Culture=neutral, PublicKeyToken=7cec85d7bea7798e],[System.String, System.Private.CoreLib, Version=9.0.0.0, Culture=neutral, PublicKeyToken=7cec85d7bea7798e],[System.Int32, System.Private.CoreLib, Version=9.0.0.0, Culture=neutral, PublicKeyToken=7cec85d7bea7798e]], Nop.Web, Version=4.90.0.0, Culture=neutral, PublicKeyToken=null]]'.
info: Microsoft.AspNetCore.Mvc.Infrastructure.ControllerActionInvoker[105]
      Executed action Nop.Web.Areas.Admin.Controllers.PluginController.AdminNavigationPlugins (Nop.Web) in 223.3168ms
info: Microsoft.AspNetCore.Routing.EndpointMiddleware[1]
      Executed endpoint 'Nop.Web.Areas.Admin.Controllers.PluginController.AdminNavigationPlugins (Nop.Web)'
info: Microsoft.AspNetCore.Hosting.Diagnostics[2]
      Request finished HTTP/2 GET https://localhost:44376/Admin/Plugin/AdminNavigationPlugins?_=1789985145813 - 200 - application/json;+charset=utf-8 352.1315ms
info: Microsoft.AspNetCore.Hosting.Diagnostics[1]
      Request starting HTTP/2 GET https://localhost:44376/Admin/Order/List - - -
info: Microsoft.AspNetCore.Routing.EndpointMiddleware[0]
      Executing endpoint 'Nop.Web.Areas.Admin.Controllers.OrderController.List (Nop.Web)'
info: Microsoft.AspNetCore.Mvc.Infrastructure.ControllerActionInvoker[102]
      Route matched with {area = "Admin", action = "List", controller = "Order"}. Executing controller action with signature System.Threading.Tasks.Task`1[Microsoft.AspNetCore.Mvc.IActionResult] List(System.Collections.Generic.List`1[System.Int32], System.Collections.Generic.List`1[System.Int32], System.Collections.Generic.List`1[System.Int32]) on controller Nop.Web.Areas.Admin.Controllers.OrderController (Nop.Web).
info: Microsoft.AspNetCore.Mvc.ViewFeatures.ViewResultExecutor[1]
      Executing ViewResult, running view List.
info: Microsoft.AspNetCore.Mvc.ViewFeatures.ViewResultExecutor[4]
      Executed ViewResult - view List executed in 308.3665ms.
info: Microsoft.AspNetCore.Mvc.Infrastructure.ControllerActionInvoker[105]
      Executed action Nop.Web.Areas.Admin.Controllers.OrderController.List (Nop.Web) in 627.9504ms
info: Microsoft.AspNetCore.Routing.EndpointMiddleware[1]
      Executed endpoint 'Nop.Web.Areas.Admin.Controllers.OrderController.List (Nop.Web)'
info: Microsoft.AspNetCore.Hosting.Diagnostics[2]
      Request finished HTTP/2 GET https://localhost:44376/Admin/Order/List - 200 - text/html;+charset=utf-8 805.2152ms
info: Microsoft.AspNetCore.Hosting.Diagnostics[1]
      Request starting HTTP/2 GET https://localhost:44376/_vs/browserLink - - -
info: Microsoft.AspNetCore.Hosting.Diagnostics[1]
      Request starting HTTP/2 GET https://localhost:44376/_framework/aspnetcore-browser-refresh.js - - -
info: Microsoft.AspNetCore.Hosting.Diagnostics[2]
      Request finished HTTP/2 GET https://localhost:44376/_framework/aspnetcore-browser-refresh.js - 200 16499 application/javascript;+charset=utf-8 2.2635ms
info: Microsoft.AspNetCore.Hosting.Diagnostics[2]
      Request finished HTTP/2 GET https://localhost:44376/_vs/browserLink - 200 - text/javascript;+charset=UTF-8 13.9128ms
info: Microsoft.AspNetCore.Hosting.Diagnostics[1]
      Request starting HTTP/2 GET https://localhost:44376/Admin/Plugin/AdminNavigationPlugins?_=1789985152185 - - -
info: Microsoft.AspNetCore.Routing.EndpointMiddleware[0]
      Executing endpoint 'Nop.Web.Areas.Admin.Controllers.PluginController.AdminNavigationPlugins (Nop.Web)'
info: Microsoft.AspNetCore.Mvc.Infrastructure.ControllerActionInvoker[102]
      Route matched with {area = "Admin", action = "AdminNavigationPlugins", controller = "Plugin"}. Executing controller action with signature System.Threading.Tasks.Task`1[Microsoft.AspNetCore.Mvc.IActionResult] AdminNavigationPlugins() on controller Nop.Web.Areas.Admin.Controllers.PluginController (Nop.Web).
DiscountRequirement.MustBeAssignedToCustomerRole
DiscountRequirement.ItemsBelowPrice
CurrencyExchange.ECB
ExternalAuth.Apple
ExternalAuth.Google
Misc.Omnisend
MWT.Redirect
MWT.Misc
MWT.Plugin.Misc.MwtStorefront
MultiFactorAuth.GoogleAuthenticator
MWT.Nop.Plugin.MegaMenu
MWT.Nop.Plugin.Widgets.Catalog
MWT.Shipping.FixedByWeightByTotal
NopAdvance.DiscountRules.CartSubTotal
Payments.Affirm
Payments.PayPalCommerce
Payments.AuthorizeNetHostedPayment
Payments.CashOnDelivery
Pickup.PickupInStore
Shipping.FixedByWeightByTotal
Shipping.UPS
MWT.Tax.FixedOrByCountryStateZip
Tax.Avalara
Widgets.FacebookPixel
Widgets.GoogleAnalytics
info: Microsoft.AspNetCore.Mvc.NewtonsoftJson.NewtonsoftJsonResultExecutor[2]
      Executing JsonResult, writing value of type 'System.Collections.Generic.List`1[[<>f__AnonymousType26`5[[System.String, System.Private.CoreLib, Version=9.0.0.0, Culture=neutral, PublicKeyToken=7cec85d7bea7798e],[System.String, System.Private.CoreLib, Version=9.0.0.0, Culture=neutral, PublicKeyToken=7cec85d7bea7798e],[System.String, System.Private.CoreLib, Version=9.0.0.0, Culture=neutral, PublicKeyToken=7cec85d7bea7798e],[System.String, System.Private.CoreLib, Version=9.0.0.0, Culture=neutral, PublicKeyToken=7cec85d7bea7798e],[System.Int32, System.Private.CoreLib, Version=9.0.0.0, Culture=neutral, PublicKeyToken=7cec85d7bea7798e]], Nop.Web, Version=4.90.0.0, Culture=neutral, PublicKeyToken=null]]'.
info: Microsoft.AspNetCore.Mvc.Infrastructure.ControllerActionInvoker[105]
      Executed action Nop.Web.Areas.Admin.Controllers.PluginController.AdminNavigationPlugins (Nop.Web) in 152.2416ms
info: Microsoft.AspNetCore.Routing.EndpointMiddleware[1]
      Executed endpoint 'Nop.Web.Areas.Admin.Controllers.PluginController.AdminNavigationPlugins (Nop.Web)'
info: Microsoft.AspNetCore.Hosting.Diagnostics[2]
      Request finished HTTP/2 GET https://localhost:44376/Admin/Plugin/AdminNavigationPlugins?_=1789985152185 - 200 - application/json;+charset=utf-8 321.9390ms
info: Microsoft.AspNetCore.Hosting.Diagnostics[1]
      Request starting HTTP/2 POST https://localhost:44376/Admin/Order/CustomOrderList - application/x-www-form-urlencoded;+charset=UTF-8 2938
info: Microsoft.AspNetCore.Routing.EndpointMiddleware[0]
      Executing endpoint 'Nop.Web.Areas.Admin.Controllers.OrderController.CustomOrderList (Nop.Web)'
info: Microsoft.AspNetCore.Mvc.Infrastructure.ControllerActionInvoker[102]
      Route matched with {area = "Admin", action = "CustomOrderList", controller = "Order"}. Executing controller action with signature System.Threading.Tasks.Task`1[Microsoft.AspNetCore.Mvc.IActionResult] CustomOrderList(Nop.Web.Areas.Admin.Models.Orders.OrderSearchModel) on controller Nop.Web.Areas.Admin.Controllers.OrderController (Nop.Web).
info: Microsoft.AspNetCore.Mvc.NewtonsoftJson.NewtonsoftJsonResultExecutor[2]
      Executing JsonResult, writing value of type 'Nop.Web.Areas.Admin.Models.Orders.OrderListModel'.
info: Microsoft.AspNetCore.Mvc.Infrastructure.ControllerActionInvoker[105]
      Executed action Nop.Web.Areas.Admin.Controllers.OrderController.CustomOrderList (Nop.Web) in 476.5916ms
info: Microsoft.AspNetCore.Routing.EndpointMiddleware[1]
      Executed endpoint 'Nop.Web.Areas.Admin.Controllers.OrderController.CustomOrderList (Nop.Web)'
info: Microsoft.AspNetCore.Hosting.Diagnostics[2]
      Request finished HTTP/2 POST https://localhost:44376/Admin/Order/CustomOrderList - 200 - application/json;+charset=utf-8 677.7382ms
info: Microsoft.AspNetCore.Hosting.Diagnostics[1]
      Request starting HTTP/2 POST https://localhost:44376/Admin/Order/ReportAggregates - application/x-www-form-urlencoded;+charset=UTF-8 467
info: Microsoft.AspNetCore.Routing.EndpointMiddleware[0]
      Executing endpoint 'Nop.Web.Areas.Admin.Controllers.OrderController.ReportAggregates (Nop.Web)'
info: Microsoft.AspNetCore.Mvc.Infrastructure.ControllerActionInvoker[102]
      Route matched with {area = "Admin", action = "ReportAggregates", controller = "Order"}. Executing controller action with signature System.Threading.Tasks.Task`1[Microsoft.AspNetCore.Mvc.IActionResult] ReportAggregates(Nop.Web.Areas.Admin.Models.Orders.OrderSearchModel) on controller Nop.Web.Areas.Admin.Controllers.OrderController (Nop.Web).
info: Microsoft.AspNetCore.Mvc.NewtonsoftJson.NewtonsoftJsonResultExecutor[2]
      Executing JsonResult, writing value of type 'Nop.Web.Areas.Admin.Models.Orders.OrderAggreratorModel'.
info: Microsoft.AspNetCore.Mvc.Infrastructure.ControllerActionInvoker[105]
      Executed action Nop.Web.Areas.Admin.Controllers.OrderController.ReportAggregates (Nop.Web) in 341.7875ms
info: Microsoft.AspNetCore.Routing.EndpointMiddleware[1]
      Executed endpoint 'Nop.Web.Areas.Admin.Controllers.OrderController.ReportAggregates (Nop.Web)'
info: Microsoft.AspNetCore.Hosting.Diagnostics[2]
      Request finished HTTP/2 POST https://localhost:44376/Admin/Order/ReportAggregates - 200 - application/json;+charset=utf-8 459.5436ms
info: Microsoft.AspNetCore.Hosting.Diagnostics[1]
      Request starting HTTP/2 GET https://localhost:44376/Admin/Order/Edit/13716 - - -
info: Microsoft.AspNetCore.Routing.EndpointMiddleware[0]
      Executing endpoint 'Nop.Web.Areas.Admin.Controllers.OrderController.Edit (Nop.Web)'
info: Microsoft.AspNetCore.Mvc.Infrastructure.ControllerActionInvoker[102]
      Route matched with {area = "Admin", action = "Edit", controller = "Order"}. Executing controller action with signature System.Threading.Tasks.Task`1[Microsoft.AspNetCore.Mvc.IActionResult] Edit(Int32) on controller Nop.Web.Areas.Admin.Controllers.OrderController (Nop.Web).
info: Microsoft.AspNetCore.Mvc.ViewFeatures.ViewResultExecutor[1]
      Executing ViewResult, running view Edit.
info: Microsoft.AspNetCore.Mvc.ViewFeatures.ViewResultExecutor[4]
      Executed ViewResult - view Edit executed in 332.1544ms.
info: Microsoft.AspNetCore.Mvc.Infrastructure.ControllerActionInvoker[105]
      Executed action Nop.Web.Areas.Admin.Controllers.OrderController.Edit (Nop.Web) in 874.024ms
info: Microsoft.AspNetCore.Routing.EndpointMiddleware[1]
      Executed endpoint 'Nop.Web.Areas.Admin.Controllers.OrderController.Edit (Nop.Web)'
info: Microsoft.AspNetCore.Hosting.Diagnostics[2]
      Request finished HTTP/2 GET https://localhost:44376/Admin/Order/Edit/13716 - 200 - text/html;+charset=utf-8 1047.5236ms
info: Microsoft.AspNetCore.Hosting.Diagnostics[1]
      Request starting HTTP/2 GET https://localhost:44376/lib_npm/filepond/filepond.min.css - - -
info: Microsoft.AspNetCore.Hosting.Diagnostics[1]
      Request starting HTTP/2 GET https://localhost:44376/lib_npm/filepond/filepond.min.js - - -
info: Microsoft.AspNetCore.Hosting.Diagnostics[1]
      Request starting HTTP/2 GET https://localhost:44376/css/admin/images/gmaps.ico - - -
info: Microsoft.AspNetCore.Hosting.Diagnostics[1]
      Request starting HTTP/2 GET https://localhost:44376/lib_npm/filepond-plugin-get-file/filepond-plugin-get-file.min.css - - -
info: Microsoft.AspNetCore.StaticFiles.StaticFileMiddleware[2]
      Sending file. Request path: '/css/admin/images/gmaps.ico'. Physical path: 'D:\Mind web Tree\Slc4.9\Source Code\Presentation\Nop.Web\wwwroot\css\admin\images\gmaps.ico'
info: Microsoft.AspNetCore.StaticFiles.StaticFileMiddleware[2]
      Sending file. Request path: '/lib_npm/filepond/filepond.min.css'. Physical path: 'D:\Mind web Tree\Slc4.9\Source Code\Presentation\Nop.Web\wwwroot\lib_npm\filepond\filepond.min.css'
info: Microsoft.AspNetCore.StaticFiles.StaticFileMiddleware[2]
      Sending file. Request path: '/lib_npm/filepond-plugin-get-file/filepond-plugin-get-file.min.css'. Physical path: 'D:\Mind web Tree\Slc4.9\Source Code\Presentation\Nop.Web\wwwroot\lib_npm\filepond-plugin-get-file\filepond-plugin-get-file.min.css'
info: Microsoft.AspNetCore.Hosting.Diagnostics[2]
      Request finished HTTP/2 GET https://localhost:44376/lib_npm/filepond-plugin-get-file/filepond-plugin-get-file.min.css - 200 1429 text/css 142.2460ms
info: Microsoft.AspNetCore.Hosting.Diagnostics[2]
      Request finished HTTP/2 GET https://localhost:44376/css/admin/images/gmaps.ico - 200 4286 image/x-icon 194.2266ms
info: Microsoft.AspNetCore.Hosting.Diagnostics[2]
      Request finished HTTP/2 GET https://localhost:44376/lib_npm/filepond/filepond.min.css - 200 17470 text/css 200.3695ms
info: Microsoft.AspNetCore.Hosting.Diagnostics[1]
      Request starting HTTP/2 GET https://localhost:44376/images/thumbs/default-image_75.png - - -
info: Microsoft.AspNetCore.Hosting.Diagnostics[1]
      Request starting HTTP/2 GET https://localhost:44376/_framework/aspnetcore-browser-refresh.js - - -
info: Microsoft.AspNetCore.Hosting.Diagnostics[1]
      Request starting HTTP/2 GET https://localhost:44376/lib_npm/filepond-plugin-get-file/filepond-plugin-get-file.min.js - - -
info: Microsoft.AspNetCore.Hosting.Diagnostics[1]
      Request starting HTTP/2 GET https://localhost:44376/_vs/browserLink - - -
info: Microsoft.AspNetCore.Hosting.Diagnostics[2]
      Request finished HTTP/2 GET https://localhost:44376/_framework/aspnetcore-browser-refresh.js - 200 16499 application/javascript;+charset=utf-8 29.8841ms
info: Microsoft.AspNetCore.StaticFiles.StaticFileMiddleware[2]
      Sending file. Request path: '/images/thumbs/default-image_75.png'. Physical path: 'D:\Mind web Tree\Slc4.9\Source Code\Presentation\Nop.Web\wwwroot\images\thumbs\default-image_75.png'
info: Microsoft.AspNetCore.Hosting.Diagnostics[2]
      Request finished HTTP/2 GET https://localhost:44376/images/thumbs/default-image_75.png - 200 2109 image/png 34.2686ms
info: Microsoft.AspNetCore.StaticFiles.StaticFileMiddleware[2]
      Sending file. Request path: '/lib_npm/filepond-plugin-get-file/filepond-plugin-get-file.min.js'. Physical path: 'D:\Mind web Tree\Slc4.9\Source Code\Presentation\Nop.Web\wwwroot\lib_npm\filepond-plugin-get-file\filepond-plugin-get-file.min.js'
info: Microsoft.AspNetCore.Hosting.Diagnostics[2]
      Request finished HTTP/2 GET https://localhost:44376/lib_npm/filepond-plugin-get-file/filepond-plugin-get-file.min.js - 200 1947 text/javascript 85.9329ms
info: Microsoft.AspNetCore.Hosting.Diagnostics[2]
      Request finished HTTP/2 GET https://localhost:44376/_vs/browserLink - 200 - text/javascript;+charset=UTF-8 89.0661ms
info: Microsoft.AspNetCore.StaticFiles.StaticFileMiddleware[2]
      Sending file. Request path: '/lib_npm/filepond/filepond.min.js'. Physical path: 'D:\Mind web Tree\Slc4.9\Source Code\Presentation\Nop.Web\wwwroot\lib_npm\filepond\filepond.min.js'
info: Microsoft.AspNetCore.Hosting.Diagnostics[2]
      Request finished HTTP/2 GET https://localhost:44376/lib_npm/filepond/filepond.min.js - 200 118246 text/javascript 379.2285ms
info: Microsoft.AspNetCore.Hosting.Diagnostics[1]
      Request starting HTTP/2 GET https://localhost:44376/Admin/Plugin/AdminNavigationPlugins?_=1789985157487 - - -
info: Microsoft.AspNetCore.Routing.EndpointMiddleware[0]
      Executing endpoint 'Nop.Web.Areas.Admin.Controllers.PluginController.AdminNavigationPlugins (Nop.Web)'
info: Microsoft.AspNetCore.Mvc.Infrastructure.ControllerActionInvoker[102]
      Route matched with {area = "Admin", action = "AdminNavigationPlugins", controller = "Plugin"}. Executing controller action with signature System.Threading.Tasks.Task`1[Microsoft.AspNetCore.Mvc.IActionResult] AdminNavigationPlugins() on controller Nop.Web.Areas.Admin.Controllers.PluginController (Nop.Web).
DiscountRequirement.MustBeAssignedToCustomerRole
DiscountRequirement.ItemsBelowPrice
CurrencyExchange.ECB
ExternalAuth.Apple
ExternalAuth.Google
Misc.Omnisend
MWT.Redirect
MWT.Misc
MWT.Plugin.Misc.MwtStorefront
MultiFactorAuth.GoogleAuthenticator
MWT.Nop.Plugin.MegaMenu
MWT.Nop.Plugin.Widgets.Catalog
MWT.Shipping.FixedByWeightByTotal
NopAdvance.DiscountRules.CartSubTotal
Payments.Affirm
Payments.PayPalCommerce
Payments.AuthorizeNetHostedPayment
Payments.CashOnDelivery
Pickup.PickupInStore
Shipping.FixedByWeightByTotal
Shipping.UPS
MWT.Tax.FixedOrByCountryStateZip
Tax.Avalara
Widgets.FacebookPixel
Widgets.GoogleAnalytics
info: Microsoft.AspNetCore.Mvc.NewtonsoftJson.NewtonsoftJsonResultExecutor[2]
      Executing JsonResult, writing value of type 'System.Collections.Generic.List`1[[<>f__AnonymousType26`5[[System.String, System.Private.CoreLib, Version=9.0.0.0, Culture=neutral, PublicKeyToken=7cec85d7bea7798e],[System.String, System.Private.CoreLib, Version=9.0.0.0, Culture=neutral, PublicKeyToken=7cec85d7bea7798e],[System.String, System.Private.CoreLib, Version=9.0.0.0, Culture=neutral, PublicKeyToken=7cec85d7bea7798e],[System.String, System.Private.CoreLib, Version=9.0.0.0, Culture=neutral, PublicKeyToken=7cec85d7bea7798e],[System.Int32, System.Private.CoreLib, Version=9.0.0.0, Culture=neutral, PublicKeyToken=7cec85d7bea7798e]], Nop.Web, Version=4.90.0.0, Culture=neutral, PublicKeyToken=null]]'.
info: Microsoft.AspNetCore.Mvc.Infrastructure.ControllerActionInvoker[105]
      Executed action Nop.Web.Areas.Admin.Controllers.PluginController.AdminNavigationPlugins (Nop.Web) in 206.01ms
info: Microsoft.AspNetCore.Routing.EndpointMiddleware[1]
      Executed endpoint 'Nop.Web.Areas.Admin.Controllers.PluginController.AdminNavigationPlugins (Nop.Web)'
info: Microsoft.AspNetCore.Hosting.Diagnostics[2]
      Request finished HTTP/2 GET https://localhost:44376/Admin/Plugin/AdminNavigationPlugins?_=1789985157487 - 200 - application/json;+charset=utf-8 372.4939ms
info: Microsoft.AspNetCore.Hosting.Diagnostics[1]
      Request starting HTTP/2 POST https://localhost:44376/Admin/Order/ShipmentsByOrder?OrderId=13716 - application/x-www-form-urlencoded;+charset=UTF-8 2026
info: Microsoft.AspNetCore.Hosting.Diagnostics[1]
      Request starting HTTP/2 POST https://localhost:44376/Admin/Order/OrderNotesSelect?OrderId=13716 - application/x-www-form-urlencoded;+charset=UTF-8 1375
info: Microsoft.AspNetCore.Routing.EndpointMiddleware[0]
      Executing endpoint 'Nop.Web.Areas.Admin.Controllers.OrderController.ShipmentsByOrder (Nop.Web)'
info: Microsoft.AspNetCore.Routing.EndpointMiddleware[0]
      Executing endpoint 'Nop.Web.Areas.Admin.Controllers.OrderController.OrderNotesSelect (Nop.Web)'
info: Microsoft.AspNetCore.Mvc.Infrastructure.ControllerActionInvoker[102]
      Route matched with {area = "Admin", action = "ShipmentsByOrder", controller = "Order"}. Executing controller action with signature System.Threading.Tasks.Task`1[Microsoft.AspNetCore.Mvc.IActionResult] ShipmentsByOrder(Nop.Web.Areas.Admin.Models.Orders.OrderShipmentSearchModel) on controller Nop.Web.Areas.Admin.Controllers.OrderController (Nop.Web).
info: Microsoft.AspNetCore.Mvc.Infrastructure.ControllerActionInvoker[102]
      Route matched with {area = "Admin", action = "OrderNotesSelect", controller = "Order"}. Executing controller action with signature System.Threading.Tasks.Task`1[Microsoft.AspNetCore.Mvc.IActionResult] OrderNotesSelect(Nop.Web.Areas.Admin.Models.Orders.OrderNoteSearchModel) on controller Nop.Web.Areas.Admin.Controllers.OrderController (Nop.Web).
info: Microsoft.AspNetCore.Mvc.NewtonsoftJson.NewtonsoftJsonResultExecutor[2]
      Executing JsonResult, writing value of type 'Nop.Web.Areas.Admin.Models.Orders.OrderNoteListModel'.
info: Microsoft.AspNetCore.Mvc.NewtonsoftJson.NewtonsoftJsonResultExecutor[2]
      Executing JsonResult, writing value of type 'Nop.Web.Areas.Admin.Models.Orders.OrderShipmentListModel'.
info: Microsoft.AspNetCore.Mvc.Infrastructure.ControllerActionInvoker[105]
      Executed action Nop.Web.Areas.Admin.Controllers.OrderController.ShipmentsByOrder (Nop.Web) in 483.1404ms
info: Microsoft.AspNetCore.Routing.EndpointMiddleware[1]
      Executed endpoint 'Nop.Web.Areas.Admin.Controllers.OrderController.ShipmentsByOrder (Nop.Web)'
info: Microsoft.AspNetCore.Hosting.Diagnostics[2]
      Request finished HTTP/2 POST https://localhost:44376/Admin/Order/ShipmentsByOrder?OrderId=13716 - 200 - application/json;+charset=utf-8 952.1480ms
info: Microsoft.AspNetCore.Mvc.Infrastructure.ControllerActionInvoker[105]
      Executed action Nop.Web.Areas.Admin.Controllers.OrderController.OrderNotesSelect (Nop.Web) in 513.0424ms
info: Microsoft.AspNetCore.Routing.EndpointMiddleware[1]
      Executed endpoint 'Nop.Web.Areas.Admin.Controllers.OrderController.OrderNotesSelect (Nop.Web)'
info: Microsoft.AspNetCore.Hosting.Diagnostics[2]
      Request finished HTTP/2 POST https://localhost:44376/Admin/Order/OrderNotesSelect?OrderId=13716 - 200 - application/json;+charset=utf-8 943.0893ms
info: Microsoft.AspNetCore.Hosting.Diagnostics[1]
      Request starting HTTP/2 GET https://localhost:44376/Admin/Product/List - - -
info: Microsoft.AspNetCore.Routing.EndpointMiddleware[0]
      Executing endpoint 'Nop.Web.Areas.Admin.Controllers.ProductController.List (Nop.Web)'
info: Microsoft.AspNetCore.Mvc.Infrastructure.ControllerActionInvoker[102]
      Route matched with {area = "Admin", action = "List", controller = "Product"}. Executing controller action with signature System.Threading.Tasks.Task`1[Microsoft.AspNetCore.Mvc.IActionResult] List() on controller Nop.Web.Areas.Admin.Controllers.ProductController (Nop.Web).
info: Microsoft.AspNetCore.Mvc.ViewFeatures.ViewResultExecutor[1]
      Executing ViewResult, running view List.
info: Microsoft.AspNetCore.Mvc.ViewFeatures.ViewResultExecutor[4]
      Executed ViewResult - view List executed in 218.3655ms.
info: Microsoft.AspNetCore.Mvc.Infrastructure.ControllerActionInvoker[105]
      Executed action Nop.Web.Areas.Admin.Controllers.ProductController.List (Nop.Web) in 503.4192ms
info: Microsoft.AspNetCore.Routing.EndpointMiddleware[1]
      Executed endpoint 'Nop.Web.Areas.Admin.Controllers.ProductController.List (Nop.Web)'
info: Microsoft.AspNetCore.Hosting.Diagnostics[2]
      Request finished HTTP/2 GET https://localhost:44376/Admin/Product/List - 200 - text/html;+charset=utf-8 659.3293ms
info: Microsoft.AspNetCore.Hosting.Diagnostics[1]
      Request starting HTTP/2 GET https://localhost:44376/_vs/browserLink - - -
info: Microsoft.AspNetCore.Hosting.Diagnostics[1]
      Request starting HTTP/2 GET https://localhost:44376/_framework/aspnetcore-browser-refresh.js - - -
info: Microsoft.AspNetCore.Hosting.Diagnostics[2]
      Request finished HTTP/2 GET https://localhost:44376/_framework/aspnetcore-browser-refresh.js - 200 16499 application/javascript;+charset=utf-8 3.2194ms
info: Microsoft.AspNetCore.Hosting.Diagnostics[2]
      Request finished HTTP/2 GET https://localhost:44376/_vs/browserLink - 200 - text/javascript;+charset=UTF-8 44.0456ms
info: Microsoft.AspNetCore.Hosting.Diagnostics[1]
      Request starting HTTP/2 GET https://localhost:44376/Admin/Plugin/AdminNavigationPlugins?_=1789985159919 - - -
info: Microsoft.AspNetCore.Routing.EndpointMiddleware[0]
      Executing endpoint 'Nop.Web.Areas.Admin.Controllers.PluginController.AdminNavigationPlugins (Nop.Web)'
info: Microsoft.AspNetCore.Mvc.Infrastructure.ControllerActionInvoker[102]
      Route matched with {area = "Admin", action = "AdminNavigationPlugins", controller = "Plugin"}. Executing controller action with signature System.Threading.Tasks.Task`1[Microsoft.AspNetCore.Mvc.IActionResult] AdminNavigationPlugins() on controller Nop.Web.Areas.Admin.Controllers.PluginController (Nop.Web).
DiscountRequirement.MustBeAssignedToCustomerRole
DiscountRequirement.ItemsBelowPrice
CurrencyExchange.ECB
ExternalAuth.Apple
ExternalAuth.Google
Misc.Omnisend
MWT.Redirect
MWT.Misc
MWT.Plugin.Misc.MwtStorefront
MultiFactorAuth.GoogleAuthenticator
MWT.Nop.Plugin.MegaMenu
MWT.Nop.Plugin.Widgets.Catalog
MWT.Shipping.FixedByWeightByTotal
NopAdvance.DiscountRules.CartSubTotal
Payments.Affirm
Payments.PayPalCommerce
Payments.AuthorizeNetHostedPayment
Payments.CashOnDelivery
Pickup.PickupInStore
Shipping.FixedByWeightByTotal
Shipping.UPS
MWT.Tax.FixedOrByCountryStateZip
Tax.Avalara
Widgets.FacebookPixel
Widgets.GoogleAnalytics
info: Microsoft.AspNetCore.Mvc.NewtonsoftJson.NewtonsoftJsonResultExecutor[2]
      Executing JsonResult, writing value of type 'System.Collections.Generic.List`1[[<>f__AnonymousType26`5[[System.String, System.Private.CoreLib, Version=9.0.0.0, Culture=neutral, PublicKeyToken=7cec85d7bea7798e],[System.String, System.Private.CoreLib, Version=9.0.0.0, Culture=neutral, PublicKeyToken=7cec85d7bea7798e],[System.String, System.Private.CoreLib, Version=9.0.0.0, Culture=neutral, PublicKeyToken=7cec85d7bea7798e],[System.String, System.Private.CoreLib, Version=9.0.0.0, Culture=neutral, PublicKeyToken=7cec85d7bea7798e],[System.Int32, System.Private.CoreLib, Version=9.0.0.0, Culture=neutral, PublicKeyToken=7cec85d7bea7798e]], Nop.Web, Version=4.90.0.0, Culture=neutral, PublicKeyToken=null]]'.
info: Microsoft.AspNetCore.Mvc.Infrastructure.ControllerActionInvoker[105]
      Executed action Nop.Web.Areas.Admin.Controllers.PluginController.AdminNavigationPlugins (Nop.Web) in 156.3647ms
info: Microsoft.AspNetCore.Routing.EndpointMiddleware[1]
      Executed endpoint 'Nop.Web.Areas.Admin.Controllers.PluginController.AdminNavigationPlugins (Nop.Web)'
info: Microsoft.AspNetCore.Hosting.Diagnostics[2]
      Request finished HTTP/2 GET https://localhost:44376/Admin/Plugin/AdminNavigationPlugins?_=1789985159919 - 200 - application/json;+charset=utf-8 271.7713ms
info: Microsoft.AspNetCore.Hosting.Diagnostics[1]
      Request starting HTTP/2 POST https://localhost:44376/Admin/Product/ProductList - application/x-www-form-urlencoded;+charset=UTF-8 2425
info: Microsoft.AspNetCore.Routing.EndpointMiddleware[0]
      Executing endpoint 'Nop.Web.Areas.Admin.Controllers.ProductController.ProductList (Nop.Web)'
info: Microsoft.AspNetCore.Mvc.Infrastructure.ControllerActionInvoker[102]
      Route matched with {area = "Admin", action = "ProductList", controller = "Product"}. Executing controller action with signature System.Threading.Tasks.Task`1[Microsoft.AspNetCore.Mvc.IActionResult] ProductList(Nop.Web.Areas.Admin.Models.Catalog.ProductSearchModel) on controller Nop.Web.Areas.Admin.Controllers.ProductController (Nop.Web).
info: Microsoft.AspNetCore.Mvc.NewtonsoftJson.NewtonsoftJsonResultExecutor[2]
      Executing JsonResult, writing value of type 'Nop.Web.Areas.Admin.Models.Catalog.ProductListModel'.
info: Microsoft.AspNetCore.Mvc.Infrastructure.ControllerActionInvoker[105]
      Executed action Nop.Web.Areas.Admin.Controllers.ProductController.ProductList (Nop.Web) in 644.3621ms
info: Microsoft.AspNetCore.Routing.EndpointMiddleware[1]
      Executed endpoint 'Nop.Web.Areas.Admin.Controllers.ProductController.ProductList (Nop.Web)'
info: Microsoft.AspNetCore.Hosting.Diagnostics[2]
      Request finished HTTP/2 POST https://localhost:44376/Admin/Product/ProductList - 200 - application/json;+charset=utf-8 773.9282ms
info: Microsoft.AspNetCore.Hosting.Diagnostics[1]
      Request starting HTTP/2 GET https://localhost:44376/images/thumbs/0430083_frisco-modern-rustic-solid-wood-long-sideboard-with-drawers_75.jpeg - - -
info: Microsoft.AspNetCore.Hosting.Diagnostics[1]
      Request starting HTTP/2 GET https://localhost:44376/images/thumbs/0390391_peoria-solid-wood-square-dining-table-set_75.jpeg - - -
info: Microsoft.AspNetCore.Hosting.Diagnostics[1]
      Request starting HTTP/2 GET https://localhost:44376/images/thumbs/0429600_kansas-city-rustic-farmhouse-counter-height-square-dining-set_75.jpeg - - -
info: Microsoft.AspNetCore.Hosting.Diagnostics[1]
      Request starting HTTP/2 GET https://localhost:44376/images/thumbs/0429828_quebec-glass-door-solid-wood-media-console-cabinet-6582_75.png - - -
info: Microsoft.AspNetCore.Hosting.Diagnostics[1]
      Request starting HTTP/2 GET https://localhost:44376/images/thumbs/0390489_olancha-contemporary-solid-wood-46-small-tv-stand-with-3-drawers_75.jpeg - - -
info: Microsoft.AspNetCore.Hosting.Diagnostics[2]
      Request finished HTTP/2 GET https://localhost:44376/images/thumbs/0430083_frisco-modern-rustic-solid-wood-long-sideboard-with-drawers_75.jpeg - 404 - - 853.9412ms
info: Microsoft.AspNetCore.Hosting.Diagnostics[16]
      Request reached the end of the middleware pipeline without being handled by application code. Request path: GET https://localhost:44376/images/thumbs/0430083_frisco-modern-rustic-solid-wood-long-sideboard-with-drawers_75.jpeg, Response status code: 404
info: Microsoft.AspNetCore.Hosting.Diagnostics[2]
      Request finished HTTP/2 GET https://localhost:44376/images/thumbs/0429828_quebec-glass-door-solid-wood-media-console-cabinet-6582_75.png - 404 - - 826.8999ms
info: Microsoft.AspNetCore.Hosting.Diagnostics[16]
      Request reached the end of the middleware pipeline without being handled by application code. Request path: GET https://localhost:44376/images/thumbs/0429828_quebec-glass-door-solid-wood-media-console-cabinet-6582_75.png, Response status code: 404
info: Microsoft.AspNetCore.Hosting.Diagnostics[2]
      Request finished HTTP/2 GET https://localhost:44376/images/thumbs/0390391_peoria-solid-wood-square-dining-table-set_75.jpeg - 404 - - 916.9796ms
info: Microsoft.AspNetCore.Hosting.Diagnostics[16]
      Request reached the end of the middleware pipeline without being handled by application code. Request path: GET https://localhost:44376/images/thumbs/0390391_peoria-solid-wood-square-dining-table-set_75.jpeg, Response status code: 404
info: Microsoft.AspNetCore.Hosting.Diagnostics[2]
      Request finished HTTP/2 GET https://localhost:44376/images/thumbs/0429600_kansas-city-rustic-farmhouse-counter-height-square-dining-set_75.jpeg - 404 - - 960.3013ms
info: Microsoft.AspNetCore.Hosting.Diagnostics[16]
      Request reached the end of the middleware pipeline without being handled by application code. Request path: GET https://localhost:44376/images/thumbs/0429600_kansas-city-rustic-farmhouse-counter-height-square-dining-set_75.jpeg, Response status code: 404
info: Microsoft.AspNetCore.Hosting.Diagnostics[2]
      Request finished HTTP/2 GET https://localhost:44376/images/thumbs/0390489_olancha-contemporary-solid-wood-46-small-tv-stand-with-3-drawers_75.jpeg - 404 - - 912.7255ms
info: Microsoft.AspNetCore.Hosting.Diagnostics[16]
      Request reached the end of the middleware pipeline without being handled by application code. Request path: GET https://localhost:44376/images/thumbs/0390489_olancha-contemporary-solid-wood-46-small-tv-stand-with-3-drawers_75.jpeg, Response status code: 404
info: Microsoft.AspNetCore.Hosting.Diagnostics[1]
      Request starting HTTP/2 GET https://localhost:44376/Admin/Product/Edit/2 - - -
info: Microsoft.AspNetCore.Routing.EndpointMiddleware[0]
      Executing endpoint 'Nop.Web.Areas.Admin.Controllers.ProductController.CustomEdit (Nop.Web)'
info: Microsoft.AspNetCore.Mvc.Infrastructure.ControllerActionInvoker[102]
      Route matched with {area = "Admin", action = "CustomEdit", controller = "Product"}. Executing controller action with signature System.Threading.Tasks.Task`1[Microsoft.AspNetCore.Mvc.IActionResult] CustomEdit(Int32) on controller Nop.Web.Areas.Admin.Controllers.ProductController (Nop.Web).
info: Microsoft.AspNetCore.Mvc.ViewFeatures.ViewResultExecutor[1]
      Executing ViewResult, running view Edit.
info: Microsoft.AspNetCore.Mvc.ViewFeatures.ViewResultExecutor[4]
      Executed ViewResult - view Edit executed in 1835.7312ms.
info: Microsoft.AspNetCore.Mvc.Infrastructure.ControllerActionInvoker[105]
      Executed action Nop.Web.Areas.Admin.Controllers.ProductController.CustomEdit (Nop.Web) in 2759.6851ms
info: Microsoft.AspNetCore.Routing.EndpointMiddleware[1]
      Executed endpoint 'Nop.Web.Areas.Admin.Controllers.ProductController.CustomEdit (Nop.Web)'
info: Microsoft.AspNetCore.Hosting.Diagnostics[2]
      Request finished HTTP/2 GET https://localhost:44376/Admin/Product/Edit/2 - 200 - text/html;+charset=utf-8 2939.4869ms
info: Microsoft.AspNetCore.Hosting.Diagnostics[1]
      Request starting HTTP/2 GET https://localhost:44376/lib_npm/jquery-tageditor/jquery.tag-editor.css - - -
info: Microsoft.AspNetCore.Hosting.Diagnostics[1]
      Request starting HTTP/2 GET https://localhost:44376/lib_npm/jquery-tageditor/jquery.tag-editor.min.js - - -
info: Microsoft.AspNetCore.Hosting.Diagnostics[1]
      Request starting HTTP/2 GET https://localhost:44376/lib_npm/summernote/summernote-bs4.min.js - - -
info: Microsoft.AspNetCore.Hosting.Diagnostics[1]
      Request starting HTTP/2 GET https://localhost:44376/lib_npm/summernote/lang/summernote-en-US.min.js - - -
info: Microsoft.AspNetCore.Hosting.Diagnostics[1]
      Request starting HTTP/2 GET https://localhost:44376/lib_npm/summernote/summernote-bs4.min.css - - -
info: Microsoft.AspNetCore.Hosting.Diagnostics[1]
      Request starting HTTP/2 GET https://localhost:44376/lib_npm/jquery-tageditor/jquery.caret.min.js - - -
info: Microsoft.AspNetCore.StaticFiles.StaticFileMiddleware[2]
      Sending file. Request path: '/lib_npm/jquery-tageditor/jquery.tag-editor.css'. Physical path: 'D:\Mind web Tree\Slc4.9\Source Code\Presentation\Nop.Web\wwwroot\lib_npm\jquery-tageditor\jquery.tag-editor.css'
info: Microsoft.AspNetCore.Hosting.Diagnostics[2]
      Request finished HTTP/2 GET https://localhost:44376/lib_npm/jquery-tageditor/jquery.tag-editor.css - 200 2736 text/css 48.8017ms
info: Microsoft.AspNetCore.Hosting.Diagnostics[1]
      Request starting HTTP/2 GET https://localhost:44376/_framework/aspnetcore-browser-refresh.js - - -
info: Microsoft.AspNetCore.Hosting.Diagnostics[2]
      Request finished HTTP/2 GET https://localhost:44376/_framework/aspnetcore-browser-refresh.js - 200 16499 application/javascript;+charset=utf-8 8.3968ms
info: Microsoft.AspNetCore.StaticFiles.StaticFileMiddleware[2]
      Sending file. Request path: '/lib_npm/jquery-tageditor/jquery.caret.min.js'. Physical path: 'D:\Mind web Tree\Slc4.9\Source Code\Presentation\Nop.Web\wwwroot\lib_npm\jquery-tageditor\jquery.caret.min.js'
info: Microsoft.AspNetCore.StaticFiles.StaticFileMiddleware[2]
      Sending file. Request path: '/lib_npm/jquery-tageditor/jquery.tag-editor.min.js'. Physical path: 'D:\Mind web Tree\Slc4.9\Source Code\Presentation\Nop.Web\wwwroot\lib_npm\jquery-tageditor\jquery.tag-editor.min.js'
info: Microsoft.AspNetCore.Hosting.Diagnostics[2]
      Request finished HTTP/2 GET https://localhost:44376/lib_npm/jquery-tageditor/jquery.caret.min.js - 200 1156 text/javascript 27.3093ms
info: Microsoft.AspNetCore.StaticFiles.StaticFileMiddleware[2]
      Sending file. Request path: '/lib_npm/summernote/summernote-bs4.min.css'. Physical path: 'D:\Mind web Tree\Slc4.9\Source Code\Presentation\Nop.Web\wwwroot\lib_npm\summernote\summernote-bs4.min.css'
info: Microsoft.AspNetCore.StaticFiles.StaticFileMiddleware[2]
      Sending file. Request path: '/lib_npm/summernote/lang/summernote-en-US.min.js'. Physical path: 'D:\Mind web Tree\Slc4.9\Source Code\Presentation\Nop.Web\wwwroot\lib_npm\summernote\lang\summernote-en-US.min.js'
info: Microsoft.AspNetCore.Hosting.Diagnostics[2]
      Request finished HTTP/2 GET https://localhost:44376/lib_npm/summernote/summernote-bs4.min.css - 200 19640 text/css 67.3919ms
info: Microsoft.AspNetCore.Hosting.Diagnostics[2]
      Request finished HTTP/2 GET https://localhost:44376/lib_npm/jquery-tageditor/jquery.tag-editor.min.js - 200 9337 text/javascript 99.8589ms
info: Microsoft.AspNetCore.Hosting.Diagnostics[2]
      Request finished HTTP/2 GET https://localhost:44376/lib_npm/summernote/lang/summernote-en-US.min.js - 200 4548 text/javascript 98.0789ms
info: Microsoft.AspNetCore.Hosting.Diagnostics[1]
      Request starting HTTP/2 GET https://localhost:44376/_vs/browserLink - - -
info: Microsoft.AspNetCore.Hosting.Diagnostics[2]
      Request finished HTTP/2 GET https://localhost:44376/_vs/browserLink - 200 - text/javascript;+charset=UTF-8 5.8103ms
info: Microsoft.AspNetCore.StaticFiles.StaticFileMiddleware[2]
      Sending file. Request path: '/lib_npm/summernote/summernote-bs4.min.js'. Physical path: 'D:\Mind web Tree\Slc4.9\Source Code\Presentation\Nop.Web\wwwroot\lib_npm\summernote\summernote-bs4.min.js'
info: Microsoft.AspNetCore.Hosting.Diagnostics[2]
      Request finished HTTP/2 GET https://localhost:44376/lib_npm/summernote/summernote-bs4.min.js - 200 172824 text/javascript 322.0088ms
info: Microsoft.AspNetCore.Hosting.Diagnostics[1]
      Request starting HTTP/2 GET https://localhost:44376/lib_npm/summernote/font/summernote.woff2 - - -
info: Microsoft.AspNetCore.StaticFiles.StaticFileMiddleware[2]
      Sending file. Request path: '/lib_npm/summernote/font/summernote.woff2'. Physical path: 'D:\Mind web Tree\Slc4.9\Source Code\Presentation\Nop.Web\wwwroot\lib_npm\summernote\font\summernote.woff2'
info: Microsoft.AspNetCore.Hosting.Diagnostics[2]
      Request finished HTTP/2 GET https://localhost:44376/lib_npm/summernote/font/summernote.woff2 - 200 6932 font/woff2 29.6039ms
info: Microsoft.AspNetCore.Hosting.Diagnostics[1]
      Request starting HTTP/2 GET https://localhost:44376/Admin/Plugin/AdminNavigationPlugins?_=1789985167861 - - -
info: Microsoft.AspNetCore.Routing.EndpointMiddleware[0]
      Executing endpoint 'Nop.Web.Areas.Admin.Controllers.PluginController.AdminNavigationPlugins (Nop.Web)'
info: Microsoft.AspNetCore.Mvc.Infrastructure.ControllerActionInvoker[102]
      Route matched with {area = "Admin", action = "AdminNavigationPlugins", controller = "Plugin"}. Executing controller action with signature System.Threading.Tasks.Task`1[Microsoft.AspNetCore.Mvc.IActionResult] AdminNavigationPlugins() on controller Nop.Web.Areas.Admin.Controllers.PluginController (Nop.Web).
DiscountRequirement.MustBeAssignedToCustomerRole
DiscountRequirement.ItemsBelowPrice
CurrencyExchange.ECB
ExternalAuth.Apple
ExternalAuth.Google
Misc.Omnisend
MWT.Redirect
MWT.Misc
MWT.Plugin.Misc.MwtStorefront
MultiFactorAuth.GoogleAuthenticator
MWT.Nop.Plugin.MegaMenu
MWT.Nop.Plugin.Widgets.Catalog
MWT.Shipping.FixedByWeightByTotal
NopAdvance.DiscountRules.CartSubTotal
Payments.Affirm
Payments.PayPalCommerce
Payments.AuthorizeNetHostedPayment
Payments.CashOnDelivery
Pickup.PickupInStore
Shipping.FixedByWeightByTotal
Shipping.UPS
MWT.Tax.FixedOrByCountryStateZip
Tax.Avalara
Widgets.FacebookPixel
Widgets.GoogleAnalytics
info: Microsoft.AspNetCore.Mvc.NewtonsoftJson.NewtonsoftJsonResultExecutor[2]
      Executing JsonResult, writing value of type 'System.Collections.Generic.List`1[[<>f__AnonymousType26`5[[System.String, System.Private.CoreLib, Version=9.0.0.0, Culture=neutral, PublicKeyToken=7cec85d7bea7798e],[System.String, System.Private.CoreLib, Version=9.0.0.0, Culture=neutral, PublicKeyToken=7cec85d7bea7798e],[System.String, System.Private.CoreLib, Version=9.0.0.0, Culture=neutral, PublicKeyToken=7cec85d7bea7798e],[System.String, System.Private.CoreLib, Version=9.0.0.0, Culture=neutral, PublicKeyToken=7cec85d7bea7798e],[System.Int32, System.Private.CoreLib, Version=9.0.0.0, Culture=neutral, PublicKeyToken=7cec85d7bea7798e]], Nop.Web, Version=4.90.0.0, Culture=neutral, PublicKeyToken=null]]'.
info: Microsoft.AspNetCore.Mvc.Infrastructure.ControllerActionInvoker[105]
      Executed action Nop.Web.Areas.Admin.Controllers.PluginController.AdminNavigationPlugins (Nop.Web) in 187.6253ms
info: Microsoft.AspNetCore.Routing.EndpointMiddleware[1]
      Executed endpoint 'Nop.Web.Areas.Admin.Controllers.PluginController.AdminNavigationPlugins (Nop.Web)'
info: Microsoft.AspNetCore.Hosting.Diagnostics[2]
      Request finished HTTP/2 GET https://localhost:44376/Admin/Plugin/AdminNavigationPlugins?_=1789985167861 - 200 - application/json;+charset=utf-8 314.6148ms
info: Microsoft.AspNetCore.Hosting.Diagnostics[1]
      Request starting HTTP/2 GET https://localhost:44376/images/thumbs/0390396_peoria-solid-wood-square-dining-table-set_75.jpeg - - -
info: Microsoft.AspNetCore.Hosting.Diagnostics[1]
      Request starting HTTP/2 GET https://localhost:44376/images/thumbs/0390393_peoria-solid-wood-square-dining-table-set_75.jpeg - - -
info: Microsoft.AspNetCore.Hosting.Diagnostics[1]
      Request starting HTTP/2 GET https://localhost:44376/images/thumbs/0390392_peoria-solid-wood-square-dining-table-set_75.jpeg - - -
info: Microsoft.AspNetCore.Hosting.Diagnostics[1]
      Request starting HTTP/2 GET https://localhost:44376/images/thumbs/0390394_peoria-solid-wood-square-dining-table-set_75.jpeg - - -
info: Microsoft.AspNetCore.Hosting.Diagnostics[1]
      Request starting HTTP/2 GET https://localhost:44376/images/thumbs/0390397_peoria-solid-wood-square-dining-table-set_75.jpeg - - -
info: Microsoft.AspNetCore.Hosting.Diagnostics[1]
      Request starting HTTP/2 GET https://localhost:44376/images/thumbs/0431792_peoria-solid-wood-square-dining-table-set-for-8_75.jpeg - - -
info: Microsoft.AspNetCore.Hosting.Diagnostics[1]
      Request starting HTTP/2 GET https://localhost:44376/images/thumbs/0390391_peoria-solid-wood-square-dining-table-set_75.jpeg - - -
info: Microsoft.AspNetCore.Hosting.Diagnostics[1]
      Request starting HTTP/2 GET https://localhost:44376/images/thumbs/0431794_peoria-solid-wood-square-dining-table-set-for-8_75.jpeg - - -
info: Microsoft.AspNetCore.Hosting.Diagnostics[1]
      Request starting HTTP/2 GET https://localhost:44376/images/thumbs/0431793_peoria-solid-wood-square-dining-table-set-for-8_75.jpeg - - -
info: Microsoft.AspNetCore.Hosting.Diagnostics[1]
      Request starting HTTP/2 GET https://localhost:44376/images/thumbs/0390395_peoria-solid-wood-square-dining-table-set_75.jpeg - - -
info: Microsoft.AspNetCore.Hosting.Diagnostics[1]
      Request starting HTTP/2 GET https://localhost:44376/images/thumbs/0431791_peoria-solid-wood-square-dining-table-set-for-8_75.jpeg - - -
info: Microsoft.AspNetCore.Hosting.Diagnostics[1]
      Request starting HTTP/2 POST https://localhost:44376/Admin/Product/TierPriceList?ProductId=2 - application/x-www-form-urlencoded;+charset=UTF-8 2030
info: Microsoft.AspNetCore.Hosting.Diagnostics[1]
      Request starting HTTP/2 POST https://localhost:44376/Admin/Product/ProductPictureList?ProductId=2 - application/x-www-form-urlencoded;+charset=UTF-8 2518
info: Microsoft.AspNetCore.Hosting.Diagnostics[1]
      Request starting HTTP/2 POST https://localhost:44376/Admin/Product/AssociatedProductList?ProductId=2 - application/x-www-form-urlencoded;+charset=UTF-8 1572
info: Microsoft.AspNetCore.Routing.EndpointMiddleware[0]
      Executing endpoint 'Nop.Web.Areas.Admin.Controllers.ProductController.TierPriceList (Nop.Web)'
info: Microsoft.AspNetCore.Hosting.Diagnostics[1]
      Request starting HTTP/2 POST https://localhost:44376/Admin/Product/DimesionImagesList?ProductId=2 - application/x-www-form-urlencoded;+charset=UTF-8 932
info: Microsoft.AspNetCore.Hosting.Diagnostics[1]
      Request starting HTTP/2 POST https://localhost:44376/Admin/Product/ProductAttributeMappingList/2 - application/x-www-form-urlencoded;+charset=UTF-8 2490
info: Microsoft.AspNetCore.Routing.EndpointMiddleware[0]
      Executing endpoint 'Nop.Web.Areas.Admin.Controllers.ProductController.ProductPictureList (Nop.Web)'
info: Microsoft.AspNetCore.Routing.EndpointMiddleware[0]
      Executing endpoint 'Nop.Web.Areas.Admin.Controllers.ProductController.AssociatedProductList (Nop.Web)'
info: Microsoft.AspNetCore.Routing.EndpointMiddleware[0]
      Executing endpoint 'Nop.Web.Areas.Admin.Controllers.ProductController.DimesionImagesList (Nop.Web)'
info: Microsoft.AspNetCore.Hosting.Diagnostics[1]
      Request starting HTTP/2 POST https://localhost:44376/Admin/Product/ProductAttributeCombinationList?ProductId=2 - application/x-www-form-urlencoded;+charset=UTF-8 3404
info: Microsoft.AspNetCore.Hosting.Diagnostics[1]
      Request starting HTTP/2 POST https://localhost:44376/Admin/Product/CustomProductAttributeCombinationList?ProductId=2 - application/x-www-form-urlencoded;+charset=UTF-8 3209
info: Microsoft.AspNetCore.Routing.EndpointMiddleware[0]
      Executing endpoint 'Nop.Web.Areas.Admin.Controllers.ProductController.CustomProductAttributeMappingList (Nop.Web)'
info: Microsoft.AspNetCore.Mvc.Infrastructure.ControllerActionInvoker[102]
      Route matched with {area = "Admin", action = "TierPriceList", controller = "Product"}. Executing controller action with signature System.Threading.Tasks.Task`1[Microsoft.AspNetCore.Mvc.IActionResult] TierPriceList(Nop.Web.Areas.Admin.Models.Catalog.TierPriceSearchModel) on controller Nop.Web.Areas.Admin.Controllers.ProductController (Nop.Web).
info: Microsoft.AspNetCore.Mvc.Infrastructure.ControllerActionInvoker[102]
      Route matched with {area = "Admin", action = "ProductPictureList", controller = "Product"}. Executing controller action with signature System.Threading.Tasks.Task`1[Microsoft.AspNetCore.Mvc.IActionResult] ProductPictureList(Nop.Web.Areas.Admin.Models.Catalog.ProductPictureSearchModel) on controller Nop.Web.Areas.Admin.Controllers.ProductController (Nop.Web).
info: Microsoft.AspNetCore.Hosting.Diagnostics[1]
      Request starting HTTP/2 POST https://localhost:44376/Admin/Product/CustomCrossSellProductList?ProductId=2 - application/x-www-form-urlencoded;+charset=UTF-8 1168
info: Microsoft.AspNetCore.Hosting.Diagnostics[1]
      Request starting HTTP/2 POST https://localhost:44376/Admin/Product/FBTProductList?ProductId=2 - application/x-www-form-urlencoded;+charset=UTF-8 2039
info: Microsoft.AspNetCore.Mvc.Infrastructure.ControllerActionInvoker[102]
      Route matched with {area = "Admin", action = "DimesionImagesList", controller = "Product"}. Executing controller action with signature System.Threading.Tasks.Task`1[Microsoft.AspNetCore.Mvc.IActionResult] DimesionImagesList(Nop.Web.Areas.Admin.Models.Customization.Catalog.ProductDimensionPictureSearchModel) on controller Nop.Web.Areas.Admin.Controllers.ProductController (Nop.Web).
info: Microsoft.AspNetCore.Routing.EndpointMiddleware[0]
      Executing endpoint 'Nop.Web.Areas.Admin.Controllers.ProductController.CustomProductAttributeCombinationList (Nop.Web)'
info: Microsoft.AspNetCore.Hosting.Diagnostics[1]
      Request starting HTTP/2 POST https://localhost:44376/Admin/Product/CustomRelatedProductList?ProductId=2 - application/x-www-form-urlencoded;+charset=UTF-8 1816
info: Microsoft.AspNetCore.Hosting.Diagnostics[1]
      Request starting HTTP/2 POST https://localhost:44376/Admin/Product/ProductSpecAttrList?ProductId=2 - application/x-www-form-urlencoded;+charset=UTF-8 1832
info: Microsoft.AspNetCore.Mvc.Infrastructure.ControllerActionInvoker[102]
      Route matched with {area = "Admin", action = "AssociatedProductList", controller = "Product"}. Executing controller action with signature System.Threading.Tasks.Task`1[Microsoft.AspNetCore.Mvc.IActionResult] AssociatedProductList(Nop.Web.Areas.Admin.Models.Catalog.AssociatedProductSearchModel) on controller Nop.Web.Areas.Admin.Controllers.ProductController (Nop.Web).
info: Microsoft.AspNetCore.Hosting.Diagnostics[1]
      Request starting HTTP/2 POST https://localhost:44376/Admin/Product/SkuReservedWarning - application/x-www-form-urlencoded;+charset=UTF-8 251
info: Microsoft.AspNetCore.Hosting.Diagnostics[1]
      Request starting HTTP/2 POST https://localhost:44376/Admin/Product/VariantList?ProductId=2 - application/x-www-form-urlencoded;+charset=UTF-8 3593
info: Microsoft.AspNetCore.Hosting.Diagnostics[1]
      Request starting HTTP/2 POST https://localhost:44376/Admin/Product/RelatedSearchList?ProductId=2&EntityType=Product - application/x-www-form-urlencoded;+charset=UTF-8 1361
info: Microsoft.AspNetCore.Hosting.Diagnostics[1]
      Request starting HTTP/2 POST https://localhost:44376/Admin/Product/PairWithProductList?ProductId=2 - application/x-www-form-urlencoded;+charset=UTF-8 1816
info: Microsoft.AspNetCore.Routing.EndpointMiddleware[0]
      Executing endpoint 'Nop.Web.Areas.Admin.Controllers.ProductController.CustomCrossSellProductList (Nop.Web)'
info: Microsoft.AspNetCore.Routing.EndpointMiddleware[0]
      Executing endpoint 'Nop.Web.Areas.Admin.Controllers.ProductController.CustomRelatedProductList (Nop.Web)'
info: Microsoft.AspNetCore.Routing.EndpointMiddleware[0]
      Executing endpoint 'Nop.Web.Areas.Admin.Controllers.ProductController.RelatedSearchList (Nop.Web)'
info: Microsoft.AspNetCore.Mvc.Infrastructure.ControllerActionInvoker[102]
      Route matched with {area = "Admin", action = "CustomProductAttributeMappingList", controller = "Product"}. Executing controller action with signature System.Threading.Tasks.Task`1[Microsoft.AspNetCore.Mvc.IActionResult] CustomProductAttributeMappingList(Nop.Web.Areas.Admin.Models.Catalog.ProductAttributeMappingSearchModel) on controller Nop.Web.Areas.Admin.Controllers.ProductController (Nop.Web).
info: Microsoft.AspNetCore.Routing.EndpointMiddleware[0]
      Executing endpoint 'Nop.Web.Areas.Admin.Controllers.ProductController.PairWithProductList (Nop.Web)'
info: Microsoft.AspNetCore.Routing.EndpointMiddleware[0]
      Executing endpoint 'Nop.Web.Areas.Admin.Controllers.ProductController.FBTProductList (Nop.Web)'
info: Microsoft.AspNetCore.Mvc.Infrastructure.ControllerActionInvoker[102]
      Route matched with {area = "Admin", action = "CustomCrossSellProductList", controller = "Product"}. Executing controller action with signature System.Threading.Tasks.Task`1[Microsoft.AspNetCore.Mvc.IActionResult] CustomCrossSellProductList(Nop.Web.Areas.Admin.Models.Catalog.CrossSellProductSearchModel) on controller Nop.Web.Areas.Admin.Controllers.ProductController (Nop.Web).
info: Microsoft.AspNetCore.Mvc.Infrastructure.ControllerActionInvoker[102]
      Route matched with {area = "Admin", action = "CustomProductAttributeCombinationList", controller = "Product"}. Executing controller action with signature System.Threading.Tasks.Task`1[Microsoft.AspNetCore.Mvc.IActionResult] CustomProductAttributeCombinationList(Nop.Web.Areas.Admin.Models.Catalog.ProductAttributeCombinationSearchModel) on controller Nop.Web.Areas.Admin.Controllers.ProductController (Nop.Web).
info: Microsoft.AspNetCore.Mvc.Infrastructure.ControllerActionInvoker[102]
      Route matched with {area = "Admin", action = "CustomRelatedProductList", controller = "Product"}. Executing controller action with signature System.Threading.Tasks.Task`1[Microsoft.AspNetCore.Mvc.IActionResult] CustomRelatedProductList(Nop.Web.Areas.Admin.Models.Catalog.RelatedProductSearchModel) on controller Nop.Web.Areas.Admin.Controllers.ProductController (Nop.Web).
info: Microsoft.AspNetCore.Hosting.Diagnostics[1]
      Request starting HTTP/2 POST https://localhost:44376/Admin/Faq/FaqList?EntityId=2&EntityType=Product - application/x-www-form-urlencoded;+charset=UTF-8 2013
info: Microsoft.AspNetCore.Mvc.Infrastructure.ControllerActionInvoker[102]
      Route matched with {area = "Admin", action = "RelatedSearchList", controller = "Product"}. Executing controller action with signature System.Threading.Tasks.Task`1[Microsoft.AspNetCore.Mvc.IActionResult] RelatedSearchList(Nop.Web.Areas.Admin.Models.Catalog.RelatedProductSearchModel) on controller Nop.Web.Areas.Admin.Controllers.ProductController (Nop.Web).
info: Microsoft.AspNetCore.Hosting.Diagnostics[1]
      Request starting HTTP/2 POST https://localhost:44376/Admin/Product/PurchasedWithOrders?ProductId=2 - application/x-www-form-urlencoded;+charset=UTF-8 1828
info: Microsoft.AspNetCore.Hosting.Diagnostics[1]
      Request starting HTTP/2 POST https://localhost:44376/Admin/Product/StockQuantityHistory?ProductId=2 - application/x-www-form-urlencoded;+charset=UTF-8 1635
info: Microsoft.AspNetCore.Mvc.Infrastructure.ControllerActionInvoker[102]
      Route matched with {area = "Admin", action = "PairWithProductList", controller = "Product"}. Executing controller action with signature System.Threading.Tasks.Task`1[Microsoft.AspNetCore.Mvc.IActionResult] PairWithProductList(Nop.Web.Areas.Admin.Models.Catalog.RelatedProductSearchModel) on controller Nop.Web.Areas.Admin.Controllers.ProductController (Nop.Web).
info: Microsoft.AspNetCore.Hosting.Diagnostics[1]
      Request starting HTTP/2 POST https://localhost:44376/Admin/Product/SuggestedKeywordList?ProductId=2 - application/x-www-form-urlencoded;+charset=UTF-8 725
info: Microsoft.AspNetCore.Routing.EndpointMiddleware[0]
      Executing endpoint 'Nop.Web.Areas.Admin.Controllers.ProductController.ProductSpecAttrList (Nop.Web)'
info: Microsoft.AspNetCore.Routing.EndpointMiddleware[0]
      Executing endpoint 'Nop.Web.Areas.Admin.Controllers.Customizations.FaqController.FaqList (Nop.Web)'
info: Microsoft.AspNetCore.Routing.EndpointMiddleware[0]
      Executing endpoint 'Nop.Web.Areas.Admin.Controllers.ProductController.ProductAttributeCombinationList (Nop.Web)'
info: Microsoft.AspNetCore.Routing.EndpointMiddleware[0]
      Executing endpoint 'Nop.Web.Areas.Admin.Controllers.ProductController.SuggestedKeywordList (Nop.Web)'
info: Microsoft.AspNetCore.Routing.EndpointMiddleware[0]
      Executing endpoint 'Nop.Web.Areas.Admin.Controllers.ProductController.PurchasedWithOrders (Nop.Web)'
info: Microsoft.AspNetCore.Hosting.Diagnostics[1]
      Request starting HTTP/2 GET https://localhost:44376/.well-known/appspecific/com.chrome.devtools.json - - -
info: Microsoft.AspNetCore.Routing.EndpointMiddleware[0]
      Executing endpoint 'Nop.Web.Areas.Admin.Controllers.ProductController.StockQuantityHistory (Nop.Web)'
info: Microsoft.AspNetCore.Hosting.Diagnostics[1]
      Request starting HTTP/2 POST https://localhost:44376/Admin/Product/CollectionProductList?ProductId=2 - application/x-www-form-urlencoded;+charset=UTF-8 1816
info: Microsoft.AspNetCore.Mvc.Infrastructure.ControllerActionInvoker[102]
      Route matched with {area = "Admin", action = "FBTProductList", controller = "Product"}. Executing controller action with signature System.Threading.Tasks.Task`1[Microsoft.AspNetCore.Mvc.IActionResult] FBTProductList(Nop.Web.Areas.Admin.Models.Catalog.FBTProductSearchModel) on controller Nop.Web.Areas.Admin.Controllers.ProductController (Nop.Web).
info: Microsoft.AspNetCore.Mvc.Infrastructure.ControllerActionInvoker[102]
      Route matched with {area = "Admin", action = "SuggestedKeywordList", controller = "Product"}. Executing controller action with signature System.Threading.Tasks.Task`1[Microsoft.AspNetCore.Mvc.IActionResult] SuggestedKeywordList(Nop.Web.Areas.Admin.Models.Customization.Custom.ProductSuggestedKeywordSearchModel, Int32) on controller Nop.Web.Areas.Admin.Controllers.ProductController (Nop.Web).
info: Microsoft.AspNetCore.Routing.EndpointMiddleware[0]
      Executing endpoint 'Nop.Web.Areas.Admin.Controllers.ProductController.SkuReservedWarning (Nop.Web)'
info: Microsoft.AspNetCore.Mvc.Infrastructure.ControllerActionInvoker[102]
      Route matched with {area = "Admin", action = "PurchasedWithOrders", controller = "Product"}. Executing controller action with signature System.Threading.Tasks.Task`1[Microsoft.AspNetCore.Mvc.IActionResult] PurchasedWithOrders(Nop.Web.Areas.Admin.Models.Catalog.ProductOrderSearchModel) on controller Nop.Web.Areas.Admin.Controllers.ProductController (Nop.Web).
info: Microsoft.AspNetCore.Routing.EndpointMiddleware[0]
      Executing endpoint 'Nop.Web.Areas.Admin.Controllers.ProductController.CollectionProductList (Nop.Web)'
info: Microsoft.AspNetCore.Routing.EndpointMiddleware[0]
      Executing endpoint 'Nop.Web.Areas.Admin.Controllers.ProductController.VariantList (Nop.Web)'
info: Microsoft.AspNetCore.Hosting.Diagnostics[2]
      Request finished HTTP/2 GET https://localhost:44376/images/thumbs/0390394_peoria-solid-wood-square-dining-table-set_75.jpeg - 404 - - 5775.2380ms
info: Microsoft.AspNetCore.Mvc.Infrastructure.ControllerActionInvoker[102]
      Route matched with {area = "Admin", action = "StockQuantityHistory", controller = "Product"}. Executing controller action with signature System.Threading.Tasks.Task`1[Microsoft.AspNetCore.Mvc.IActionResult] StockQuantityHistory(Nop.Web.Areas.Admin.Models.Catalog.StockQuantityHistorySearchModel) on controller Nop.Web.Areas.Admin.Controllers.ProductController (Nop.Web).
info: Microsoft.AspNetCore.Mvc.Infrastructure.ControllerActionInvoker[102]
      Route matched with {area = "Admin", action = "ProductSpecAttrList", controller = "Product"}. Executing controller action with signature System.Threading.Tasks.Task`1[Microsoft.AspNetCore.Mvc.IActionResult] ProductSpecAttrList(Nop.Web.Areas.Admin.Models.Catalog.ProductSpecificationAttributeSearchModel) on controller Nop.Web.Areas.Admin.Controllers.ProductController (Nop.Web).
info: Microsoft.AspNetCore.Hosting.Diagnostics[16]
      Request reached the end of the middleware pipeline without being handled by application code. Request path: GET https://localhost:44376/images/thumbs/0390394_peoria-solid-wood-square-dining-table-set_75.jpeg, Response status code: 404
info: Microsoft.AspNetCore.Mvc.Infrastructure.ControllerActionInvoker[102]
      Route matched with {area = "Admin", action = "FaqList", controller = "Faq"}. Executing controller action with signature System.Threading.Tasks.Task`1[Microsoft.AspNetCore.Mvc.IActionResult] FaqList(Nop.Web.Areas.Admin.Models.FAQModule.FaqSearchModel) on controller Nop.Web.Areas.Admin.Controllers.Customizations.FaqController (Nop.Web).
info: Microsoft.AspNetCore.Hosting.Diagnostics[2]
      Request finished HTTP/2 GET https://localhost:44376/images/thumbs/0390397_peoria-solid-wood-square-dining-table-set_75.jpeg - 404 - - 5806.8573ms
info: Microsoft.AspNetCore.Mvc.Infrastructure.ControllerActionInvoker[102]
      Route matched with {area = "Admin", action = "ProductAttributeCombinationList", controller = "Product"}. Executing controller action with signature System.Threading.Tasks.Task`1[Microsoft.AspNetCore.Mvc.IActionResult] ProductAttributeCombinationList(Nop.Web.Areas.Admin.Models.Catalog.ProductAttributeCombinationSearchModel) on controller Nop.Web.Areas.Admin.Controllers.ProductController (Nop.Web).
info: Microsoft.AspNetCore.Hosting.Diagnostics[16]
      Request reached the end of the middleware pipeline without being handled by application code. Request path: GET https://localhost:44376/images/thumbs/0390397_peoria-solid-wood-square-dining-table-set_75.jpeg, Response status code: 404
info: Microsoft.AspNetCore.Hosting.Diagnostics[2]
      Request finished HTTP/2 GET https://localhost:44376/images/thumbs/0431794_peoria-solid-wood-square-dining-table-set-for-8_75.jpeg - 404 - - 5333.1721ms
info: Microsoft.AspNetCore.Hosting.Diagnostics[16]
      Request reached the end of the middleware pipeline without being handled by application code. Request path: GET https://localhost:44376/images/thumbs/0431794_peoria-solid-wood-square-dining-table-set-for-8_75.jpeg, Response status code: 404
info: Microsoft.AspNetCore.Hosting.Diagnostics[2]
      Request finished HTTP/2 GET https://localhost:44376/images/thumbs/0431791_peoria-solid-wood-square-dining-table-set-for-8_75.jpeg - 404 - - 4574.3741ms
info: Microsoft.AspNetCore.Hosting.Diagnostics[16]
      Request reached the end of the middleware pipeline without being handled by application code. Request path: GET https://localhost:44376/images/thumbs/0431791_peoria-solid-wood-square-dining-table-set-for-8_75.jpeg, Response status code: 404
info: Microsoft.AspNetCore.Hosting.Diagnostics[2]
      Request finished HTTP/2 GET https://localhost:44376/images/thumbs/0431792_peoria-solid-wood-square-dining-table-set-for-8_75.jpeg - 404 - - 6085.6306ms
info: Microsoft.AspNetCore.Mvc.Infrastructure.ControllerActionInvoker[102]
      Route matched with {area = "Admin", action = "SkuReservedWarning", controller = "Product"}. Executing controller action with signature System.Threading.Tasks.Task`1[Microsoft.AspNetCore.Mvc.IActionResult] SkuReservedWarning(Int32, System.String) on controller Nop.Web.Areas.Admin.Controllers.ProductController (Nop.Web).
info: Microsoft.AspNetCore.Hosting.Diagnostics[16]
      Request reached the end of the middleware pipeline without being handled by application code. Request path: GET https://localhost:44376/images/thumbs/0431792_peoria-solid-wood-square-dining-table-set-for-8_75.jpeg, Response status code: 404
info: Microsoft.AspNetCore.Mvc.Infrastructure.ControllerActionInvoker[102]
      Route matched with {area = "Admin", action = "VariantList", controller = "Product"}. Executing controller action with signature System.Threading.Tasks.Task`1[Microsoft.AspNetCore.Mvc.IActionResult] VariantList(Nop.Web.Areas.Admin.Models.Customization.Catalog.VariantSearchModel) on controller Nop.Web.Areas.Admin.Controllers.ProductController (Nop.Web).
info: Microsoft.AspNetCore.Mvc.Infrastructure.ControllerActionInvoker[102]
      Route matched with {area = "Admin", action = "CollectionProductList", controller = "Product"}. Executing controller action with signature System.Threading.Tasks.Task`1[Microsoft.AspNetCore.Mvc.IActionResult] CollectionProductList(Nop.Web.Areas.Admin.Models.Catalog.RelatedProductSearchModel) on controller Nop.Web.Areas.Admin.Controllers.ProductController (Nop.Web).
info: Microsoft.AspNetCore.Hosting.Diagnostics[2]
      Request finished HTTP/2 GET https://localhost:44376/images/thumbs/0431793_peoria-solid-wood-square-dining-table-set-for-8_75.jpeg - 404 - - 5870.0967ms
info: Microsoft.AspNetCore.Hosting.Diagnostics[16]
      Request reached the end of the middleware pipeline without being handled by application code. Request path: GET https://localhost:44376/images/thumbs/0431793_peoria-solid-wood-square-dining-table-set-for-8_75.jpeg, Response status code: 404
info: Microsoft.AspNetCore.Hosting.Diagnostics[2]
      Request finished HTTP/2 GET https://localhost:44376/images/thumbs/0390391_peoria-solid-wood-square-dining-table-set_75.jpeg - 404 - - 6992.9568ms
info: Microsoft.AspNetCore.Hosting.Diagnostics[16]
      Request reached the end of the middleware pipeline without being handled by application code. Request path: GET https://localhost:44376/images/thumbs/0390391_peoria-solid-wood-square-dining-table-set_75.jpeg, Response status code: 404
info: Microsoft.AspNetCore.Hosting.Diagnostics[1]
      Request starting HTTP/2 GET https://localhost:44376/Admin/Product/Edit/2 - - -
info: Microsoft.AspNetCore.Mvc.NewtonsoftJson.NewtonsoftJsonResultExecutor[2]
      Executing JsonResult, writing value of type 'Nop.Web.Areas.Admin.Models.Customization.Catalog.ProductDimensionPictureListModel'.
info: Microsoft.AspNetCore.Mvc.Infrastructure.ControllerActionInvoker[105]
      Executed action Nop.Web.Areas.Admin.Controllers.ProductController.DimesionImagesList (Nop.Web) in 5141.1909ms
info: Microsoft.AspNetCore.Routing.EndpointMiddleware[1]
      Executed endpoint 'Nop.Web.Areas.Admin.Controllers.ProductController.DimesionImagesList (Nop.Web)'
info: Microsoft.AspNetCore.Hosting.Diagnostics[2]
      Request finished HTTP/2 POST https://localhost:44376/Admin/Product/DimesionImagesList?ProductId=2 - 200 - application/json;+charset=utf-8 6284.5964ms
info: Microsoft.AspNetCore.Hosting.Diagnostics[2]
      Request finished HTTP/2 GET https://localhost:44376/images/thumbs/0390393_peoria-solid-wood-square-dining-table-set_75.jpeg - 404 - - 8491.0558ms
info: Microsoft.AspNetCore.Hosting.Diagnostics[16]
      Request reached the end of the middleware pipeline without being handled by application code. Request path: GET https://localhost:44376/images/thumbs/0390393_peoria-solid-wood-square-dining-table-set_75.jpeg, Response status code: 404
info: Microsoft.AspNetCore.Mvc.NewtonsoftJson.NewtonsoftJsonResultExecutor[2]
      Executing JsonResult, writing value of type '<>f__AnonymousType2`1[[System.String, System.Private.CoreLib, Version=9.0.0.0, Culture=neutral, PublicKeyToken=7cec85d7bea7798e]]'.
info: Microsoft.AspNetCore.Hosting.Diagnostics[2]
      Request finished HTTP/2 GET https://localhost:44376/images/thumbs/0390396_peoria-solid-wood-square-dining-table-set_75.jpeg - 404 - - 8528.8331ms
info: Microsoft.AspNetCore.Hosting.Diagnostics[16]
      Request reached the end of the middleware pipeline without being handled by application code. Request path: GET https://localhost:44376/images/thumbs/0390396_peoria-solid-wood-square-dining-table-set_75.jpeg, Response status code: 404
info: Microsoft.AspNetCore.Mvc.Infrastructure.ControllerActionInvoker[105]
      Executed action Nop.Web.Areas.Admin.Controllers.ProductController.SkuReservedWarning (Nop.Web) in 2440.8155ms
info: Microsoft.AspNetCore.Routing.EndpointMiddleware[1]
      Executed endpoint 'Nop.Web.Areas.Admin.Controllers.ProductController.SkuReservedWarning (Nop.Web)'
info: Microsoft.AspNetCore.Hosting.Diagnostics[2]
      Request finished HTTP/2 POST https://localhost:44376/Admin/Product/SkuReservedWarning - 200 - application/json;+charset=utf-8 5710.6764ms
info: Microsoft.AspNetCore.Hosting.Diagnostics[2]
      Request finished HTTP/2 GET https://localhost:44376/.well-known/appspecific/com.chrome.devtools.json - 404 - - 3693.1545ms
info: Microsoft.AspNetCore.Hosting.Diagnostics[16]
      Request reached the end of the middleware pipeline without being handled by application code. Request path: GET https://localhost:44376/.well-known/appspecific/com.chrome.devtools.json, Response status code: 404
info: Microsoft.AspNetCore.Hosting.Diagnostics[1]
      Request starting HTTP/2 GET https://localhost:44376/images/product/dimensionimages/2_4b71a52f9a91a8c4a70510ea69ef0557.jpg - - -
info: Microsoft.AspNetCore.Mvc.NewtonsoftJson.NewtonsoftJsonResultExecutor[2]
      Executing JsonResult, writing value of type 'Nop.Web.Areas.Admin.Models.Catalog.AssociatedProductListModel'.
info: Microsoft.AspNetCore.Mvc.Infrastructure.ControllerActionInvoker[105]
      Executed action Nop.Web.Areas.Admin.Controllers.ProductController.AssociatedProductList (Nop.Web) in 6441.3454ms
info: Microsoft.AspNetCore.Routing.EndpointMiddleware[1]
      Executed endpoint 'Nop.Web.Areas.Admin.Controllers.ProductController.AssociatedProductList (Nop.Web)'
info: Microsoft.AspNetCore.Hosting.Diagnostics[2]
      Request finished HTTP/2 POST https://localhost:44376/Admin/Product/AssociatedProductList?ProductId=2 - 200 - application/json;+charset=utf-8 7956.7061ms
info: Microsoft.AspNetCore.Mvc.NewtonsoftJson.NewtonsoftJsonResultExecutor[2]
      Executing JsonResult, writing value of type 'Nop.Web.Areas.Admin.Models.Catalog.ProductAttributeMappingListModel'.
info: Microsoft.AspNetCore.StaticFiles.StaticFileMiddleware[2]
      Sending file. Request path: '/images/product/dimensionimages/2_4b71a52f9a91a8c4a70510ea69ef0557.jpg'. Physical path: 'D:\Mind web Tree\Slc4.9\Source Code\Presentation\Nop.Web\wwwroot\images\product\dimensionimages\2_4b71a52f9a91a8c4a70510ea69ef0557.jpg'
info: Microsoft.AspNetCore.Hosting.Diagnostics[2]
      Request finished HTTP/2 GET https://localhost:44376/images/thumbs/0390392_peoria-solid-wood-square-dining-table-set_75.jpeg - 404 - - 10334.9979ms
info: Microsoft.AspNetCore.Hosting.Diagnostics[16]
      Request reached the end of the middleware pipeline without being handled by application code. Request path: GET https://localhost:44376/images/thumbs/0390392_peoria-solid-wood-square-dining-table-set_75.jpeg, Response status code: 404
info: Microsoft.AspNetCore.Hosting.Diagnostics[2]
      Request finished HTTP/2 GET https://localhost:44376/images/product/dimensionimages/2_4b71a52f9a91a8c4a70510ea69ef0557.jpg - 200 230383 image/jpeg 1740.6466ms
info: Microsoft.AspNetCore.Mvc.NewtonsoftJson.NewtonsoftJsonResultExecutor[2]
      Executing JsonResult, writing value of type 'Nop.Web.Areas.Admin.Models.Catalog.TierPriceListModel'.
info: Microsoft.AspNetCore.Routing.EndpointMiddleware[0]
      Executing endpoint 'Nop.Web.Areas.Admin.Controllers.ProductController.CustomEdit (Nop.Web)'
info: Microsoft.AspNetCore.Mvc.Infrastructure.ControllerActionInvoker[102]
      Route matched with {area = "Admin", action = "CustomEdit", controller = "Product"}. Executing controller action with signature System.Threading.Tasks.Task`1[Microsoft.AspNetCore.Mvc.IActionResult] CustomEdit(Int32) on controller Nop.Web.Areas.Admin.Controllers.ProductController (Nop.Web).
info: Microsoft.AspNetCore.Mvc.NewtonsoftJson.NewtonsoftJsonResultExecutor[2]
      Executing JsonResult, writing value of type 'Nop.Web.Areas.Admin.Models.Catalog.PairWithProductListModel'.
info: Microsoft.AspNetCore.Hosting.Diagnostics[2]
      Request finished HTTP/2 GET https://localhost:44376/images/thumbs/0390395_peoria-solid-wood-square-dining-table-set_75.jpeg - 404 - - 10053.9655ms
info: Microsoft.AspNetCore.Hosting.Diagnostics[16]
      Request reached the end of the middleware pipeline without being handled by application code. Request path: GET https://localhost:44376/images/thumbs/0390395_peoria-solid-wood-square-dining-table-set_75.jpeg, Response status code: 404
info: Microsoft.AspNetCore.Mvc.Infrastructure.ControllerActionInvoker[105]
      Executed action Nop.Web.Areas.Admin.Controllers.ProductController.CustomProductAttributeMappingList (Nop.Web) in 8027.405ms
info: Microsoft.AspNetCore.Routing.EndpointMiddleware[1]
      Executed endpoint 'Nop.Web.Areas.Admin.Controllers.ProductController.CustomProductAttributeMappingList (Nop.Web)'
info: Microsoft.AspNetCore.Mvc.Infrastructure.ControllerActionInvoker[105]
      Executed action Nop.Web.Areas.Admin.Controllers.ProductController.PairWithProductList (Nop.Web) in 7733.1361ms
info: Microsoft.AspNetCore.Hosting.Diagnostics[2]
      Request finished HTTP/2 POST https://localhost:44376/Admin/Product/ProductAttributeMappingList/2 - 200 - application/json;+charset=utf-8 10382.0267ms
info: Microsoft.AspNetCore.Routing.EndpointMiddleware[1]
      Executed endpoint 'Nop.Web.Areas.Admin.Controllers.ProductController.PairWithProductList (Nop.Web)'
info: Microsoft.AspNetCore.Hosting.Diagnostics[2]
      Request finished HTTP/2 POST https://localhost:44376/Admin/Product/PairWithProductList?ProductId=2 - 200 - application/json;+charset=utf-8 9149.8659ms
info: Microsoft.AspNetCore.Mvc.Infrastructure.ControllerActionInvoker[105]
      Executed action Nop.Web.Areas.Admin.Controllers.ProductController.TierPriceList (Nop.Web) in 10009.315ms
info: Microsoft.AspNetCore.Mvc.NewtonsoftJson.NewtonsoftJsonResultExecutor[2]
      Executing JsonResult, writing value of type 'Nop.Web.Areas.Admin.Models.Catalog.RelatedSearchListModel'.
info: Microsoft.AspNetCore.Mvc.NewtonsoftJson.NewtonsoftJsonResultExecutor[2]
      Executing JsonResult, writing value of type 'Nop.Web.Areas.Admin.Models.Catalog.ProductPictureListModel'.
info: Microsoft.AspNetCore.Routing.EndpointMiddleware[1]
      Executed endpoint 'Nop.Web.Areas.Admin.Controllers.ProductController.TierPriceList (Nop.Web)'
info: Microsoft.AspNetCore.Hosting.Diagnostics[2]
      Request finished HTTP/2 POST https://localhost:44376/Admin/Product/TierPriceList?ProductId=2 - 200 - application/json;+charset=utf-8 12149.9139ms
info: Microsoft.AspNetCore.Mvc.NewtonsoftJson.NewtonsoftJsonResultExecutor[2]
      Executing JsonResult, writing value of type 'Nop.Web.Areas.Admin.Models.Catalog.ProductAttributeCombinationListModel'.
info: Microsoft.AspNetCore.Mvc.Infrastructure.ControllerActionInvoker[105]
      Executed action Nop.Web.Areas.Admin.Controllers.ProductController.ProductPictureList (Nop.Web) in 10930.947ms
info: Microsoft.AspNetCore.Routing.EndpointMiddleware[1]
      Executed endpoint 'Nop.Web.Areas.Admin.Controllers.ProductController.ProductPictureList (Nop.Web)'
info: Microsoft.AspNetCore.Mvc.NewtonsoftJson.NewtonsoftJsonResultExecutor[2]
      Executing JsonResult, writing value of type 'Nop.Web.Areas.Admin.Models.Catalog.FBTProductListModel'.
info: Microsoft.AspNetCore.Hosting.Diagnostics[2]
      Request finished HTTP/2 POST https://localhost:44376/Admin/Product/ProductPictureList?ProductId=2 - 200 - application/json;+charset=utf-8 12326.1474ms
info: Microsoft.AspNetCore.Hosting.Diagnostics[1]
      Request starting HTTP/2 GET https://localhost:44376/images/thumbs/0390391_peoria-solid-wood-square-dining-table-set.jpeg - - -
info: Microsoft.AspNetCore.Hosting.Diagnostics[1]
      Request starting HTTP/2 GET https://localhost:44376/images/thumbs/0390394_peoria-solid-wood-square-dining-table-set.jpeg - - -
info: Microsoft.AspNetCore.Hosting.Diagnostics[1]
      Request starting HTTP/2 GET https://localhost:44376/images/thumbs/0390393_peoria-solid-wood-square-dining-table-set.jpeg - - -
info: Microsoft.AspNetCore.StaticFiles.StaticFileMiddleware[2]
      Sending file. Request path: '/images/thumbs/0390391_peoria-solid-wood-square-dining-table-set.jpeg'. Physical path: 'D:\Mind web Tree\Slc4.9\Source Code\Presentation\Nop.Web\wwwroot\images\thumbs\0390391_peoria-solid-wood-square-dining-table-set.jpeg'
info: Microsoft.AspNetCore.Hosting.Diagnostics[2]
      Request finished HTTP/2 GET https://localhost:44376/images/thumbs/0390391_peoria-solid-wood-square-dining-table-set.jpeg - 200 0 image/jpeg 66.4247ms
info: Microsoft.AspNetCore.Hosting.Diagnostics[1]
      Request starting HTTP/2 GET https://localhost:44376/images/thumbs/0390392_peoria-solid-wood-square-dining-table-set.jpeg - - -
info: Microsoft.AspNetCore.Hosting.Diagnostics[1]
      Request starting HTTP/2 GET https://localhost:44376/Admin/Product/GetLatestSmartInjectorData?productId=2&_=1789985167862 - - -
info: Microsoft.AspNetCore.StaticFiles.StaticFileMiddleware[2]
      Sending file. Request path: '/images/thumbs/0390392_peoria-solid-wood-square-dining-table-set.jpeg'. Physical path: 'D:\Mind web Tree\Slc4.9\Source Code\Presentation\Nop.Web\wwwroot\images\thumbs\0390392_peoria-solid-wood-square-dining-table-set.jpeg'
info: Microsoft.AspNetCore.StaticFiles.StaticFileMiddleware[2]
      Sending file. Request path: '/images/thumbs/0390394_peoria-solid-wood-square-dining-table-set.jpeg'. Physical path: 'D:\Mind web Tree\Slc4.9\Source Code\Presentation\Nop.Web\wwwroot\images\thumbs\0390394_peoria-solid-wood-square-dining-table-set.jpeg'
info: Microsoft.AspNetCore.StaticFiles.StaticFileMiddleware[2]
      Sending file. Request path: '/images/thumbs/0390393_peoria-solid-wood-square-dining-table-set.jpeg'. Physical path: 'D:\Mind web Tree\Slc4.9\Source Code\Presentation\Nop.Web\wwwroot\images\thumbs\0390393_peoria-solid-wood-square-dining-table-set.jpeg'
info: Microsoft.AspNetCore.Hosting.Diagnostics[2]
      Request finished HTTP/2 GET https://localhost:44376/images/thumbs/0390393_peoria-solid-wood-square-dining-table-set.jpeg - 200 0 image/jpeg 186.9107ms
info: Microsoft.AspNetCore.Hosting.Diagnostics[1]
      Request starting HTTP/2 GET https://localhost:44376/images/thumbs/0431791_peoria-solid-wood-square-dining-table-set-for-8.jpeg - - -
info: Microsoft.AspNetCore.Mvc.Infrastructure.ControllerActionInvoker[105]
      Executed action Nop.Web.Areas.Admin.Controllers.ProductController.FBTProductList (Nop.Web) in 8728.2642ms
info: Microsoft.AspNetCore.Routing.EndpointMiddleware[1]
      Executed endpoint 'Nop.Web.Areas.Admin.Controllers.ProductController.FBTProductList (Nop.Web)'
info: Microsoft.AspNetCore.Hosting.Diagnostics[1]
      Request starting HTTP/2 GET https://localhost:44376/images/thumbs/0390397_peoria-solid-wood-square-dining-table-set.jpeg - - -
info: Microsoft.AspNetCore.Hosting.Diagnostics[1]
      Request starting HTTP/2 GET https://localhost:44376/images/thumbs/0431792_peoria-solid-wood-square-dining-table-set-for-8.jpeg - - -
info: Microsoft.AspNetCore.Hosting.Diagnostics[2]
      Request finished HTTP/2 POST https://localhost:44376/Admin/Product/FBTProductList?ProductId=2 - 200 - application/json;+charset=utf-8 11203.7015ms
info: Microsoft.AspNetCore.Hosting.Diagnostics[2]
      Request finished HTTP/2 GET https://localhost:44376/images/thumbs/0390394_peoria-solid-wood-square-dining-table-set.jpeg - 200 0 image/jpeg 221.4283ms
info: Microsoft.AspNetCore.Hosting.Diagnostics[2]
      Request finished HTTP/2 GET https://localhost:44376/images/thumbs/0390392_peoria-solid-wood-square-dining-table-set.jpeg - 200 0 image/jpeg 215.5362ms
info: Microsoft.AspNetCore.Hosting.Diagnostics[1]
      Request starting HTTP/2 GET https://localhost:44376/images/thumbs/0390395_peoria-solid-wood-square-dining-table-set.jpeg - - -
info: Microsoft.AspNetCore.StaticFiles.StaticFileMiddleware[2]
      Sending file. Request path: '/images/thumbs/0390395_peoria-solid-wood-square-dining-table-set.jpeg'. Physical path: 'D:\Mind web Tree\Slc4.9\Source Code\Presentation\Nop.Web\wwwroot\images\thumbs\0390395_peoria-solid-wood-square-dining-table-set.jpeg'
info: Microsoft.AspNetCore.Mvc.Infrastructure.ControllerActionInvoker[105]
      Executed action Nop.Web.Areas.Admin.Controllers.ProductController.RelatedSearchList (Nop.Web) in 9878.9538ms
info: Microsoft.AspNetCore.Hosting.Diagnostics[2]
      Request finished HTTP/2 GET https://localhost:44376/images/thumbs/0390395_peoria-solid-wood-square-dining-table-set.jpeg - 200 0 image/jpeg 54.1561ms
info: Microsoft.AspNetCore.Hosting.Diagnostics[1]
      Request starting HTTP/2 GET https://localhost:44376/images/thumbs/0390396_peoria-solid-wood-square-dining-table-set.jpeg - - -
info: Microsoft.AspNetCore.Routing.EndpointMiddleware[1]
      Executed endpoint 'Nop.Web.Areas.Admin.Controllers.ProductController.RelatedSearchList (Nop.Web)'
info: Microsoft.AspNetCore.Hosting.Diagnostics[2]
      Request finished HTTP/2 POST https://localhost:44376/Admin/Product/RelatedSearchList?ProductId=2&EntityType=Product - 200 - application/json;+charset=utf-8 10921.0146ms
info: Microsoft.AspNetCore.StaticFiles.StaticFileMiddleware[2]
      Sending file. Request path: '/images/thumbs/0431791_peoria-solid-wood-square-dining-table-set-for-8.jpeg'. Physical path: 'D:\Mind web Tree\Slc4.9\Source Code\Presentation\Nop.Web\wwwroot\images\thumbs\0431791_peoria-solid-wood-square-dining-table-set-for-8.jpeg'
info: Microsoft.AspNetCore.StaticFiles.StaticFileMiddleware[2]
      Sending file. Request path: '/images/thumbs/0390396_peoria-solid-wood-square-dining-table-set.jpeg'. Physical path: 'D:\Mind web Tree\Slc4.9\Source Code\Presentation\Nop.Web\wwwroot\images\thumbs\0390396_peoria-solid-wood-square-dining-table-set.jpeg'
info: Microsoft.AspNetCore.Hosting.Diagnostics[2]
      Request finished HTTP/2 GET https://localhost:44376/images/thumbs/0431791_peoria-solid-wood-square-dining-table-set-for-8.jpeg - 200 0 image/jpeg 184.3261ms
info: Microsoft.AspNetCore.Hosting.Diagnostics[1]
      Request starting HTTP/2 GET https://localhost:44376/images/thumbs/0431794_peoria-solid-wood-square-dining-table-set-for-8.jpeg - - -
info: Microsoft.AspNetCore.Hosting.Diagnostics[1]
      Request starting HTTP/2 GET https://localhost:44376/images/thumbs/0431793_peoria-solid-wood-square-dining-table-set-for-8.jpeg - - -
info: Microsoft.AspNetCore.StaticFiles.StaticFileMiddleware[2]
      Sending file. Request path: '/images/thumbs/0431793_peoria-solid-wood-square-dining-table-set-for-8.jpeg'. Physical path: 'D:\Mind web Tree\Slc4.9\Source Code\Presentation\Nop.Web\wwwroot\images\thumbs\0431793_peoria-solid-wood-square-dining-table-set-for-8.jpeg'
info: Microsoft.AspNetCore.StaticFiles.StaticFileMiddleware[2]
      Sending file. Request path: '/images/thumbs/0431794_peoria-solid-wood-square-dining-table-set-for-8.jpeg'. Physical path: 'D:\Mind web Tree\Slc4.9\Source Code\Presentation\Nop.Web\wwwroot\images\thumbs\0431794_peoria-solid-wood-square-dining-table-set-for-8.jpeg'
info: Microsoft.AspNetCore.Hosting.Diagnostics[2]
      Request finished HTTP/2 GET https://localhost:44376/images/thumbs/0431793_peoria-solid-wood-square-dining-table-set-for-8.jpeg - 200 0 image/jpeg 28.7762ms
info: Microsoft.AspNetCore.Hosting.Diagnostics[2]
      Request finished HTTP/2 GET https://localhost:44376/images/thumbs/0390396_peoria-solid-wood-square-dining-table-set.jpeg - 200 0 image/jpeg 224.5137ms
info: Microsoft.AspNetCore.Hosting.Diagnostics[2]
      Request finished HTTP/2 GET https://localhost:44376/images/thumbs/0431794_peoria-solid-wood-square-dining-table-set-for-8.jpeg - 200 0 image/jpeg 205.9841ms
info: Microsoft.AspNetCore.Mvc.NewtonsoftJson.NewtonsoftJsonResultExecutor[2]
      Executing JsonResult, writing value of type 'Nop.Web.Areas.Admin.Models.Customization.Custom.ProductSuggestedKeywordListModel'.
info: Microsoft.AspNetCore.Mvc.Infrastructure.ControllerActionInvoker[105]
      Executed action Nop.Web.Areas.Admin.Controllers.ProductController.CustomProductAttributeCombinationList (Nop.Web) in 10370.1495ms
info: Microsoft.AspNetCore.StaticFiles.StaticFileMiddleware[2]
      Sending file. Request path: '/images/thumbs/0390397_peoria-solid-wood-square-dining-table-set.jpeg'. Physical path: 'D:\Mind web Tree\Slc4.9\Source Code\Presentation\Nop.Web\wwwroot\images\thumbs\0390397_peoria-solid-wood-square-dining-table-set.jpeg'
info: Microsoft.AspNetCore.Routing.EndpointMiddleware[1]
      Executed endpoint 'Nop.Web.Areas.Admin.Controllers.ProductController.CustomProductAttributeCombinationList (Nop.Web)'
info: Microsoft.AspNetCore.Hosting.Diagnostics[2]
      Request finished HTTP/2 GET https://localhost:44376/images/thumbs/0390397_peoria-solid-wood-square-dining-table-set.jpeg - 200 0 image/jpeg 495.1184ms
info: Microsoft.AspNetCore.StaticFiles.StaticFileMiddleware[2]
      Sending file. Request path: '/images/thumbs/0431792_peoria-solid-wood-square-dining-table-set-for-8.jpeg'. Physical path: 'D:\Mind web Tree\Slc4.9\Source Code\Presentation\Nop.Web\wwwroot\images\thumbs\0431792_peoria-solid-wood-square-dining-table-set-for-8.jpeg'
info: Microsoft.AspNetCore.Mvc.Infrastructure.ControllerActionInvoker[105]
      Executed action Nop.Web.Areas.Admin.Controllers.ProductController.SuggestedKeywordList (Nop.Web) in 9333.868ms
info: Microsoft.AspNetCore.Routing.EndpointMiddleware[1]
      Executed endpoint 'Nop.Web.Areas.Admin.Controllers.ProductController.SuggestedKeywordList (Nop.Web)'
info: Microsoft.AspNetCore.Hosting.Diagnostics[2]
      Request finished HTTP/2 POST https://localhost:44376/Admin/Product/SuggestedKeywordList?ProductId=2 - 200 - application/json;+charset=utf-8 10370.7657ms
info: Microsoft.AspNetCore.Hosting.Diagnostics[2]
      Request finished HTTP/2 GET https://localhost:44376/images/thumbs/0431792_peoria-solid-wood-square-dining-table-set-for-8.jpeg - 200 0 image/jpeg 777.3946ms
info: Microsoft.AspNetCore.Mvc.NewtonsoftJson.NewtonsoftJsonResultExecutor[2]
      Executing JsonResult, writing value of type 'Nop.Web.Areas.Admin.Models.FAQModule.FaqListModel'.
info: Microsoft.AspNetCore.Mvc.NewtonsoftJson.NewtonsoftJsonResultExecutor[2]
      Executing JsonResult, writing value of type 'Nop.Web.Areas.Admin.Models.Catalog.ProductAttributeCombinationListModel'.
info: Microsoft.AspNetCore.Mvc.Infrastructure.ControllerActionInvoker[105]
      Executed action Nop.Web.Areas.Admin.Controllers.ProductController.ProductAttributeCombinationList (Nop.Web) in 9161.7292ms
info: Microsoft.AspNetCore.Routing.EndpointMiddleware[1]
      Executed endpoint 'Nop.Web.Areas.Admin.Controllers.ProductController.ProductAttributeCombinationList (Nop.Web)'
info: Microsoft.AspNetCore.Mvc.Infrastructure.ControllerActionInvoker[105]
      Executed action Nop.Web.Areas.Admin.Controllers.Customizations.FaqController.FaqList (Nop.Web) in 9305.4494ms
info: Microsoft.AspNetCore.Routing.EndpointMiddleware[1]
      Executed endpoint 'Nop.Web.Areas.Admin.Controllers.Customizations.FaqController.FaqList (Nop.Web)'
info: Microsoft.AspNetCore.Hosting.Diagnostics[2]
      Request finished HTTP/2 POST https://localhost:44376/Admin/Faq/FaqList?EntityId=2&EntityType=Product - 200 - application/json;+charset=utf-8 10843.4340ms
info: Microsoft.AspNetCore.Hosting.Diagnostics[2]
      Request finished HTTP/2 POST https://localhost:44376/Admin/Product/CustomProductAttributeCombinationList?ProductId=2 - 200 - application/json;+charset=utf-8 12428.7980ms
info: Microsoft.AspNetCore.Hosting.Diagnostics[1]
      Request starting HTTP/2 GET https://localhost:44376/images/thumbs/default-image_1.png - - -
info: Microsoft.AspNetCore.Hosting.Diagnostics[2]
      Request finished HTTP/2 POST https://localhost:44376/Admin/Product/ProductAttributeCombinationList?ProductId=2 - 200 - application/json;+charset=utf-8 12480.7515ms
info: Microsoft.AspNetCore.Hosting.Diagnostics[1]
      Request starting HTTP/2 GET https://localhost:44376/Admin/Product/GetLatestSmartInjectorData?productId=2&_=1789985167863 - - -
info: Microsoft.AspNetCore.StaticFiles.StaticFileMiddleware[2]
      Sending file. Request path: '/images/thumbs/default-image_1.png'. Physical path: 'D:\Mind web Tree\Slc4.9\Source Code\Presentation\Nop.Web\wwwroot\images\thumbs\default-image_1.png'
info: Microsoft.AspNetCore.Hosting.Diagnostics[2]
      Request finished HTTP/2 GET https://localhost:44376/images/thumbs/default-image_1.png - 200 86 image/png 107.9196ms
info: Microsoft.AspNetCore.Mvc.ViewFeatures.ViewResultExecutor[1]
      Executing ViewResult, running view Edit.
info: Microsoft.AspNetCore.Mvc.NewtonsoftJson.NewtonsoftJsonResultExecutor[2]
      Executing JsonResult, writing value of type 'Nop.Web.Areas.Admin.Models.Customization.Catalog.VariantSearchListModel'.
info: Microsoft.AspNetCore.Mvc.Infrastructure.ControllerActionInvoker[105]
      Executed action Nop.Web.Areas.Admin.Controllers.ProductController.VariantList (Nop.Web) in 9631.4283ms
info: Microsoft.AspNetCore.Routing.EndpointMiddleware[1]
      Executed endpoint 'Nop.Web.Areas.Admin.Controllers.ProductController.VariantList (Nop.Web)'
info: Microsoft.AspNetCore.Hosting.Diagnostics[2]
      Request finished HTTP/2 POST https://localhost:44376/Admin/Product/VariantList?ProductId=2 - 200 - application/json;+charset=utf-8 12996.5481ms
info: Microsoft.AspNetCore.Hosting.Diagnostics[1]
      Request starting HTTP/2 POST https://localhost:44376/Admin/Product/ProductAttributeCombinationList?ProductId=2 - application/x-www-form-urlencoded;+charset=UTF-8 3404
info: Microsoft.AspNetCore.Routing.EndpointMiddleware[0]
      Executing endpoint 'Nop.Web.Areas.Admin.Controllers.ProductController.GetLatestSmartInjectorData (Nop.Web)'
info: Microsoft.AspNetCore.Routing.EndpointMiddleware[0]
      Executing endpoint 'Nop.Web.Areas.Admin.Controllers.ProductController.GetLatestSmartInjectorData (Nop.Web)'
info: Microsoft.AspNetCore.Routing.EndpointMiddleware[0]
      Executing endpoint 'Nop.Web.Areas.Admin.Controllers.ProductController.ProductAttributeCombinationList (Nop.Web)'
info: Microsoft.AspNetCore.Mvc.NewtonsoftJson.NewtonsoftJsonResultExecutor[2]
      Executing JsonResult, writing value of type 'Nop.Web.Areas.Admin.Models.Catalog.StockQuantityHistoryListModel'.
info: Microsoft.AspNetCore.Mvc.NewtonsoftJson.NewtonsoftJsonResultExecutor[2]
      Executing JsonResult, writing value of type 'Nop.Web.Areas.Admin.Models.Catalog.CollectionProductListModel'.
info: Microsoft.AspNetCore.Mvc.Infrastructure.ControllerActionInvoker[102]
      Route matched with {area = "Admin", action = "ProductAttributeCombinationList", controller = "Product"}. Executing controller action with signature System.Threading.Tasks.Task`1[Microsoft.AspNetCore.Mvc.IActionResult] ProductAttributeCombinationList(Nop.Web.Areas.Admin.Models.Catalog.ProductAttributeCombinationSearchModel) on controller Nop.Web.Areas.Admin.Controllers.ProductController (Nop.Web).
info: Microsoft.AspNetCore.Mvc.Infrastructure.ControllerActionInvoker[102]
      Route matched with {area = "Admin", action = "GetLatestSmartInjectorData", controller = "Product"}. Executing controller action with signature System.Threading.Tasks.Task`1[Microsoft.AspNetCore.Mvc.IActionResult] GetLatestSmartInjectorData(Int32) on controller Nop.Web.Areas.Admin.Controllers.ProductController (Nop.Web).
info: Microsoft.AspNetCore.Mvc.Infrastructure.ControllerActionInvoker[102]
      Route matched with {area = "Admin", action = "GetLatestSmartInjectorData", controller = "Product"}. Executing controller action with signature System.Threading.Tasks.Task`1[Microsoft.AspNetCore.Mvc.IActionResult] GetLatestSmartInjectorData(Int32) on controller Nop.Web.Areas.Admin.Controllers.ProductController (Nop.Web).
info: Microsoft.AspNetCore.Mvc.Infrastructure.ControllerActionInvoker[105]
      Executed action Nop.Web.Areas.Admin.Controllers.ProductController.StockQuantityHistory (Nop.Web) in 10821.4294ms
info: Microsoft.AspNetCore.Routing.EndpointMiddleware[1]
      Executed endpoint 'Nop.Web.Areas.Admin.Controllers.ProductController.StockQuantityHistory (Nop.Web)'
info: Microsoft.AspNetCore.Mvc.NewtonsoftJson.NewtonsoftJsonResultExecutor[2]
      Executing JsonResult, writing value of type 'Nop.Web.Areas.Admin.Models.Catalog.CrossSellProductListModel'.
info: Microsoft.AspNetCore.Hosting.Diagnostics[2]
      Request finished HTTP/2 POST https://localhost:44376/Admin/Product/StockQuantityHistory?ProductId=2 - 200 - application/json;+charset=utf-8 12393.5669ms
info: Microsoft.AspNetCore.Mvc.NewtonsoftJson.NewtonsoftJsonResultExecutor[2]
      Executing JsonResult, writing value of type 'Nop.Web.Areas.Admin.Models.Catalog.RelatedProductListModel'.
info: Microsoft.AspNetCore.Mvc.Infrastructure.ControllerActionInvoker[105]
      Executed action Nop.Web.Areas.Admin.Controllers.ProductController.CollectionProductList (Nop.Web) in 10369.848ms
info: Microsoft.AspNetCore.Routing.EndpointMiddleware[1]
      Executed endpoint 'Nop.Web.Areas.Admin.Controllers.ProductController.CollectionProductList (Nop.Web)'
info: Microsoft.AspNetCore.Hosting.Diagnostics[2]
      Request finished HTTP/2 POST https://localhost:44376/Admin/Product/CollectionProductList?ProductId=2 - 200 - application/json;+charset=utf-8 11873.9837ms
info: Microsoft.AspNetCore.Mvc.Infrastructure.ControllerActionInvoker[105]
      Executed action Nop.Web.Areas.Admin.Controllers.ProductController.CustomRelatedProductList (Nop.Web) in 12614.2796ms
info: Microsoft.AspNetCore.Routing.EndpointMiddleware[1]
      Executed endpoint 'Nop.Web.Areas.Admin.Controllers.ProductController.CustomRelatedProductList (Nop.Web)'
info: Microsoft.AspNetCore.Hosting.Diagnostics[2]
      Request finished HTTP/2 POST https://localhost:44376/Admin/Product/CustomRelatedProductList?ProductId=2 - 200 - application/json;+charset=utf-8 13962.6071ms
info: Microsoft.AspNetCore.Hosting.Diagnostics[1]
      Request starting HTTP/2 GET https://localhost:44376/images/thumbs/0429828_quebec-glass-door-solid-wood-media-console-cabinet-6582_75.png - - -
info: Microsoft.AspNetCore.Hosting.Diagnostics[1]
      Request starting HTTP/2 GET https://localhost:44376/images/thumbs/0390391_peoria-solid-wood-square-dining-table-set_75.jpeg - - -
info: Microsoft.AspNetCore.Hosting.Diagnostics[1]
      Request starting HTTP/2 GET https://localhost:44376/images/thumbs/0429600_kansas-city-rustic-farmhouse-counter-height-square-dining-set_75.jpeg - - -
info: Microsoft.AspNetCore.Mvc.Infrastructure.ControllerActionInvoker[105]
      Executed action Nop.Web.Areas.Admin.Controllers.ProductController.CustomCrossSellProductList (Nop.Web) in 13454.239ms
info: Microsoft.AspNetCore.Mvc.NewtonsoftJson.NewtonsoftJsonResultExecutor[2]
      Executing JsonResult, writing value of type 'Nop.Web.Areas.Admin.Models.Catalog.ProductSpecificationAttributeListModel'.
info: Microsoft.AspNetCore.Routing.EndpointMiddleware[1]
      Executed endpoint 'Nop.Web.Areas.Admin.Controllers.ProductController.CustomCrossSellProductList (Nop.Web)'
info: Microsoft.AspNetCore.Hosting.Diagnostics[2]
      Request finished HTTP/2 POST https://localhost:44376/Admin/Product/CustomCrossSellProductList?ProductId=2 - 200 - application/json;+charset=utf-8 14866.8217ms
info: Microsoft.AspNetCore.Hosting.Diagnostics[2]
      Request finished HTTP/2 GET https://localhost:44376/images/thumbs/0429828_quebec-glass-door-solid-wood-media-console-cabinet-6582_75.png - 404 - - 823.0270ms
info: Microsoft.AspNetCore.Hosting.Diagnostics[16]
      Request reached the end of the middleware pipeline without being handled by application code. Request path: GET https://localhost:44376/images/thumbs/0429828_quebec-glass-door-solid-wood-media-console-cabinet-6582_75.png, Response status code: 404
info: Microsoft.AspNetCore.Hosting.Diagnostics[2]
      Request finished HTTP/2 GET https://localhost:44376/images/thumbs/0390391_peoria-solid-wood-square-dining-table-set_75.jpeg - 404 - - 894.5479ms
info: Microsoft.AspNetCore.Hosting.Diagnostics[16]
      Request reached the end of the middleware pipeline without being handled by application code. Request path: GET https://localhost:44376/images/thumbs/0390391_peoria-solid-wood-square-dining-table-set_75.jpeg, Response status code: 404
info: Microsoft.AspNetCore.Hosting.Diagnostics[2]
      Request finished HTTP/2 GET https://localhost:44376/images/thumbs/0429600_kansas-city-rustic-farmhouse-counter-height-square-dining-set_75.jpeg - 404 - - 1152.0339ms
info: Microsoft.AspNetCore.Hosting.Diagnostics[16]
      Request reached the end of the middleware pipeline without being handled by application code. Request path: GET https://localhost:44376/images/thumbs/0429600_kansas-city-rustic-farmhouse-counter-height-square-dining-set_75.jpeg, Response status code: 404
info: Microsoft.AspNetCore.Mvc.Infrastructure.ControllerActionInvoker[105]
      Executed action Nop.Web.Areas.Admin.Controllers.ProductController.ProductSpecAttrList (Nop.Web) in 12599.3755ms
info: Microsoft.AspNetCore.Routing.EndpointMiddleware[1]
      Executed endpoint 'Nop.Web.Areas.Admin.Controllers.ProductController.ProductSpecAttrList (Nop.Web)'
info: Microsoft.AspNetCore.Hosting.Diagnostics[2]
      Request finished HTTP/2 POST https://localhost:44376/Admin/Product/ProductSpecAttrList?ProductId=2 - 200 - application/json;+charset=utf-8 15484.6358ms
info: Microsoft.AspNetCore.Hosting.Diagnostics[1]
      Request starting HTTP/2 GET https://localhost:44376/images/uploaded/frame-image-dimension.png - - -
info: Microsoft.AspNetCore.StaticFiles.StaticFileMiddleware[2]
      Sending file. Request path: '/images/uploaded/frame-image-dimension.png'. Physical path: 'D:\Mind web Tree\Slc4.9\Source Code\Presentation\Nop.Web\wwwroot\images\uploaded\frame-image-dimension.png'
info: Microsoft.AspNetCore.Hosting.Diagnostics[2]
      Request finished HTTP/2 GET https://localhost:44376/images/uploaded/frame-image-dimension.png - 200 566 image/png 49.7003ms
info: Microsoft.AspNetCore.Mvc.NewtonsoftJson.NewtonsoftJsonResultExecutor[2]
      Executing JsonResult, writing value of type '<>f__AnonymousType15`3[[System.String, System.Private.CoreLib, Version=9.0.0.0, Culture=neutral, PublicKeyToken=7cec85d7bea7798e],[System.String, System.Private.CoreLib, Version=9.0.0.0, Culture=neutral, PublicKeyToken=7cec85d7bea7798e],[System.String, System.Private.CoreLib, Version=9.0.0.0, Culture=neutral, PublicKeyToken=7cec85d7bea7798e]]'.
info: Microsoft.AspNetCore.Mvc.Infrastructure.ControllerActionInvoker[105]
      Executed action Nop.Web.Areas.Admin.Controllers.ProductController.GetLatestSmartInjectorData (Nop.Web) in 2140.7209ms
info: Microsoft.AspNetCore.Routing.EndpointMiddleware[1]
      Executed endpoint 'Nop.Web.Areas.Admin.Controllers.ProductController.GetLatestSmartInjectorData (Nop.Web)'
info: Microsoft.AspNetCore.Hosting.Diagnostics[2]
      Request finished HTTP/2 GET https://localhost:44376/Admin/Product/GetLatestSmartInjectorData?productId=2&_=1789985167863 - 200 - application/json;+charset=utf-8 3706.0171ms
info: Microsoft.AspNetCore.Hosting.Diagnostics[1]
      Request starting HTTP/2 GET https://localhost:44376/images/thumbs/0390395_peoria-solid-wood-square-dining-table-set_75.jpeg - - -
info: Microsoft.AspNetCore.Hosting.Diagnostics[1]
      Request starting HTTP/2 GET https://localhost:44376/images/thumbs/0390397_peoria-solid-wood-square-dining-table-set_75.jpeg - - -
info: Microsoft.AspNetCore.Hosting.Diagnostics[1]
      Request starting HTTP/2 POST https://localhost:44376/Admin/Product/CustomProductAttributeCombinationList?ProductId=2 - application/x-www-form-urlencoded;+charset=UTF-8 3209
info: Microsoft.AspNetCore.Hosting.Diagnostics[1]
      Request starting HTTP/2 GET https://localhost:44376/images/thumbs/0390391_peoria-solid-wood-square-dining-table-set_75.jpeg - - -
info: Microsoft.AspNetCore.Hosting.Diagnostics[1]
      Request starting HTTP/2 GET https://localhost:44376/images/thumbs/0390392_peoria-solid-wood-square-dining-table-set_75.jpeg - - -
info: Microsoft.AspNetCore.Hosting.Diagnostics[1]
      Request starting HTTP/2 GET https://localhost:44376/images/thumbs/0390396_peoria-solid-wood-square-dining-table-set_75.jpeg - - -
info: Microsoft.AspNetCore.Hosting.Diagnostics[1]
      Request starting HTTP/2 GET https://localhost:44376/images/thumbs/0390394_peoria-solid-wood-square-dining-table-set_75.jpeg - - -
info: Microsoft.AspNetCore.Hosting.Diagnostics[1]
      Request starting HTTP/2 GET https://localhost:44376/images/thumbs/0431791_peoria-solid-wood-square-dining-table-set-for-8_75.jpeg - - -
info: Microsoft.AspNetCore.Routing.EndpointMiddleware[0]
      Executing endpoint 'Nop.Web.Areas.Admin.Controllers.ProductController.CustomProductAttributeCombinationList (Nop.Web)'
info: Microsoft.AspNetCore.Mvc.NewtonsoftJson.NewtonsoftJsonResultExecutor[2]
      Executing JsonResult, writing value of type '<>f__AnonymousType15`3[[System.String, System.Private.CoreLib, Version=9.0.0.0, Culture=neutral, PublicKeyToken=7cec85d7bea7798e],[System.String, System.Private.CoreLib, Version=9.0.0.0, Culture=neutral, PublicKeyToken=7cec85d7bea7798e],[System.String, System.Private.CoreLib, Version=9.0.0.0, Culture=neutral, PublicKeyToken=7cec85d7bea7798e]]'.
info: Microsoft.AspNetCore.Mvc.Infrastructure.ControllerActionInvoker[105]
      Executed action Nop.Web.Areas.Admin.Controllers.ProductController.GetLatestSmartInjectorData (Nop.Web) in 4021.4591ms
info: Microsoft.AspNetCore.Routing.EndpointMiddleware[1]
      Executed endpoint 'Nop.Web.Areas.Admin.Controllers.ProductController.GetLatestSmartInjectorData (Nop.Web)'
info: Microsoft.AspNetCore.Hosting.Diagnostics[2]
      Request finished HTTP/2 GET https://localhost:44376/Admin/Product/GetLatestSmartInjectorData?productId=2&_=1789985167862 - 200 - application/json;+charset=utf-8 6885.4123ms
info: Microsoft.AspNetCore.Hosting.Diagnostics[1]
      Request starting HTTP/2 GET https://localhost:44376/images/thumbs/0431793_peoria-solid-wood-square-dining-table-set-for-8_75.jpeg - - -
info: Microsoft.AspNetCore.Hosting.Diagnostics[1]
      Request starting HTTP/2 GET https://localhost:44376/images/thumbs/0431794_peoria-solid-wood-square-dining-table-set-for-8_75.jpeg - - -
info: Microsoft.AspNetCore.Hosting.Diagnostics[1]
      Request starting HTTP/2 GET https://localhost:44376/images/thumbs/0431792_peoria-solid-wood-square-dining-table-set-for-8_75.jpeg - - -
info: Microsoft.AspNetCore.Hosting.Diagnostics[1]
      Request starting HTTP/2 GET https://localhost:44376/images/thumbs/0390393_peoria-solid-wood-square-dining-table-set_75.jpeg - - -
info: Microsoft.AspNetCore.Mvc.Infrastructure.ControllerActionInvoker[102]
      Route matched with {area = "Admin", action = "CustomProductAttributeCombinationList", controller = "Product"}. Executing controller action with signature System.Threading.Tasks.Task`1[Microsoft.AspNetCore.Mvc.IActionResult] CustomProductAttributeCombinationList(Nop.Web.Areas.Admin.Models.Catalog.ProductAttributeCombinationSearchModel) on controller Nop.Web.Areas.Admin.Controllers.ProductController (Nop.Web).
info: Microsoft.AspNetCore.Mvc.NewtonsoftJson.NewtonsoftJsonResultExecutor[2]
      Executing JsonResult, writing value of type 'Nop.Web.Areas.Admin.Models.Catalog.ProductAttributeCombinationListModel'.
info: Microsoft.AspNetCore.Mvc.Infrastructure.ControllerActionInvoker[105]
      Executed action Nop.Web.Areas.Admin.Controllers.ProductController.ProductAttributeCombinationList (Nop.Web) in 4983.3593ms
info: Microsoft.AspNetCore.Routing.EndpointMiddleware[1]
      Executed endpoint 'Nop.Web.Areas.Admin.Controllers.ProductController.ProductAttributeCombinationList (Nop.Web)'
info: Microsoft.AspNetCore.Hosting.Diagnostics[2]
      Request finished HTTP/2 POST https://localhost:44376/Admin/Product/ProductAttributeCombinationList?ProductId=2 - 200 - application/json;+charset=utf-8 5598.1896ms
info: Microsoft.AspNetCore.Hosting.Diagnostics[1]
      Request starting HTTP/2 GET https://localhost:44376/Admin/Product/GetLatestSmartInjectorData?productId=2&_=1789985167864 - - -
info: Microsoft.AspNetCore.Mvc.NewtonsoftJson.NewtonsoftJsonResultExecutor[2]
      Executing JsonResult, writing value of type 'Nop.Web.Areas.Admin.Models.Catalog.ProductOrderListModel'.
info: Microsoft.AspNetCore.Hosting.Diagnostics[1]
      Request starting HTTP/2 POST https://localhost:44376/Admin/Product/CustomProductAttributeCombinationList?ProductId=2 - application/x-www-form-urlencoded;+charset=UTF-8 3209
info: Microsoft.AspNetCore.Hosting.Diagnostics[2]
      Request finished HTTP/2 GET https://localhost:44376/images/thumbs/0390392_peoria-solid-wood-square-dining-table-set_75.jpeg - 404 - - 2055.5963ms
info: Microsoft.AspNetCore.Hosting.Diagnostics[16]
      Request reached the end of the middleware pipeline without being handled by application code. Request path: GET https://localhost:44376/images/thumbs/0390392_peoria-solid-wood-square-dining-table-set_75.jpeg, Response status code: 404
info: Microsoft.AspNetCore.Hosting.Diagnostics[2]
      Request finished HTTP/2 GET https://localhost:44376/images/thumbs/0390391_peoria-solid-wood-square-dining-table-set_75.jpeg - 404 - - 2870.4572ms
info: Microsoft.AspNetCore.Hosting.Diagnostics[2]
      Request finished HTTP/2 GET https://localhost:44376/images/thumbs/0431791_peoria-solid-wood-square-dining-table-set-for-8_75.jpeg - 404 - - 1944.3479ms
info: Microsoft.AspNetCore.Hosting.Diagnostics[16]
      Request reached the end of the middleware pipeline without being handled by application code. Request path: GET https://localhost:44376/images/thumbs/0390391_peoria-solid-wood-square-dining-table-set_75.jpeg, Response status code: 404
info: Microsoft.AspNetCore.Hosting.Diagnostics[2]
      Request finished HTTP/2 GET https://localhost:44376/images/thumbs/0390395_peoria-solid-wood-square-dining-table-set_75.jpeg - 404 - - 3109.4241ms
info: Microsoft.AspNetCore.Hosting.Diagnostics[16]
      Request reached the end of the middleware pipeline without being handled by application code. Request path: GET https://localhost:44376/images/thumbs/0390395_peoria-solid-wood-square-dining-table-set_75.jpeg, Response status code: 404
info: Microsoft.AspNetCore.Hosting.Diagnostics[16]
      Request reached the end of the middleware pipeline without being handled by application code. Request path: GET https://localhost:44376/images/thumbs/0431791_peoria-solid-wood-square-dining-table-set-for-8_75.jpeg, Response status code: 404
info: Microsoft.AspNetCore.Mvc.Infrastructure.ControllerActionInvoker[105]
      Executed action Nop.Web.Areas.Admin.Controllers.ProductController.PurchasedWithOrders (Nop.Web) in 16413.8378ms
info: Microsoft.AspNetCore.Routing.EndpointMiddleware[1]
      Executed endpoint 'Nop.Web.Areas.Admin.Controllers.ProductController.PurchasedWithOrders (Nop.Web)'
info: Microsoft.AspNetCore.Hosting.Diagnostics[2]
      Request finished HTTP/2 GET https://localhost:44376/images/thumbs/0390396_peoria-solid-wood-square-dining-table-set_75.jpeg - 404 - - 2164.9050ms
info: Microsoft.AspNetCore.Hosting.Diagnostics[16]
      Request reached the end of the middleware pipeline without being handled by application code. Request path: GET https://localhost:44376/images/thumbs/0390396_peoria-solid-wood-square-dining-table-set_75.jpeg, Response status code: 404
info: Microsoft.AspNetCore.Hosting.Diagnostics[2]
      Request finished HTTP/2 GET https://localhost:44376/images/thumbs/0390394_peoria-solid-wood-square-dining-table-set_75.jpeg - 404 - - 2192.4999ms
info: Microsoft.AspNetCore.Routing.EndpointMiddleware[0]
      Executing endpoint 'Nop.Web.Areas.Admin.Controllers.ProductController.GetLatestSmartInjectorData (Nop.Web)'
info: Microsoft.AspNetCore.Hosting.Diagnostics[16]
      Request reached the end of the middleware pipeline without being handled by application code. Request path: GET https://localhost:44376/images/thumbs/0390394_peoria-solid-wood-square-dining-table-set_75.jpeg, Response status code: 404
info: Microsoft.AspNetCore.Hosting.Diagnostics[2]
      Request finished HTTP/2 GET https://localhost:44376/images/thumbs/0431792_peoria-solid-wood-square-dining-table-set-for-8_75.jpeg - 404 - - 1201.5561ms
info: Microsoft.AspNetCore.Hosting.Diagnostics[2]
      Request finished HTTP/2 GET https://localhost:44376/images/thumbs/0431794_peoria-solid-wood-square-dining-table-set-for-8_75.jpeg - 404 - - 1201.7600ms
info: Microsoft.AspNetCore.Hosting.Diagnostics[16]
      Request reached the end of the middleware pipeline without being handled by application code. Request path: GET https://localhost:44376/images/thumbs/0431792_peoria-solid-wood-square-dining-table-set-for-8_75.jpeg, Response status code: 404
info: Microsoft.AspNetCore.Hosting.Diagnostics[16]
      Request reached the end of the middleware pipeline without being handled by application code. Request path: GET https://localhost:44376/images/thumbs/0431794_peoria-solid-wood-square-dining-table-set-for-8_75.jpeg, Response status code: 404
info: Microsoft.AspNetCore.Hosting.Diagnostics[2]
      Request finished HTTP/2 GET https://localhost:44376/images/thumbs/0390397_peoria-solid-wood-square-dining-table-set_75.jpeg - 404 - - 3411.4398ms
info: Microsoft.AspNetCore.Hosting.Diagnostics[16]
      Request reached the end of the middleware pipeline without being handled by application code. Request path: GET https://localhost:44376/images/thumbs/0390397_peoria-solid-wood-square-dining-table-set_75.jpeg, Response status code: 404
info: Microsoft.AspNetCore.Routing.EndpointMiddleware[0]
      Executing endpoint 'Nop.Web.Areas.Admin.Controllers.ProductController.CustomProductAttributeCombinationList (Nop.Web)'
info: Microsoft.AspNetCore.Mvc.Infrastructure.ControllerActionInvoker[102]
      Route matched with {area = "Admin", action = "GetLatestSmartInjectorData", controller = "Product"}. Executing controller action with signature System.Threading.Tasks.Task`1[Microsoft.AspNetCore.Mvc.IActionResult] GetLatestSmartInjectorData(Int32) on controller Nop.Web.Areas.Admin.Controllers.ProductController (Nop.Web).
info: Microsoft.AspNetCore.Hosting.Diagnostics[2]
      Request finished HTTP/2 POST https://localhost:44376/Admin/Product/PurchasedWithOrders?ProductId=2 - 200 - application/json;+charset=utf-8 18265.2219ms
info: Microsoft.AspNetCore.Mvc.Infrastructure.ControllerActionInvoker[102]
      Route matched with {area = "Admin", action = "CustomProductAttributeCombinationList", controller = "Product"}. Executing controller action with signature System.Threading.Tasks.Task`1[Microsoft.AspNetCore.Mvc.IActionResult] CustomProductAttributeCombinationList(Nop.Web.Areas.Admin.Models.Catalog.ProductAttributeCombinationSearchModel) on controller Nop.Web.Areas.Admin.Controllers.ProductController (Nop.Web).
info: Microsoft.AspNetCore.Hosting.Diagnostics[2]
      Request finished HTTP/2 GET https://localhost:44376/images/thumbs/0390393_peoria-solid-wood-square-dining-table-set_75.jpeg - 404 - - 1622.9313ms
info: Microsoft.AspNetCore.Hosting.Diagnostics[16]
      Request reached the end of the middleware pipeline without being handled by application code. Request path: GET https://localhost:44376/images/thumbs/0390393_peoria-solid-wood-square-dining-table-set_75.jpeg, Response status code: 404
info: Microsoft.AspNetCore.Hosting.Diagnostics[2]
      Request finished HTTP/2 GET https://localhost:44376/images/thumbs/0431793_peoria-solid-wood-square-dining-table-set-for-8_75.jpeg - 404 - - 1750.2643ms
info: Microsoft.AspNetCore.Hosting.Diagnostics[16]
      Request reached the end of the middleware pipeline without being handled by application code. Request path: GET https://localhost:44376/images/thumbs/0431793_peoria-solid-wood-square-dining-table-set-for-8_75.jpeg, Response status code: 404
info: Microsoft.AspNetCore.Mvc.NewtonsoftJson.NewtonsoftJsonResultExecutor[2]
      Executing JsonResult, writing value of type '<>f__AnonymousType15`3[[System.String, System.Private.CoreLib, Version=9.0.0.0, Culture=neutral, PublicKeyToken=7cec85d7bea7798e],[System.String, System.Private.CoreLib, Version=9.0.0.0, Culture=neutral, PublicKeyToken=7cec85d7bea7798e],[System.String, System.Private.CoreLib, Version=9.0.0.0, Culture=neutral, PublicKeyToken=7cec85d7bea7798e]]'.
info: Microsoft.AspNetCore.Mvc.Infrastructure.ControllerActionInvoker[105]
      Executed action Nop.Web.Areas.Admin.Controllers.ProductController.GetLatestSmartInjectorData (Nop.Web) in 924.527ms
info: Microsoft.AspNetCore.Routing.EndpointMiddleware[1]
      Executed endpoint 'Nop.Web.Areas.Admin.Controllers.ProductController.GetLatestSmartInjectorData (Nop.Web)'
info: Microsoft.AspNetCore.Hosting.Diagnostics[2]
      Request finished HTTP/2 GET https://localhost:44376/Admin/Product/GetLatestSmartInjectorData?productId=2&_=1789985167864 - 200 - application/json;+charset=utf-8 1785.1747ms
info: Microsoft.AspNetCore.Hosting.Diagnostics[1]
      Request starting HTTP/2 GET https://localhost:44376/images/thumbs/0390394_peoria-solid-wood-square-dining-table-set_75.jpeg - - -
info: Microsoft.AspNetCore.Hosting.Diagnostics[1]
      Request starting HTTP/2 GET https://localhost:44376/images/thumbs/0390392_peoria-solid-wood-square-dining-table-set_75.jpeg - - -
info: Microsoft.AspNetCore.Hosting.Diagnostics[1]
      Request starting HTTP/2 GET https://localhost:44376/images/thumbs/0390391_peoria-solid-wood-square-dining-table-set_75.jpeg - - -
info: System.Net.Http.HttpClient.default.LogicalHandler[100]
      Start processing HTTP request POST https://localhost:44399/scheduletask/runtask
info: System.Net.Http.HttpClient.default.ClientHandler[100]
      Sending HTTP request POST https://localhost:44399/scheduletask/runtask
info: Microsoft.AspNetCore.Hosting.Diagnostics[1]
      Request starting HTTP/2 GET https://localhost:44376/images/thumbs/0390393_peoria-solid-wood-square-dining-table-set_75.jpeg - - -
info: Microsoft.AspNetCore.Hosting.Diagnostics[1]
      Request starting HTTP/2 GET https://localhost:44376/images/thumbs/0390396_peoria-solid-wood-square-dining-table-set_75.jpeg - - -
info: Microsoft.AspNetCore.Hosting.Diagnostics[1]
      Request starting HTTP/2 GET https://localhost:44376/images/thumbs/0390395_peoria-solid-wood-square-dining-table-set_75.jpeg - - -
info: Microsoft.AspNetCore.Hosting.Diagnostics[1]
      Request starting HTTP/2 GET https://localhost:44376/images/thumbs/0390397_peoria-solid-wood-square-dining-table-set_75.jpeg - - -
info: Microsoft.AspNetCore.Mvc.NewtonsoftJson.NewtonsoftJsonResultExecutor[2]
      Executing JsonResult, writing value of type 'Nop.Web.Areas.Admin.Models.Catalog.ProductAttributeCombinationListModel'.
info: Microsoft.AspNetCore.Hosting.Diagnostics[1]
      Request starting HTTP/2 GET https://localhost:44376/images/thumbs/0431792_peoria-solid-wood-square-dining-table-set-for-8_75.jpeg - - -
info: Microsoft.AspNetCore.Hosting.Diagnostics[1]
      Request starting HTTP/2 GET https://localhost:44376/images/thumbs/0431794_peoria-solid-wood-square-dining-table-set-for-8_75.jpeg - - -
info: Microsoft.AspNetCore.Hosting.Diagnostics[1]
      Request starting HTTP/2 GET https://localhost:44376/images/thumbs/0431791_peoria-solid-wood-square-dining-table-set-for-8_75.jpeg - - -
info: Microsoft.AspNetCore.Mvc.Infrastructure.ControllerActionInvoker[105]
      Executed action Nop.Web.Areas.Admin.Controllers.ProductController.CustomProductAttributeCombinationList (Nop.Web) in 2384.2024ms
info: Microsoft.AspNetCore.Routing.EndpointMiddleware[1]
      Executed endpoint 'Nop.Web.Areas.Admin.Controllers.ProductController.CustomProductAttributeCombinationList (Nop.Web)'
info: Microsoft.AspNetCore.Hosting.Diagnostics[1]
      Request starting HTTP/2 GET https://localhost:44376/images/thumbs/0431793_peoria-solid-wood-square-dining-table-set-for-8_75.jpeg - - -
info: Microsoft.AspNetCore.Hosting.Diagnostics[1]
      Request starting HTTP/2 POST https://localhost:44376/Admin/Product/CustomProductAttributeCombinationList?ProductId=2 - application/x-www-form-urlencoded;+charset=UTF-8 3209
info: Microsoft.AspNetCore.Routing.EndpointMiddleware[0]
      Executing endpoint 'Nop.Web.Areas.Admin.Controllers.ProductController.CustomProductAttributeCombinationList (Nop.Web)'
info: Microsoft.AspNetCore.Hosting.Diagnostics[2]
      Request finished HTTP/2 POST https://localhost:44376/Admin/Product/CustomProductAttributeCombinationList?ProductId=2 - 200 - application/json;+charset=utf-8 4241.4909ms
info: Microsoft.AspNetCore.Mvc.Infrastructure.ControllerActionInvoker[102]
      Route matched with {area = "Admin", action = "CustomProductAttributeCombinationList", controller = "Product"}. Executing controller action with signature System.Threading.Tasks.Task`1[Microsoft.AspNetCore.Mvc.IActionResult] CustomProductAttributeCombinationList(Nop.Web.Areas.Admin.Models.Catalog.ProductAttributeCombinationSearchModel) on controller Nop.Web.Areas.Admin.Controllers.ProductController (Nop.Web).
info: Microsoft.AspNetCore.Mvc.NewtonsoftJson.NewtonsoftJsonResultExecutor[2]
      Executing JsonResult, writing value of type 'Nop.Web.Areas.Admin.Models.Catalog.ProductAttributeCombinationListModel'.
info: Microsoft.AspNetCore.Mvc.Infrastructure.ControllerActionInvoker[105]
      Executed action Nop.Web.Areas.Admin.Controllers.ProductController.CustomProductAttributeCombinationList (Nop.Web) in 4801.6776ms
info: Microsoft.AspNetCore.Hosting.Diagnostics[2]
      Request finished HTTP/2 GET https://localhost:44376/images/thumbs/0390393_peoria-solid-wood-square-dining-table-set_75.jpeg - 404 - - 2364.2015ms
info: Microsoft.AspNetCore.Hosting.Diagnostics[2]
      Request finished HTTP/2 GET https://localhost:44376/images/thumbs/0390396_peoria-solid-wood-square-dining-table-set_75.jpeg - 404 - - 1513.4289ms
info: Microsoft.AspNetCore.Hosting.Diagnostics[2]
      Request finished HTTP/2 GET https://localhost:44376/images/thumbs/0390392_peoria-solid-wood-square-dining-table-set_75.jpeg - 404 - - 2364.3302ms
info: Microsoft.AspNetCore.Hosting.Diagnostics[2]
      Request finished HTTP/2 GET https://localhost:44376/images/thumbs/0390394_peoria-solid-wood-square-dining-table-set_75.jpeg - 404 - - 2364.5617ms
info: Microsoft.AspNetCore.Routing.EndpointMiddleware[1]
      Executed endpoint 'Nop.Web.Areas.Admin.Controllers.ProductController.CustomProductAttributeCombinationList (Nop.Web)'
info: System.Net.Http.HttpClient.default.ClientHandler[101]
      Received HTTP response headers after 1918.4341ms - 404
info: Microsoft.AspNetCore.Hosting.Diagnostics[2]
      Request finished HTTP/2 GET https://localhost:44376/images/thumbs/0431792_peoria-solid-wood-square-dining-table-set-for-8_75.jpeg - 404 - - 1016.6355ms
info: Microsoft.AspNetCore.Hosting.Diagnostics[2]
      Request finished HTTP/2 GET https://localhost:44376/images/thumbs/0431794_peoria-solid-wood-square-dining-table-set-for-8_75.jpeg - 404 - - 1016.2826ms
info: Microsoft.AspNetCore.Hosting.Diagnostics[2]
      Request finished HTTP/2 GET https://localhost:44376/images/thumbs/0431793_peoria-solid-wood-square-dining-table-set-for-8_75.jpeg - 404 - - 961.4418ms
info: Microsoft.AspNetCore.Hosting.Diagnostics[2]
      Request finished HTTP/2 GET https://localhost:44376/images/thumbs/0431791_peoria-solid-wood-square-dining-table-set-for-8_75.jpeg - 404 - - 1016.6987ms
info: Microsoft.AspNetCore.Hosting.Diagnostics[16]
      Request reached the end of the middleware pipeline without being handled by application code. Request path: GET https://localhost:44376/images/thumbs/0431791_peoria-solid-wood-square-dining-table-set-for-8_75.jpeg, Response status code: 404
info: Microsoft.AspNetCore.Hosting.Diagnostics[2]
      Request finished HTTP/2 POST https://localhost:44376/Admin/Product/CustomProductAttributeCombinationList?ProductId=2 - 200 - application/json;+charset=utf-8 7036.1970ms
info: Microsoft.AspNetCore.Hosting.Diagnostics[2]
      Request finished HTTP/2 GET https://localhost:44376/images/thumbs/0390391_peoria-solid-wood-square-dining-table-set_75.jpeg - 404 - - 2153.2140ms
info: Microsoft.AspNetCore.Hosting.Diagnostics[2]
      Request finished HTTP/2 GET https://localhost:44376/images/thumbs/0390395_peoria-solid-wood-square-dining-table-set_75.jpeg - 404 - - 1527.8021ms
info: Microsoft.AspNetCore.Hosting.Diagnostics[16]
      Request reached the end of the middleware pipeline without being handled by application code. Request path: GET https://localhost:44376/images/thumbs/0390394_peoria-solid-wood-square-dining-table-set_75.jpeg, Response status code: 404
info: Microsoft.AspNetCore.Hosting.Diagnostics[16]
      Request reached the end of the middleware pipeline without being handled by application code. Request path: GET https://localhost:44376/images/thumbs/0390393_peoria-solid-wood-square-dining-table-set_75.jpeg, Response status code: 404
info: Microsoft.AspNetCore.Hosting.Diagnostics[16]
      Request reached the end of the middleware pipeline without being handled by application code. Request path: GET https://localhost:44376/images/thumbs/0390396_peoria-solid-wood-square-dining-table-set_75.jpeg, Response status code: 404
info: Microsoft.AspNetCore.Hosting.Diagnostics[16]
      Request reached the end of the middleware pipeline without being handled by application code. Request path: GET https://localhost:44376/images/thumbs/0390392_peoria-solid-wood-square-dining-table-set_75.jpeg, Response status code: 404
info: Microsoft.AspNetCore.Hosting.Diagnostics[16]
      Request reached the end of the middleware pipeline without being handled by application code. Request path: GET https://localhost:44376/images/thumbs/0431793_peoria-solid-wood-square-dining-table-set-for-8_75.jpeg, Response status code: 404
info: Microsoft.AspNetCore.Hosting.Diagnostics[16]
      Request reached the end of the middleware pipeline without being handled by application code. Request path: GET https://localhost:44376/images/thumbs/0431794_peoria-solid-wood-square-dining-table-set-for-8_75.jpeg, Response status code: 404
info: Microsoft.AspNetCore.Hosting.Diagnostics[16]
      Request reached the end of the middleware pipeline without being handled by application code. Request path: GET https://localhost:44376/images/thumbs/0390391_peoria-solid-wood-square-dining-table-set_75.jpeg, Response status code: 404
info: Microsoft.AspNetCore.Hosting.Diagnostics[16]
      Request reached the end of the middleware pipeline without being handled by application code. Request path: GET https://localhost:44376/images/thumbs/0431792_peoria-solid-wood-square-dining-table-set-for-8_75.jpeg, Response status code: 404
info: Microsoft.AspNetCore.Hosting.Diagnostics[16]
      Request reached the end of the middleware pipeline without being handled by application code. Request path: GET https://localhost:44376/images/thumbs/0390395_peoria-solid-wood-square-dining-table-set_75.jpeg, Response status code: 404
info: System.Net.Http.HttpClient.default.LogicalHandler[101]
      End processing HTTP request after 2171.0337ms - 404
info: Microsoft.AspNetCore.Hosting.Diagnostics[2]
      Request finished HTTP/2 GET https://localhost:44376/images/thumbs/0390397_peoria-solid-wood-square-dining-table-set_75.jpeg - 404 - - 1278.1160ms
info: Microsoft.AspNetCore.Hosting.Diagnostics[16]
      Request reached the end of the middleware pipeline without being handled by application code. Request path: GET https://localhost:44376/images/thumbs/0390397_peoria-solid-wood-square-dining-table-set_75.jpeg, Response status code: 404
info: Microsoft.AspNetCore.Mvc.NewtonsoftJson.NewtonsoftJsonResultExecutor[2]
      Executing JsonResult, writing value of type 'Nop.Web.Areas.Admin.Models.Catalog.ProductAttributeCombinationListModel'.
info: Microsoft.AspNetCore.Mvc.Infrastructure.ControllerActionInvoker[105]
      Executed action Nop.Web.Areas.Admin.Controllers.ProductController.CustomProductAttributeCombinationList (Nop.Web) in 530.0222ms
info: Microsoft.AspNetCore.Routing.EndpointMiddleware[1]
      Executed endpoint 'Nop.Web.Areas.Admin.Controllers.ProductController.CustomProductAttributeCombinationList (Nop.Web)'
info: Microsoft.AspNetCore.Hosting.Diagnostics[2]
      Request finished HTTP/2 POST https://localhost:44376/Admin/Product/CustomProductAttributeCombinationList?ProductId=2 - 200 - application/json;+charset=utf-8 839.2484ms
info: Microsoft.AspNetCore.Mvc.ViewFeatures.ViewResultExecutor[4]
      Executed ViewResult - view Edit executed in 11230.1373ms.
info: Microsoft.AspNetCore.Mvc.Infrastructure.ControllerActionInvoker[105]
      Executed action Nop.Web.Areas.Admin.Controllers.ProductController.CustomEdit (Nop.Web) in 15472.6014ms
info: Microsoft.AspNetCore.Routing.EndpointMiddleware[1]
      Executed endpoint 'Nop.Web.Areas.Admin.Controllers.ProductController.CustomEdit (Nop.Web)'
info: Microsoft.AspNetCore.Hosting.Diagnostics[2]
      Request finished HTTP/2 GET https://localhost:44376/Admin/Product/Edit/2 - 200 - text/html;+charset=utf-8 19349.9919ms
info: Microsoft.AspNetCore.Hosting.Diagnostics[1]
      Request starting HTTP/2 GET https://localhost:44376/_framework/aspnetcore-browser-refresh.js - - -
info: Microsoft.AspNetCore.Hosting.Diagnostics[1]
      Request starting HTTP/2 GET https://localhost:44376/_vs/browserLink - - -
info: Microsoft.AspNetCore.Hosting.Diagnostics[2]
      Request finished HTTP/2 GET https://localhost:44376/_framework/aspnetcore-browser-refresh.js - 200 16499 application/javascript;+charset=utf-8 48.3467ms
info: Microsoft.AspNetCore.Hosting.Diagnostics[1]
      Request starting HTTP/2 GET https://localhost:44376/.well-known/appspecific/com.chrome.devtools.json - - -
info: Microsoft.AspNetCore.Hosting.Diagnostics[2]
      Request finished HTTP/2 GET https://localhost:44376/_vs/browserLink - 200 - text/javascript;+charset=UTF-8 287.9913ms
info: Microsoft.AspNetCore.Hosting.Diagnostics[2]
      Request finished HTTP/2 GET https://localhost:44376/.well-known/appspecific/com.chrome.devtools.json - 404 - - 224.4548ms
info: Microsoft.AspNetCore.Hosting.Diagnostics[16]
      Request reached the end of the middleware pipeline without being handled by application code. Request path: GET https://localhost:44376/.well-known/appspecific/com.chrome.devtools.json, Response status code: 404
info: Microsoft.AspNetCore.Hosting.Diagnostics[1]
      Request starting HTTP/2 GET https://localhost:44376/Admin/Plugin/AdminNavigationPlugins?_=1789985195732 - - -
info: Microsoft.AspNetCore.Routing.EndpointMiddleware[0]
      Executing endpoint 'Nop.Web.Areas.Admin.Controllers.PluginController.AdminNavigationPlugins (Nop.Web)'
info: Microsoft.AspNetCore.Mvc.Infrastructure.ControllerActionInvoker[102]
      Route matched with {area = "Admin", action = "AdminNavigationPlugins", controller = "Plugin"}. Executing controller action with signature System.Threading.Tasks.Task`1[Microsoft.AspNetCore.Mvc.IActionResult] AdminNavigationPlugins() on controller Nop.Web.Areas.Admin.Controllers.PluginController (Nop.Web).
DiscountRequirement.MustBeAssignedToCustomerRole
DiscountRequirement.ItemsBelowPrice
CurrencyExchange.ECB
ExternalAuth.Apple
ExternalAuth.Google
Misc.Omnisend
MWT.Redirect
MWT.Misc
MWT.Plugin.Misc.MwtStorefront
MultiFactorAuth.GoogleAuthenticator
MWT.Nop.Plugin.MegaMenu
MWT.Nop.Plugin.Widgets.Catalog
MWT.Shipping.FixedByWeightByTotal
NopAdvance.DiscountRules.CartSubTotal
Payments.Affirm
Payments.PayPalCommerce
Payments.AuthorizeNetHostedPayment
Payments.CashOnDelivery
Pickup.PickupInStore
Shipping.FixedByWeightByTotal
Shipping.UPS
MWT.Tax.FixedOrByCountryStateZip
Tax.Avalara
Widgets.FacebookPixel
Widgets.GoogleAnalytics
info: Microsoft.AspNetCore.Mvc.NewtonsoftJson.NewtonsoftJsonResultExecutor[2]
      Executing JsonResult, writing value of type 'System.Collections.Generic.List`1[[<>f__AnonymousType26`5[[System.String, System.Private.CoreLib, Version=9.0.0.0, Culture=neutral, PublicKeyToken=7cec85d7bea7798e],[System.String, System.Private.CoreLib, Version=9.0.0.0, Culture=neutral, PublicKeyToken=7cec85d7bea7798e],[System.String, System.Private.CoreLib, Version=9.0.0.0, Culture=neutral, PublicKeyToken=7cec85d7bea7798e],[System.String, System.Private.CoreLib, Version=9.0.0.0, Culture=neutral, PublicKeyToken=7cec85d7bea7798e],[System.Int32, System.Private.CoreLib, Version=9.0.0.0, Culture=neutral, PublicKeyToken=7cec85d7bea7798e]], Nop.Web, Version=4.90.0.0, Culture=neutral, PublicKeyToken=null]]'.
info: Microsoft.AspNetCore.Mvc.Infrastructure.ControllerActionInvoker[105]
      Executed action Nop.Web.Areas.Admin.Controllers.PluginController.AdminNavigationPlugins (Nop.Web) in 187.3773ms
info: Microsoft.AspNetCore.Routing.EndpointMiddleware[1]
      Executed endpoint 'Nop.Web.Areas.Admin.Controllers.PluginController.AdminNavigationPlugins (Nop.Web)'
info: Microsoft.AspNetCore.Hosting.Diagnostics[2]
      Request finished HTTP/2 GET https://localhost:44376/Admin/Plugin/AdminNavigationPlugins?_=1789985195732 - 200 - application/json;+charset=utf-8 298.7667ms
info: Microsoft.AspNetCore.Hosting.Diagnostics[1]
      Request starting HTTP/2 GET https://localhost:44376/CustomOrder/Order/List - - -
info: Microsoft.AspNetCore.Hosting.Diagnostics[1]
      Request starting HTTP/2 GET https://localhost:44376/images/thumbs/0390393_peoria-solid-wood-square-dining-table-set_75.jpeg - - -
info: Microsoft.AspNetCore.Hosting.Diagnostics[1]
      Request starting HTTP/2 GET https://localhost:44376/images/thumbs/0390394_peoria-solid-wood-square-dining-table-set_75.jpeg - - -
info: Microsoft.AspNetCore.Hosting.Diagnostics[1]
      Request starting HTTP/2 GET https://localhost:44376/images/thumbs/0390395_peoria-solid-wood-square-dining-table-set_75.jpeg - - -
info: Microsoft.AspNetCore.Hosting.Diagnostics[1]
      Request starting HTTP/2 GET https://localhost:44376/images/thumbs/0431792_peoria-solid-wood-square-dining-table-set-for-8_75.jpeg - - -
info: Microsoft.AspNetCore.Hosting.Diagnostics[1]
      Request starting HTTP/2 GET https://localhost:44376/images/thumbs/0390391_peoria-solid-wood-square-dining-table-set_75.jpeg - - -
info: Microsoft.AspNetCore.Hosting.Diagnostics[1]
      Request starting HTTP/2 GET https://localhost:44376/images/thumbs/0390392_peoria-solid-wood-square-dining-table-set_75.jpeg - - -
info: Microsoft.AspNetCore.Hosting.Diagnostics[1]
      Request starting HTTP/2 GET https://localhost:44376/images/thumbs/0390397_peoria-solid-wood-square-dining-table-set_75.jpeg - - -
info: Microsoft.AspNetCore.Hosting.Diagnostics[1]
      Request starting HTTP/2 GET https://localhost:44376/images/thumbs/0431794_peoria-solid-wood-square-dining-table-set-for-8_75.jpeg - - -
info: Microsoft.AspNetCore.Hosting.Diagnostics[1]
      Request starting HTTP/2 GET https://localhost:44376/images/thumbs/0390396_peoria-solid-wood-square-dining-table-set_75.jpeg - - -
info: Microsoft.AspNetCore.Hosting.Diagnostics[1]
      Request starting HTTP/2 POST https://localhost:44376/Admin/Product/TierPriceList?ProductId=2 - application/x-www-form-urlencoded;+charset=UTF-8 2030
info: Microsoft.AspNetCore.Hosting.Diagnostics[1]
      Request starting HTTP/2 GET https://localhost:44376/images/thumbs/0431793_peoria-solid-wood-square-dining-table-set-for-8_75.jpeg - - -
info: Microsoft.AspNetCore.Hosting.Diagnostics[1]
      Request starting HTTP/2 GET https://localhost:44376/images/thumbs/0431791_peoria-solid-wood-square-dining-table-set-for-8_75.jpeg - - -
info: Microsoft.AspNetCore.Hosting.Diagnostics[1]
      Request starting HTTP/2 POST https://localhost:44376/Admin/Product/DimesionImagesList?ProductId=2 - application/x-www-form-urlencoded;+charset=UTF-8 932
info: Microsoft.AspNetCore.Hosting.Diagnostics[1]
      Request starting HTTP/2 POST https://localhost:44376/Admin/Product/ProductPictureList?ProductId=2 - application/x-www-form-urlencoded;+charset=UTF-8 2518
info: Microsoft.AspNetCore.Hosting.Diagnostics[1]
      Request starting HTTP/2 POST https://localhost:44376/Admin/Product/SkuReservedWarning - application/x-www-form-urlencoded;+charset=UTF-8 251
info: Microsoft.AspNetCore.Hosting.Diagnostics[1]
      Request starting HTTP/2 POST https://localhost:44376/Admin/Product/AssociatedProductList?ProductId=2 - application/x-www-form-urlencoded;+charset=UTF-8 1572
info: Microsoft.AspNetCore.Hosting.Diagnostics[1]
      Request starting HTTP/2 POST https://localhost:44376/Admin/Product/CustomProductAttributeCombinationList?ProductId=2 - application/x-www-form-urlencoded;+charset=UTF-8 3209
info: Microsoft.AspNetCore.Hosting.Diagnostics[1]
      Request starting HTTP/2 POST https://localhost:44376/Admin/Product/ProductSpecAttrList?ProductId=2 - application/x-www-form-urlencoded;+charset=UTF-8 1832
info: Microsoft.AspNetCore.Routing.EndpointMiddleware[0]
      Executing endpoint 'Nop.Web.Areas.Admin.Controllers.ProductController.TierPriceList (Nop.Web)'
info: Microsoft.AspNetCore.Routing.EndpointMiddleware[0]
      Executing endpoint 'Nop.Web.Areas.Admin.Controllers.ProductController.SkuReservedWarning (Nop.Web)'
info: Microsoft.AspNetCore.Routing.EndpointMiddleware[0]
      Executing endpoint 'Nop.Web.Areas.Admin.Controllers.ProductController.ProductPictureList (Nop.Web)'
info: Microsoft.AspNetCore.Routing.EndpointMiddleware[0]
      Executing endpoint 'Nop.Web.Areas.Admin.Controllers.ProductController.ProductSpecAttrList (Nop.Web)'
info: Microsoft.AspNetCore.Routing.EndpointMiddleware[0]
      Executing endpoint 'Nop.Web.Areas.Admin.Controllers.ProductController.CustomProductAttributeCombinationList (Nop.Web)'
info: Microsoft.AspNetCore.Routing.EndpointMiddleware[0]
      Executing endpoint 'Nop.Web.Areas.Admin.Controllers.ProductController.AssociatedProductList (Nop.Web)'
info: Microsoft.AspNetCore.Hosting.Diagnostics[1]
      Request starting HTTP/2 POST https://localhost:44376/Admin/Product/FBTProductList?ProductId=2 - application/x-www-form-urlencoded;+charset=UTF-8 2039
info: Microsoft.AspNetCore.Mvc.Infrastructure.ControllerActionInvoker[102]
      Route matched with {area = "Admin", action = "SkuReservedWarning", controller = "Product"}. Executing controller action with signature System.Threading.Tasks.Task`1[Microsoft.AspNetCore.Mvc.IActionResult] SkuReservedWarning(Int32, System.String) on controller Nop.Web.Areas.Admin.Controllers.ProductController (Nop.Web).
info: Microsoft.AspNetCore.Mvc.Infrastructure.ControllerActionInvoker[102]
      Route matched with {area = "Admin", action = "ProductSpecAttrList", controller = "Product"}. Executing controller action with signature System.Threading.Tasks.Task`1[Microsoft.AspNetCore.Mvc.IActionResult] ProductSpecAttrList(Nop.Web.Areas.Admin.Models.Catalog.ProductSpecificationAttributeSearchModel) on controller Nop.Web.Areas.Admin.Controllers.ProductController (Nop.Web).
info: Microsoft.AspNetCore.Routing.EndpointMiddleware[0]
      Executing endpoint 'Nop.Web.Areas.Admin.Controllers.ProductController.DimesionImagesList (Nop.Web)'
info: Microsoft.AspNetCore.Mvc.Infrastructure.ControllerActionInvoker[102]
      Route matched with {area = "Admin", action = "ProductPictureList", controller = "Product"}. Executing controller action with signature System.Threading.Tasks.Task`1[Microsoft.AspNetCore.Mvc.IActionResult] ProductPictureList(Nop.Web.Areas.Admin.Models.Catalog.ProductPictureSearchModel) on controller Nop.Web.Areas.Admin.Controllers.ProductController (Nop.Web).
info: Microsoft.AspNetCore.Routing.EndpointMiddleware[0]
      Executing endpoint 'Nop.Web.Areas.Admin.Controllers.ProductController.FBTProductList (Nop.Web)'
info: Microsoft.AspNetCore.Hosting.Diagnostics[1]
      Request starting HTTP/2 POST https://localhost:44376/Admin/Product/PairWithProductList?ProductId=2 - application/x-www-form-urlencoded;+charset=UTF-8 1816
info: Microsoft.AspNetCore.Mvc.Infrastructure.ControllerActionInvoker[102]
      Route matched with {area = "Admin", action = "CustomProductAttributeCombinationList", controller = "Product"}. Executing controller action with signature System.Threading.Tasks.Task`1[Microsoft.AspNetCore.Mvc.IActionResult] CustomProductAttributeCombinationList(Nop.Web.Areas.Admin.Models.Catalog.ProductAttributeCombinationSearchModel) on controller Nop.Web.Areas.Admin.Controllers.ProductController (Nop.Web).
info: Microsoft.AspNetCore.Mvc.Infrastructure.ControllerActionInvoker[102]
      Route matched with {area = "Admin", action = "TierPriceList", controller = "Product"}. Executing controller action with signature System.Threading.Tasks.Task`1[Microsoft.AspNetCore.Mvc.IActionResult] TierPriceList(Nop.Web.Areas.Admin.Models.Catalog.TierPriceSearchModel) on controller Nop.Web.Areas.Admin.Controllers.ProductController (Nop.Web).
info: Microsoft.AspNetCore.Mvc.Infrastructure.ControllerActionInvoker[102]
      Route matched with {area = "Admin", action = "AssociatedProductList", controller = "Product"}. Executing controller action with signature System.Threading.Tasks.Task`1[Microsoft.AspNetCore.Mvc.IActionResult] AssociatedProductList(Nop.Web.Areas.Admin.Models.Catalog.AssociatedProductSearchModel) on controller Nop.Web.Areas.Admin.Controllers.ProductController (Nop.Web).
info: Microsoft.AspNetCore.Hosting.Diagnostics[1]
      Request starting HTTP/2 POST https://localhost:44376/Admin/Product/PurchasedWithOrders?ProductId=2 - application/x-www-form-urlencoded;+charset=UTF-8 1828
info: Microsoft.AspNetCore.Hosting.Diagnostics[1]
      Request starting HTTP/2 POST https://localhost:44376/Admin/Product/CustomCrossSellProductList?ProductId=2 - application/x-www-form-urlencoded;+charset=UTF-8 1168
info: Microsoft.AspNetCore.Hosting.Diagnostics[1]
      Request starting HTTP/2 POST https://localhost:44376/Admin/Product/RelatedSearchList?ProductId=2&EntityType=Product - application/x-www-form-urlencoded;+charset=UTF-8 1361
info: Microsoft.AspNetCore.Mvc.Infrastructure.ControllerActionInvoker[102]
      Route matched with {area = "Admin", action = "DimesionImagesList", controller = "Product"}. Executing controller action with signature System.Threading.Tasks.Task`1[Microsoft.AspNetCore.Mvc.IActionResult] DimesionImagesList(Nop.Web.Areas.Admin.Models.Customization.Catalog.ProductDimensionPictureSearchModel) on controller Nop.Web.Areas.Admin.Controllers.ProductController (Nop.Web).
info: Microsoft.AspNetCore.Hosting.Diagnostics[1]
      Request starting HTTP/2 POST https://localhost:44376/Admin/Product/StockQuantityHistory?ProductId=2 - application/x-www-form-urlencoded;+charset=UTF-8 1635
info: Microsoft.AspNetCore.Hosting.Diagnostics[1]
      Request starting HTTP/2 POST https://localhost:44376/Admin/Product/CollectionProductList?ProductId=2 - application/x-www-form-urlencoded;+charset=UTF-8 1816
info: Microsoft.AspNetCore.Hosting.Diagnostics[1]
      Request starting HTTP/2 POST https://localhost:44376/Admin/Product/SuggestedKeywordList?ProductId=2 - application/x-www-form-urlencoded;+charset=UTF-8 725
info: Microsoft.AspNetCore.Routing.EndpointMiddleware[0]
      Executing endpoint 'Nop.Web.Areas.Admin.Controllers.ProductController.CustomCrossSellProductList (Nop.Web)'
info: Microsoft.AspNetCore.Routing.EndpointMiddleware[0]
      Executing endpoint 'Nop.Web.Areas.Admin.Controllers.ProductController.PurchasedWithOrders (Nop.Web)'
info: Microsoft.AspNetCore.Mvc.Infrastructure.ControllerActionInvoker[102]
      Route matched with {area = "Admin", action = "FBTProductList", controller = "Product"}. Executing controller action with signature System.Threading.Tasks.Task`1[Microsoft.AspNetCore.Mvc.IActionResult] FBTProductList(Nop.Web.Areas.Admin.Models.Catalog.FBTProductSearchModel) on controller Nop.Web.Areas.Admin.Controllers.ProductController (Nop.Web).
info: Microsoft.AspNetCore.Mvc.Infrastructure.ControllerActionInvoker[102]
      Route matched with {area = "Admin", action = "CustomCrossSellProductList", controller = "Product"}. Executing controller action with signature System.Threading.Tasks.Task`1[Microsoft.AspNetCore.Mvc.IActionResult] CustomCrossSellProductList(Nop.Web.Areas.Admin.Models.Catalog.CrossSellProductSearchModel) on controller Nop.Web.Areas.Admin.Controllers.ProductController (Nop.Web).
info: Microsoft.AspNetCore.Hosting.Diagnostics[1]
      Request starting HTTP/2 POST https://localhost:44376/Admin/Faq/FaqList?EntityId=2&EntityType=Product - application/x-www-form-urlencoded;+charset=UTF-8 2013
info: Microsoft.AspNetCore.Hosting.Diagnostics[1]
      Request starting HTTP/2 POST https://localhost:44376/Admin/Product/VariantList?ProductId=2 - application/x-www-form-urlencoded;+charset=UTF-8 3593
info: Microsoft.AspNetCore.Hosting.Diagnostics[1]
      Request starting HTTP/2 POST https://localhost:44376/Admin/Product/CustomRelatedProductList?ProductId=2 - application/x-www-form-urlencoded;+charset=UTF-8 1816
info: Microsoft.AspNetCore.Routing.EndpointMiddleware[0]
      Executing endpoint 'Nop.Web.Areas.Admin.Controllers.ProductController.RelatedSearchList (Nop.Web)'
info: Microsoft.AspNetCore.Routing.EndpointMiddleware[0]
      Executing endpoint 'Nop.Web.Areas.Admin.Controllers.ProductController.PairWithProductList (Nop.Web)'
info: Microsoft.AspNetCore.Hosting.Diagnostics[1]
      Request starting HTTP/2 POST https://localhost:44376/Admin/Product/ProductAttributeMappingList/2 - application/x-www-form-urlencoded;+charset=UTF-8 2490
info: Microsoft.AspNetCore.Hosting.Diagnostics[1]
      Request starting HTTP/2 POST https://localhost:44376/Admin/Product/ProductAttributeCombinationList?ProductId=2 - application/x-www-form-urlencoded;+charset=UTF-8 3404
info: Microsoft.AspNetCore.Mvc.Infrastructure.ControllerActionInvoker[102]
      Route matched with {area = "Admin", action = "PurchasedWithOrders", controller = "Product"}. Executing controller action with signature System.Threading.Tasks.Task`1[Microsoft.AspNetCore.Mvc.IActionResult] PurchasedWithOrders(Nop.Web.Areas.Admin.Models.Catalog.ProductOrderSearchModel) on controller Nop.Web.Areas.Admin.Controllers.ProductController (Nop.Web).
info: Microsoft.AspNetCore.Mvc.Infrastructure.ControllerActionInvoker[102]
      Route matched with {area = "Admin", action = "RelatedSearchList", controller = "Product"}. Executing controller action with signature System.Threading.Tasks.Task`1[Microsoft.AspNetCore.Mvc.IActionResult] RelatedSearchList(Nop.Web.Areas.Admin.Models.Catalog.RelatedProductSearchModel) on controller Nop.Web.Areas.Admin.Controllers.ProductController (Nop.Web).
info: Microsoft.AspNetCore.Mvc.Infrastructure.ControllerActionInvoker[102]
      Route matched with {area = "Admin", action = "PairWithProductList", controller = "Product"}. Executing controller action with signature System.Threading.Tasks.Task`1[Microsoft.AspNetCore.Mvc.IActionResult] PairWithProductList(Nop.Web.Areas.Admin.Models.Catalog.RelatedProductSearchModel) on controller Nop.Web.Areas.Admin.Controllers.ProductController (Nop.Web).
info: Microsoft.AspNetCore.Routing.EndpointMiddleware[0]
      Executing endpoint 'Nop.Web.Areas.Admin.Controllers.ProductController.CustomRelatedProductList (Nop.Web)'
info: Microsoft.AspNetCore.Mvc.Infrastructure.ControllerActionInvoker[102]
      Route matched with {area = "Admin", action = "CustomRelatedProductList", controller = "Product"}. Executing controller action with signature System.Threading.Tasks.Task`1[Microsoft.AspNetCore.Mvc.IActionResult] CustomRelatedProductList(Nop.Web.Areas.Admin.Models.Catalog.RelatedProductSearchModel) on controller Nop.Web.Areas.Admin.Controllers.ProductController (Nop.Web).
info: Microsoft.AspNetCore.Routing.EndpointMiddleware[0]
      Executing endpoint 'Nop.Web.Areas.Admin.Controllers.ProductController.CustomProductAttributeMappingList (Nop.Web)'
info: Microsoft.AspNetCore.Routing.EndpointMiddleware[0]
      Executing endpoint 'Nop.Web.Areas.Admin.Controllers.ProductController.ProductAttributeCombinationList (Nop.Web)'
info: Microsoft.AspNetCore.Routing.EndpointMiddleware[0]
      Executing endpoint 'Nop.Web.Areas.Admin.Controllers.ProductController.VariantList (Nop.Web)'
info: Microsoft.AspNetCore.Routing.EndpointMiddleware[0]
      Executing endpoint 'Nop.Web.Areas.Admin.Controllers.ProductController.StockQuantityHistory (Nop.Web)'
info: Microsoft.AspNetCore.Mvc.Infrastructure.ControllerActionInvoker[102]
      Route matched with {area = "Admin", action = "ProductAttributeCombinationList", controller = "Product"}. Executing controller action with signature System.Threading.Tasks.Task`1[Microsoft.AspNetCore.Mvc.IActionResult] ProductAttributeCombinationList(Nop.Web.Areas.Admin.Models.Catalog.ProductAttributeCombinationSearchModel) on controller Nop.Web.Areas.Admin.Controllers.ProductController (Nop.Web).
info: Microsoft.AspNetCore.Mvc.Infrastructure.ControllerActionInvoker[102]
      Route matched with {area = "Admin", action = "CustomProductAttributeMappingList", controller = "Product"}. Executing controller action with signature System.Threading.Tasks.Task`1[Microsoft.AspNetCore.Mvc.IActionResult] CustomProductAttributeMappingList(Nop.Web.Areas.Admin.Models.Catalog.ProductAttributeMappingSearchModel) on controller Nop.Web.Areas.Admin.Controllers.ProductController (Nop.Web).
info: Microsoft.AspNetCore.Hosting.Diagnostics[2]
      Request finished HTTP/2 GET https://localhost:44376/images/thumbs/0390395_peoria-solid-wood-square-dining-table-set_75.jpeg - 404 - - 4159.7860ms
info: Microsoft.AspNetCore.Routing.EndpointMiddleware[0]
      Executing endpoint 'Nop.Web.Areas.Admin.Controllers.ProductController.SuggestedKeywordList (Nop.Web)'
info: Microsoft.AspNetCore.Hosting.Diagnostics[2]
      Request finished HTTP/2 GET https://localhost:44376/images/thumbs/0431792_peoria-solid-wood-square-dining-table-set-for-8_75.jpeg - 404 - - 4219.4542ms
info: Microsoft.AspNetCore.Mvc.Infrastructure.ControllerActionInvoker[102]
      Route matched with {area = "Admin", action = "StockQuantityHistory", controller = "Product"}. Executing controller action with signature System.Threading.Tasks.Task`1[Microsoft.AspNetCore.Mvc.IActionResult] StockQuantityHistory(Nop.Web.Areas.Admin.Models.Catalog.StockQuantityHistorySearchModel) on controller Nop.Web.Areas.Admin.Controllers.ProductController (Nop.Web).
info: Microsoft.AspNetCore.Mvc.Infrastructure.ControllerActionInvoker[102]
      Route matched with {area = "Admin", action = "VariantList", controller = "Product"}. Executing controller action with signature System.Threading.Tasks.Task`1[Microsoft.AspNetCore.Mvc.IActionResult] VariantList(Nop.Web.Areas.Admin.Models.Customization.Catalog.VariantSearchModel) on controller Nop.Web.Areas.Admin.Controllers.ProductController (Nop.Web).
info: Microsoft.AspNetCore.Hosting.Diagnostics[2]
      Request finished HTTP/2 GET https://localhost:44376/images/thumbs/0390394_peoria-solid-wood-square-dining-table-set_75.jpeg - 404 - - 4273.1213ms
info: Microsoft.AspNetCore.Hosting.Diagnostics[16]
      Request reached the end of the middleware pipeline without being handled by application code. Request path: GET https://localhost:44376/images/thumbs/0431792_peoria-solid-wood-square-dining-table-set-for-8_75.jpeg, Response status code: 404
info: Microsoft.AspNetCore.Hosting.Diagnostics[16]
      Request reached the end of the middleware pipeline without being handled by application code. Request path: GET https://localhost:44376/images/thumbs/0390395_peoria-solid-wood-square-dining-table-set_75.jpeg, Response status code: 404
info: Microsoft.AspNetCore.Hosting.Diagnostics[16]
      Request reached the end of the middleware pipeline without being handled by application code. Request path: GET https://localhost:44376/images/thumbs/0390394_peoria-solid-wood-square-dining-table-set_75.jpeg, Response status code: 404
info: Microsoft.AspNetCore.Routing.EndpointMiddleware[0]
      Executing endpoint 'Nop.Web.Areas.Admin.Controllers.Customizations.FaqController.FaqList (Nop.Web)'
info: Microsoft.AspNetCore.Mvc.Infrastructure.ControllerActionInvoker[102]
      Route matched with {area = "Admin", action = "SuggestedKeywordList", controller = "Product"}. Executing controller action with signature System.Threading.Tasks.Task`1[Microsoft.AspNetCore.Mvc.IActionResult] SuggestedKeywordList(Nop.Web.Areas.Admin.Models.Customization.Custom.ProductSuggestedKeywordSearchModel, Int32) on controller Nop.Web.Areas.Admin.Controllers.ProductController (Nop.Web).
info: Microsoft.AspNetCore.Mvc.Infrastructure.ControllerActionInvoker[102]
      Route matched with {area = "Admin", action = "FaqList", controller = "Faq"}. Executing controller action with signature System.Threading.Tasks.Task`1[Microsoft.AspNetCore.Mvc.IActionResult] FaqList(Nop.Web.Areas.Admin.Models.FAQModule.FaqSearchModel) on controller Nop.Web.Areas.Admin.Controllers.Customizations.FaqController (Nop.Web).
info: Microsoft.AspNetCore.Routing.EndpointMiddleware[0]
      Executing endpoint 'Nop.Web.Areas.Admin.Controllers.ProductController.CollectionProductList (Nop.Web)'
info: Microsoft.AspNetCore.Mvc.Infrastructure.ControllerActionInvoker[102]
      Route matched with {area = "Admin", action = "CollectionProductList", controller = "Product"}. Executing controller action with signature System.Threading.Tasks.Task`1[Microsoft.AspNetCore.Mvc.IActionResult] CollectionProductList(Nop.Web.Areas.Admin.Models.Catalog.RelatedProductSearchModel) on controller Nop.Web.Areas.Admin.Controllers.ProductController (Nop.Web).
info: Microsoft.AspNetCore.Hosting.Diagnostics[2]
      Request finished HTTP/2 GET https://localhost:44376/images/thumbs/0431794_peoria-solid-wood-square-dining-table-set-for-8_75.jpeg - 404 - - 5629.7552ms
info: Microsoft.AspNetCore.Routing.EndpointMiddleware[0]
      Executing endpoint 'MWT.Plugin.Misc.MwtStorefront.Areas.CustomOrder.Controllers.OrderController.List (MWT.Plugin.Misc.MwtStorefront)'
info: Microsoft.AspNetCore.Hosting.Diagnostics[16]
      Request reached the end of the middleware pipeline without being handled by application code. Request path: GET https://localhost:44376/images/thumbs/0431794_peoria-solid-wood-square-dining-table-set-for-8_75.jpeg, Response status code: 404
info: Microsoft.AspNetCore.Hosting.Diagnostics[2]
      Request finished HTTP/2 GET https://localhost:44376/images/thumbs/0390393_peoria-solid-wood-square-dining-table-set_75.jpeg - 404 - - 5882.0570ms
info: Microsoft.AspNetCore.Hosting.Diagnostics[16]
      Request reached the end of the middleware pipeline without being handled by application code. Request path: GET https://localhost:44376/images/thumbs/0390393_peoria-solid-wood-square-dining-table-set_75.jpeg, Response status code: 404
info: Microsoft.AspNetCore.Mvc.Infrastructure.ControllerActionInvoker[102]
      Route matched with {area = "CustomOrder", action = "List", controller = "Order"}. Executing controller action with signature System.Threading.Tasks.Task`1[Microsoft.AspNetCore.Mvc.IActionResult] List() on controller MWT.Plugin.Misc.MwtStorefront.Areas.CustomOrder.Controllers.OrderController (MWT.Plugin.Misc.MwtStorefront).
info: Microsoft.AspNetCore.Mvc.NewtonsoftJson.NewtonsoftJsonResultExecutor[2]
      Executing JsonResult, writing value of type 'Nop.Web.Areas.Admin.Models.Customization.Catalog.ProductDimensionPictureListModel'.
info: Microsoft.AspNetCore.Mvc.Infrastructure.ControllerActionInvoker[105]
      Executed action Nop.Web.Areas.Admin.Controllers.ProductController.DimesionImagesList (Nop.Web) in 4073.7248ms
info: Microsoft.AspNetCore.Routing.EndpointMiddleware[1]
      Executed endpoint 'Nop.Web.Areas.Admin.Controllers.ProductController.DimesionImagesList (Nop.Web)'
info: Microsoft.AspNetCore.Hosting.Diagnostics[2]
      Request finished HTTP/2 POST https://localhost:44376/Admin/Product/DimesionImagesList?ProductId=2 - 200 - application/json;+charset=utf-8 6605.1378ms
info: Microsoft.AspNetCore.Mvc.NewtonsoftJson.NewtonsoftJsonResultExecutor[2]
      Executing JsonResult, writing value of type 'Nop.Web.Areas.Admin.Models.Catalog.ProductSpecificationAttributeListModel'.
info: Microsoft.AspNetCore.Mvc.Infrastructure.ControllerActionInvoker[105]
      Executed action Nop.Web.Areas.Admin.Controllers.ProductController.ProductSpecAttrList (Nop.Web) in 5433.7558ms
info: Microsoft.AspNetCore.Routing.EndpointMiddleware[1]
      Executed endpoint 'Nop.Web.Areas.Admin.Controllers.ProductController.ProductSpecAttrList (Nop.Web)'
info: Microsoft.AspNetCore.Mvc.NewtonsoftJson.NewtonsoftJsonResultExecutor[2]
      Executing JsonResult, writing value of type 'Nop.Web.Areas.Admin.Models.Catalog.PairWithProductListModel'.
info: Microsoft.AspNetCore.Mvc.Infrastructure.ControllerActionInvoker[105]
      Executed action Nop.Web.Areas.Admin.Controllers.ProductController.PairWithProductList (Nop.Web) in 4824.2332ms
info: Microsoft.AspNetCore.Routing.EndpointMiddleware[1]
      Executed endpoint 'Nop.Web.Areas.Admin.Controllers.ProductController.PairWithProductList (Nop.Web)'
info: Microsoft.AspNetCore.Hosting.Diagnostics[2]
      Request finished HTTP/2 POST https://localhost:44376/Admin/Product/PairWithProductList?ProductId=2 - 200 - application/json;+charset=utf-8 6495.4259ms
info: Microsoft.AspNetCore.Hosting.Diagnostics[2]
      Request finished HTTP/2 POST https://localhost:44376/Admin/Product/ProductSpecAttrList?ProductId=2 - 200 - application/json;+charset=utf-8 8121.8289ms
info: Microsoft.AspNetCore.Mvc.NewtonsoftJson.NewtonsoftJsonResultExecutor[2]
      Executing JsonResult, writing value of type 'Nop.Web.Areas.Admin.Models.Catalog.AssociatedProductListModel'.
info: Microsoft.AspNetCore.Mvc.NewtonsoftJson.NewtonsoftJsonResultExecutor[2]
      Executing JsonResult, writing value of type '<>f__AnonymousType2`1[[System.String, System.Private.CoreLib, Version=9.0.0.0, Culture=neutral, PublicKeyToken=7cec85d7bea7798e]]'.
info: Microsoft.AspNetCore.Mvc.Infrastructure.ControllerActionInvoker[105]
      Executed action Nop.Web.Areas.Admin.Controllers.ProductController.AssociatedProductList (Nop.Web) in 5992.1019ms
info: Microsoft.AspNetCore.Mvc.NewtonsoftJson.NewtonsoftJsonResultExecutor[2]
      Executing JsonResult, writing value of type 'Nop.Web.Areas.Admin.Models.Catalog.ProductPictureListModel'.
info: Microsoft.AspNetCore.Mvc.NewtonsoftJson.NewtonsoftJsonResultExecutor[2]
      Executing JsonResult, writing value of type 'Nop.Web.Areas.Admin.Models.Catalog.RelatedSearchListModel'.
info: Microsoft.AspNetCore.Mvc.NewtonsoftJson.NewtonsoftJsonResultExecutor[2]
      Executing JsonResult, writing value of type 'Nop.Web.Areas.Admin.Models.Catalog.FBTProductListModel'.
info: Microsoft.AspNetCore.Mvc.Infrastructure.ControllerActionInvoker[105]
      Executed action Nop.Web.Areas.Admin.Controllers.ProductController.FBTProductList (Nop.Web) in 5843.5893ms
info: Microsoft.AspNetCore.Mvc.NewtonsoftJson.NewtonsoftJsonResultExecutor[2]
      Executing JsonResult, writing value of type 'Nop.Web.Areas.Admin.Models.Catalog.TierPriceListModel'.
info: Microsoft.AspNetCore.Mvc.NewtonsoftJson.NewtonsoftJsonResultExecutor[2]
      Executing JsonResult, writing value of type 'Nop.Web.Areas.Admin.Models.Catalog.ProductAttributeCombinationListModel'.
info: Microsoft.AspNetCore.Hosting.Diagnostics[2]
      Request finished HTTP/2 GET https://localhost:44376/images/thumbs/0390396_peoria-solid-wood-square-dining-table-set_75.jpeg - 404 - - 8903.7554ms
info: Microsoft.AspNetCore.Routing.EndpointMiddleware[1]
      Executed endpoint 'Nop.Web.Areas.Admin.Controllers.ProductController.FBTProductList (Nop.Web)'
info: Microsoft.AspNetCore.Hosting.Diagnostics[2]
      Request finished HTTP/2 POST https://localhost:44376/Admin/Product/FBTProductList?ProductId=2 - 200 - application/json;+charset=utf-8 7761.0959ms
info: Microsoft.AspNetCore.Mvc.Infrastructure.ControllerActionInvoker[105]
      Executed action Nop.Web.Areas.Admin.Controllers.ProductController.TierPriceList (Nop.Web) in 6160.2491ms
info: Microsoft.AspNetCore.Mvc.Infrastructure.ControllerActionInvoker[105]
      Executed action Nop.Web.Areas.Admin.Controllers.ProductController.CustomProductAttributeCombinationList (Nop.Web) in 6468.9102ms
info: Microsoft.AspNetCore.Hosting.Diagnostics[2]
      Request finished HTTP/2 GET https://localhost:44376/images/thumbs/0390392_peoria-solid-wood-square-dining-table-set_75.jpeg - 404 - - 8980.3747ms
info: Microsoft.AspNetCore.Routing.EndpointMiddleware[1]
      Executed endpoint 'Nop.Web.Areas.Admin.Controllers.ProductController.TierPriceList (Nop.Web)'
info: Microsoft.AspNetCore.Hosting.Diagnostics[2]
      Request finished HTTP/2 GET https://localhost:44376/images/thumbs/0431793_peoria-solid-wood-square-dining-table-set-for-8_75.jpeg - 404 - - 9018.8815ms
info: Microsoft.AspNetCore.Routing.EndpointMiddleware[1]
      Executed endpoint 'Nop.Web.Areas.Admin.Controllers.ProductController.CustomProductAttributeCombinationList (Nop.Web)'
info: Microsoft.AspNetCore.Hosting.Diagnostics[16]
      Request reached the end of the middleware pipeline without being handled by application code. Request path: GET https://localhost:44376/images/thumbs/0390392_peoria-solid-wood-square-dining-table-set_75.jpeg, Response status code: 404
info: Microsoft.AspNetCore.Hosting.Diagnostics[2]
      Request finished HTTP/2 POST https://localhost:44376/Admin/Product/TierPriceList?ProductId=2 - 200 - application/json;+charset=utf-8 8982.4376ms
info: Microsoft.AspNetCore.Hosting.Diagnostics[16]
      Request reached the end of the middleware pipeline without being handled by application code. Request path: GET https://localhost:44376/images/thumbs/0390396_peoria-solid-wood-square-dining-table-set_75.jpeg, Response status code: 404
info: Microsoft.AspNetCore.Hosting.Diagnostics[16]
      Request reached the end of the middleware pipeline without being handled by application code. Request path: GET https://localhost:44376/images/thumbs/0431793_peoria-solid-wood-square-dining-table-set-for-8_75.jpeg, Response status code: 404
info: Microsoft.AspNetCore.Hosting.Diagnostics[2]
      Request finished HTTP/2 GET https://localhost:44376/images/thumbs/0390391_peoria-solid-wood-square-dining-table-set_75.jpeg - 404 - - 9629.5586ms
info: Microsoft.AspNetCore.Hosting.Diagnostics[2]
      Request finished HTTP/2 GET https://localhost:44376/images/thumbs/0390397_peoria-solid-wood-square-dining-table-set_75.jpeg - 404 - - 9629.3107ms
info: Microsoft.AspNetCore.Routing.EndpointMiddleware[1]
      Executed endpoint 'Nop.Web.Areas.Admin.Controllers.ProductController.AssociatedProductList (Nop.Web)'
info: Microsoft.AspNetCore.Hosting.Diagnostics[2]
      Request finished HTTP/2 POST https://localhost:44376/Admin/Product/CustomProductAttributeCombinationList?ProductId=2 - 200 - application/json;+charset=utf-8 9485.9345ms
info: Microsoft.AspNetCore.Mvc.Infrastructure.ControllerActionInvoker[105]
      Executed action Nop.Web.Areas.Admin.Controllers.ProductController.ProductPictureList (Nop.Web) in 8252.5899ms
info: Microsoft.AspNetCore.Hosting.Diagnostics[16]
      Request reached the end of the middleware pipeline without being handled by application code. Request path: GET https://localhost:44376/images/thumbs/0390397_peoria-solid-wood-square-dining-table-set_75.jpeg, Response status code: 404
info: Microsoft.AspNetCore.Hosting.Diagnostics[16]
      Request reached the end of the middleware pipeline without being handled by application code. Request path: GET https://localhost:44376/images/thumbs/0390391_peoria-solid-wood-square-dining-table-set_75.jpeg, Response status code: 404
info: Microsoft.AspNetCore.Mvc.NewtonsoftJson.NewtonsoftJsonResultExecutor[2]
      Executing JsonResult, writing value of type 'Nop.Web.Areas.Admin.Models.FAQModule.FaqListModel'.
info: Microsoft.AspNetCore.Routing.EndpointMiddleware[1]
      Executed endpoint 'Nop.Web.Areas.Admin.Controllers.ProductController.ProductPictureList (Nop.Web)'
info: Microsoft.AspNetCore.Mvc.Infrastructure.ControllerActionInvoker[105]
      Executed action Nop.Web.Areas.Admin.Controllers.ProductController.SkuReservedWarning (Nop.Web) in 8771.3656ms
info: Microsoft.AspNetCore.Mvc.Infrastructure.ControllerActionInvoker[105]
      Executed action Nop.Web.Areas.Admin.Controllers.Customizations.FaqController.FaqList (Nop.Web) in 5166.5726ms
info: Microsoft.AspNetCore.Routing.EndpointMiddleware[1]
      Executed endpoint 'Nop.Web.Areas.Admin.Controllers.Customizations.FaqController.FaqList (Nop.Web)'
info: Microsoft.AspNetCore.Hosting.Diagnostics[2]
      Request finished HTTP/2 POST https://localhost:44376/Admin/Faq/FaqList?EntityId=2&EntityType=Product - 200 - application/json;+charset=utf-8 7570.5052ms
info: Microsoft.AspNetCore.Mvc.NewtonsoftJson.NewtonsoftJsonResultExecutor[2]
      Executing JsonResult, writing value of type 'Nop.Web.Areas.Admin.Models.Customization.Custom.ProductSuggestedKeywordListModel'.
info: Microsoft.AspNetCore.Hosting.Diagnostics[2]
      Request finished HTTP/2 GET https://localhost:44376/images/thumbs/0431791_peoria-solid-wood-square-dining-table-set-for-8_75.jpeg - 404 - - 10381.1140ms
info: Microsoft.AspNetCore.Mvc.NewtonsoftJson.NewtonsoftJsonResultExecutor[2]
      Executing JsonResult, writing value of type 'Nop.Web.Areas.Admin.Models.Catalog.CrossSellProductListModel'.
info: Microsoft.AspNetCore.Hosting.Diagnostics[2]
      Request finished HTTP/2 POST https://localhost:44376/Admin/Product/AssociatedProductList?ProductId=2 - 200 - application/json;+charset=utf-8 10244.3460ms
info: Microsoft.AspNetCore.Mvc.Infrastructure.ControllerActionInvoker[105]
      Executed action Nop.Web.Areas.Admin.Controllers.ProductController.SuggestedKeywordList (Nop.Web) in 5839.8539ms
info: Microsoft.AspNetCore.Hosting.Diagnostics[2]
      Request finished HTTP/2 POST https://localhost:44376/Admin/Product/ProductPictureList?ProductId=2 - 200 - application/json;+charset=utf-8 10296.3781ms
info: Microsoft.AspNetCore.Mvc.NewtonsoftJson.NewtonsoftJsonResultExecutor[2]
      Executing JsonResult, writing value of type 'Nop.Web.Areas.Admin.Models.Catalog.RelatedProductListModel'.
info: Microsoft.AspNetCore.Hosting.Diagnostics[1]
      Request starting HTTP/2 GET https://localhost:44376/Admin/Product/GetLatestSmartInjectorData?productId=2&_=1789985195733 - - -
info: Microsoft.AspNetCore.Hosting.Diagnostics[16]
      Request reached the end of the middleware pipeline without being handled by application code. Request path: GET https://localhost:44376/images/thumbs/0431791_peoria-solid-wood-square-dining-table-set-for-8_75.jpeg, Response status code: 404
info: Microsoft.AspNetCore.Mvc.Infrastructure.ControllerActionInvoker[105]
      Executed action Nop.Web.Areas.Admin.Controllers.ProductController.CustomRelatedProductList (Nop.Web) in 6498.0816ms
info: Microsoft.AspNetCore.Routing.EndpointMiddleware[1]
      Executed endpoint 'Nop.Web.Areas.Admin.Controllers.ProductController.CustomRelatedProductList (Nop.Web)'
info: Microsoft.AspNetCore.Routing.EndpointMiddleware[1]
      Executed endpoint 'Nop.Web.Areas.Admin.Controllers.ProductController.SuggestedKeywordList (Nop.Web)'
info: Microsoft.AspNetCore.Mvc.Infrastructure.ControllerActionInvoker[105]
      Executed action Nop.Web.Areas.Admin.Controllers.ProductController.CustomCrossSellProductList (Nop.Web) in 7812.6637ms
info: Microsoft.AspNetCore.Routing.EndpointMiddleware[1]
      Executed endpoint 'Nop.Web.Areas.Admin.Controllers.ProductController.CustomCrossSellProductList (Nop.Web)'
info: Microsoft.AspNetCore.Hosting.Diagnostics[2]
      Request finished HTTP/2 POST https://localhost:44376/Admin/Product/SuggestedKeywordList?ProductId=2 - 200 - application/json;+charset=utf-8 8148.3000ms
info: Microsoft.AspNetCore.Hosting.Diagnostics[2]
      Request finished HTTP/2 POST https://localhost:44376/Admin/Product/CustomRelatedProductList?ProductId=2 - 200 - application/json;+charset=utf-8 7875.1582ms
info: Microsoft.AspNetCore.Hosting.Diagnostics[2]
      Request finished HTTP/2 POST https://localhost:44376/Admin/Product/CustomCrossSellProductList?ProductId=2 - 200 - application/json;+charset=utf-8 8962.6086ms
info: Microsoft.AspNetCore.Hosting.Diagnostics[1]
      Request starting HTTP/2 GET https://localhost:44376/images/thumbs/0429828_quebec-glass-door-solid-wood-media-console-cabinet-6582_75.png - - -
info: Microsoft.AspNetCore.Hosting.Diagnostics[1]
      Request starting HTTP/2 GET https://localhost:44376/images/thumbs/0429600_kansas-city-rustic-farmhouse-counter-height-square-dining-set_75.jpeg - - -
info: Microsoft.AspNetCore.Mvc.NewtonsoftJson.NewtonsoftJsonResultExecutor[2]
      Executing JsonResult, writing value of type 'Nop.Web.Areas.Admin.Models.Catalog.CollectionProductListModel'.
info: Microsoft.AspNetCore.Mvc.Infrastructure.ControllerActionInvoker[105]
      Executed action Nop.Web.Areas.Admin.Controllers.ProductController.CollectionProductList (Nop.Web) in 5511.2043ms
info: Microsoft.AspNetCore.Routing.EndpointMiddleware[1]
      Executed endpoint 'Nop.Web.Areas.Admin.Controllers.ProductController.CollectionProductList (Nop.Web)'
info: Microsoft.AspNetCore.Hosting.Diagnostics[1]
      Request starting HTTP/2 GET https://localhost:44376/images/thumbs/0390391_peoria-solid-wood-square-dining-table-set_75.jpeg - - -
info: Microsoft.AspNetCore.Hosting.Diagnostics[2]
      Request finished HTTP/2 POST https://localhost:44376/Admin/Product/CollectionProductList?ProductId=2 - 200 - application/json;+charset=utf-8 8865.1573ms
info: Microsoft.AspNetCore.Routing.EndpointMiddleware[1]
      Executed endpoint 'Nop.Web.Areas.Admin.Controllers.ProductController.SkuReservedWarning (Nop.Web)'
info: Microsoft.AspNetCore.Mvc.NewtonsoftJson.NewtonsoftJsonResultExecutor[2]
      Executing JsonResult, writing value of type 'Nop.Web.Areas.Admin.Models.Catalog.ProductAttributeMappingListModel'.
info: Microsoft.AspNetCore.Hosting.Diagnostics[2]
      Request finished HTTP/2 POST https://localhost:44376/Admin/Product/SkuReservedWarning - 200 - application/json;+charset=utf-8 10839.1363ms
info: Microsoft.AspNetCore.Mvc.Infrastructure.ControllerActionInvoker[105]
      Executed action Nop.Web.Areas.Admin.Controllers.ProductController.CustomProductAttributeMappingList (Nop.Web) in 7022.1679ms
info: Microsoft.AspNetCore.Routing.EndpointMiddleware[1]
      Executed endpoint 'Nop.Web.Areas.Admin.Controllers.ProductController.CustomProductAttributeMappingList (Nop.Web)'
info: Microsoft.AspNetCore.Hosting.Diagnostics[2]
      Request finished HTTP/2 POST https://localhost:44376/Admin/Product/ProductAttributeMappingList/2 - 200 - application/json;+charset=utf-8 8337.4215ms
info: Microsoft.AspNetCore.Mvc.Infrastructure.ControllerActionInvoker[105]
      Executed action Nop.Web.Areas.Admin.Controllers.ProductController.RelatedSearchList (Nop.Web) in 8218.3443ms
info: Microsoft.AspNetCore.Mvc.NewtonsoftJson.NewtonsoftJsonResultExecutor[2]
      Executing JsonResult, writing value of type 'Nop.Web.Areas.Admin.Models.Customization.Catalog.VariantSearchListModel'.
info: Microsoft.AspNetCore.Routing.EndpointMiddleware[1]
      Executed endpoint 'Nop.Web.Areas.Admin.Controllers.ProductController.RelatedSearchList (Nop.Web)'
info: Microsoft.AspNetCore.Mvc.Infrastructure.ControllerActionInvoker[105]
      Executed action Nop.Web.Areas.Admin.Controllers.ProductController.VariantList (Nop.Web) in 7609.3348ms
info: Microsoft.AspNetCore.Hosting.Diagnostics[2]
      Request finished HTTP/2 POST https://localhost:44376/Admin/Product/RelatedSearchList?ProductId=2&EntityType=Product - 200 - application/json;+charset=utf-8 9999.2967ms
info: Microsoft.AspNetCore.Routing.EndpointMiddleware[1]
      Executed endpoint 'Nop.Web.Areas.Admin.Controllers.ProductController.VariantList (Nop.Web)'
info: Microsoft.AspNetCore.Hosting.Diagnostics[2]
      Request finished HTTP/2 POST https://localhost:44376/Admin/Product/VariantList?ProductId=2 - 200 - application/json;+charset=utf-8 9231.0316ms
info: Microsoft.AspNetCore.Hosting.Diagnostics[1]
      Request starting HTTP/2 POST https://localhost:44376/Admin/Product/ProductAttributeCombinationList?ProductId=2 - application/x-www-form-urlencoded;+charset=UTF-8 3404
info: Microsoft.AspNetCore.Hosting.Diagnostics[2]
      Request finished HTTP/2 GET https://localhost:44376/images/thumbs/0429828_quebec-glass-door-solid-wood-media-console-cabinet-6582_75.png - 404 - - 1386.2920ms
info: Microsoft.AspNetCore.Hosting.Diagnostics[16]
      Request reached the end of the middleware pipeline without being handled by application code. Request path: GET https://localhost:44376/images/thumbs/0429828_quebec-glass-door-solid-wood-media-console-cabinet-6582_75.png, Response status code: 404
info: Microsoft.AspNetCore.Hosting.Diagnostics[2]
      Request finished HTTP/2 GET https://localhost:44376/images/thumbs/0390391_peoria-solid-wood-square-dining-table-set_75.jpeg - 404 - - 1419.9692ms
info: Microsoft.AspNetCore.Hosting.Diagnostics[16]
      Request reached the end of the middleware pipeline without being handled by application code. Request path: GET https://localhost:44376/images/thumbs/0390391_peoria-solid-wood-square-dining-table-set_75.jpeg, Response status code: 404
info: Microsoft.AspNetCore.Routing.EndpointMiddleware[0]
      Executing endpoint 'Nop.Web.Areas.Admin.Controllers.ProductController.ProductAttributeCombinationList (Nop.Web)'
info: Microsoft.AspNetCore.Mvc.NewtonsoftJson.NewtonsoftJsonResultExecutor[2]
      Executing JsonResult, writing value of type 'Nop.Web.Areas.Admin.Models.Catalog.StockQuantityHistoryListModel'.
info: Microsoft.AspNetCore.Mvc.Infrastructure.ControllerActionInvoker[105]
      Executed action Nop.Web.Areas.Admin.Controllers.ProductController.StockQuantityHistory (Nop.Web) in 8150.1109ms
info: Microsoft.AspNetCore.Routing.EndpointMiddleware[1]
      Executed endpoint 'Nop.Web.Areas.Admin.Controllers.ProductController.StockQuantityHistory (Nop.Web)'
info: Microsoft.AspNetCore.Mvc.Infrastructure.ControllerActionInvoker[102]
      Route matched with {area = "Admin", action = "ProductAttributeCombinationList", controller = "Product"}. Executing controller action with signature System.Threading.Tasks.Task`1[Microsoft.AspNetCore.Mvc.IActionResult] ProductAttributeCombinationList(Nop.Web.Areas.Admin.Models.Catalog.ProductAttributeCombinationSearchModel) on controller Nop.Web.Areas.Admin.Controllers.ProductController (Nop.Web).
info: Microsoft.AspNetCore.Hosting.Diagnostics[2]
      Request finished HTTP/2 POST https://localhost:44376/Admin/Product/StockQuantityHistory?ProductId=2 - 200 - application/json;+charset=utf-8 10427.6063ms
info: Microsoft.AspNetCore.Routing.EndpointMiddleware[0]
      Executing endpoint 'Nop.Web.Areas.Admin.Controllers.ProductController.GetLatestSmartInjectorData (Nop.Web)'
info: Microsoft.AspNetCore.Hosting.Diagnostics[2]
      Request finished HTTP/2 GET https://localhost:44376/images/thumbs/0429600_kansas-city-rustic-farmhouse-counter-height-square-dining-set_75.jpeg - 404 - - 1643.9183ms
info: Microsoft.AspNetCore.Mvc.Infrastructure.ControllerActionInvoker[102]
      Route matched with {area = "Admin", action = "GetLatestSmartInjectorData", controller = "Product"}. Executing controller action with signature System.Threading.Tasks.Task`1[Microsoft.AspNetCore.Mvc.IActionResult] GetLatestSmartInjectorData(Int32) on controller Nop.Web.Areas.Admin.Controllers.ProductController (Nop.Web).
info: Microsoft.AspNetCore.Hosting.Diagnostics[16]
      Request reached the end of the middleware pipeline without being handled by application code. Request path: GET https://localhost:44376/images/thumbs/0429600_kansas-city-rustic-farmhouse-counter-height-square-dining-set_75.jpeg, Response status code: 404
info: Microsoft.AspNetCore.Mvc.NewtonsoftJson.NewtonsoftJsonResultExecutor[2]
      Executing JsonResult, writing value of type 'Nop.Web.Areas.Admin.Models.Catalog.ProductAttributeCombinationListModel'.
info: Microsoft.AspNetCore.Mvc.Infrastructure.ControllerActionInvoker[105]
      Executed action Nop.Web.Areas.Admin.Controllers.ProductController.ProductAttributeCombinationList (Nop.Web) in 8396.9084ms
info: Microsoft.AspNetCore.Routing.EndpointMiddleware[1]
      Executed endpoint 'Nop.Web.Areas.Admin.Controllers.ProductController.ProductAttributeCombinationList (Nop.Web)'
info: Microsoft.AspNetCore.Hosting.Diagnostics[2]
      Request finished HTTP/2 POST https://localhost:44376/Admin/Product/ProductAttributeCombinationList?ProductId=2 - 200 - application/json;+charset=utf-8 9493.5214ms
info: Microsoft.AspNetCore.Hosting.Diagnostics[1]
      Request starting HTTP/2 GET https://localhost:44376/Admin/Product/GetLatestSmartInjectorData?productId=2&_=1789985195734 - - -
info: Microsoft.AspNetCore.Mvc.NewtonsoftJson.NewtonsoftJsonResultExecutor[2]
      Executing JsonResult, writing value of type 'Nop.Web.Areas.Admin.Models.Catalog.ProductOrderListModel'.
info: Microsoft.AspNetCore.Mvc.Infrastructure.ControllerActionInvoker[105]
      Executed action Nop.Web.Areas.Admin.Controllers.ProductController.PurchasedWithOrders (Nop.Web) in 10068.1102ms
info: Microsoft.AspNetCore.Routing.EndpointMiddleware[1]
      Executed endpoint 'Nop.Web.Areas.Admin.Controllers.ProductController.PurchasedWithOrders (Nop.Web)'
info: Microsoft.AspNetCore.Hosting.Diagnostics[2]
      Request finished HTTP/2 POST https://localhost:44376/Admin/Product/PurchasedWithOrders?ProductId=2 - 200 - application/json;+charset=utf-8 11613.3347ms
info: Microsoft.AspNetCore.Routing.EndpointMiddleware[0]
      Executing endpoint 'Nop.Web.Areas.Admin.Controllers.ProductController.GetLatestSmartInjectorData (Nop.Web)'
info: Microsoft.AspNetCore.Mvc.NewtonsoftJson.NewtonsoftJsonResultExecutor[2]
      Executing JsonResult, writing value of type '<>f__AnonymousType15`3[[System.String, System.Private.CoreLib, Version=9.0.0.0, Culture=neutral, PublicKeyToken=7cec85d7bea7798e],[System.String, System.Private.CoreLib, Version=9.0.0.0, Culture=neutral, PublicKeyToken=7cec85d7bea7798e],[System.String, System.Private.CoreLib, Version=9.0.0.0, Culture=neutral, PublicKeyToken=7cec85d7bea7798e]]'.
info: Microsoft.AspNetCore.Mvc.Infrastructure.ControllerActionInvoker[102]
      Route matched with {area = "Admin", action = "GetLatestSmartInjectorData", controller = "Product"}. Executing controller action with signature System.Threading.Tasks.Task`1[Microsoft.AspNetCore.Mvc.IActionResult] GetLatestSmartInjectorData(Int32) on controller Nop.Web.Areas.Admin.Controllers.ProductController (Nop.Web).
info: Microsoft.AspNetCore.Mvc.Infrastructure.ControllerActionInvoker[105]
      Executed action Nop.Web.Areas.Admin.Controllers.ProductController.GetLatestSmartInjectorData (Nop.Web) in 1394.9901ms
info: Microsoft.AspNetCore.Routing.EndpointMiddleware[1]
      Executed endpoint 'Nop.Web.Areas.Admin.Controllers.ProductController.GetLatestSmartInjectorData (Nop.Web)'
info: Microsoft.AspNetCore.Hosting.Diagnostics[2]
      Request finished HTTP/2 GET https://localhost:44376/Admin/Product/GetLatestSmartInjectorData?productId=2&_=1789985195733 - 200 - application/json;+charset=utf-8 3417.0774ms
info: Microsoft.AspNetCore.Hosting.Diagnostics[1]
      Request starting HTTP/2 POST https://localhost:44376/Admin/Product/CustomProductAttributeCombinationList?ProductId=2 - application/x-www-form-urlencoded;+charset=UTF-8 3209
info: Microsoft.AspNetCore.Hosting.Diagnostics[1]
      Request starting HTTP/2 GET https://localhost:44376/images/thumbs/0390391_peoria-solid-wood-square-dining-table-set_75.jpeg - - -
info: Microsoft.AspNetCore.Hosting.Diagnostics[1]
      Request starting HTTP/2 GET https://localhost:44376/images/thumbs/0390393_peoria-solid-wood-square-dining-table-set_75.jpeg - - -
info: Microsoft.AspNetCore.Hosting.Diagnostics[1]
      Request starting HTTP/2 GET https://localhost:44376/images/thumbs/0390392_peoria-solid-wood-square-dining-table-set_75.jpeg - - -
info: Microsoft.AspNetCore.Routing.EndpointMiddleware[0]
      Executing endpoint 'Nop.Web.Areas.Admin.Controllers.ProductController.CustomProductAttributeCombinationList (Nop.Web)'
info: Microsoft.AspNetCore.Mvc.Infrastructure.ControllerActionInvoker[102]
      Route matched with {area = "Admin", action = "CustomProductAttributeCombinationList", controller = "Product"}. Executing controller action with signature System.Threading.Tasks.Task`1[Microsoft.AspNetCore.Mvc.IActionResult] CustomProductAttributeCombinationList(Nop.Web.Areas.Admin.Models.Catalog.ProductAttributeCombinationSearchModel) on controller Nop.Web.Areas.Admin.Controllers.ProductController (Nop.Web).
info: Microsoft.AspNetCore.Hosting.Diagnostics[2]
      Request finished HTTP/2 GET https://localhost:44376/images/thumbs/0390393_peoria-solid-wood-square-dining-table-set_75.jpeg - 404 - - 1382.5753ms
info: Microsoft.AspNetCore.Hosting.Diagnostics[16]
      Request reached the end of the middleware pipeline without being handled by application code. Request path: GET https://localhost:44376/images/thumbs/0390393_peoria-solid-wood-square-dining-table-set_75.jpeg, Response status code: 404
info: Microsoft.AspNetCore.Hosting.Diagnostics[1]
      Request starting HTTP/2 GET https://localhost:44376/images/thumbs/0390394_peoria-solid-wood-square-dining-table-set_75.jpeg - - -
info: Microsoft.AspNetCore.Hosting.Diagnostics[2]
      Request finished HTTP/2 GET https://localhost:44376/images/thumbs/0390392_peoria-solid-wood-square-dining-table-set_75.jpeg - 404 - - 1743.1500ms
info: Microsoft.AspNetCore.Hosting.Diagnostics[1]
      Request starting HTTP/2 GET https://localhost:44376/images/thumbs/0390395_peoria-solid-wood-square-dining-table-set_75.jpeg - - -
info: Microsoft.AspNetCore.Hosting.Diagnostics[16]
      Request reached the end of the middleware pipeline without being handled by application code. Request path: GET https://localhost:44376/images/thumbs/0390392_peoria-solid-wood-square-dining-table-set_75.jpeg, Response status code: 404
info: Microsoft.AspNetCore.Mvc.NewtonsoftJson.NewtonsoftJsonResultExecutor[2]
      Executing JsonResult, writing value of type '<>f__AnonymousType15`3[[System.String, System.Private.CoreLib, Version=9.0.0.0, Culture=neutral, PublicKeyToken=7cec85d7bea7798e],[System.String, System.Private.CoreLib, Version=9.0.0.0, Culture=neutral, PublicKeyToken=7cec85d7bea7798e],[System.String, System.Private.CoreLib, Version=9.0.0.0, Culture=neutral, PublicKeyToken=7cec85d7bea7798e]]'.
info: Microsoft.AspNetCore.Mvc.Infrastructure.ControllerActionInvoker[105]
      Executed action Nop.Web.Areas.Admin.Controllers.ProductController.GetLatestSmartInjectorData (Nop.Web) in 2243.923ms
info: Microsoft.AspNetCore.Routing.EndpointMiddleware[1]
      Executed endpoint 'Nop.Web.Areas.Admin.Controllers.ProductController.GetLatestSmartInjectorData (Nop.Web)'
info: Microsoft.AspNetCore.Hosting.Diagnostics[2]
      Request finished HTTP/2 GET https://localhost:44376/Admin/Product/GetLatestSmartInjectorData?productId=2&_=1789985195734 - 200 - application/json;+charset=utf-8 3531.7779ms
info: Microsoft.AspNetCore.Hosting.Diagnostics[1]
      Request starting HTTP/2 POST https://localhost:44376/Admin/Product/CustomProductAttributeCombinationList?ProductId=2 - application/x-www-form-urlencoded;+charset=UTF-8 3209
info: Microsoft.AspNetCore.Mvc.NewtonsoftJson.NewtonsoftJsonResultExecutor[2]
      Executing JsonResult, writing value of type 'Nop.Web.Areas.Admin.Models.Catalog.ProductAttributeCombinationListModel'.
info: Microsoft.AspNetCore.Mvc.Infrastructure.ControllerActionInvoker[105]
      Executed action Nop.Web.Areas.Admin.Controllers.ProductController.ProductAttributeCombinationList (Nop.Web) in 4021.2785ms
info: Microsoft.AspNetCore.Routing.EndpointMiddleware[0]
      Executing endpoint 'Nop.Web.Areas.Admin.Controllers.ProductController.CustomProductAttributeCombinationList (Nop.Web)'
info: Microsoft.AspNetCore.Routing.EndpointMiddleware[1]
      Executed endpoint 'Nop.Web.Areas.Admin.Controllers.ProductController.ProductAttributeCombinationList (Nop.Web)'
info: Microsoft.AspNetCore.Hosting.Diagnostics[2]
      Request finished HTTP/2 POST https://localhost:44376/Admin/Product/ProductAttributeCombinationList?ProductId=2 - 200 - application/json;+charset=utf-8 4630.7517ms
info: Microsoft.AspNetCore.Mvc.Infrastructure.ControllerActionInvoker[102]
      Route matched with {area = "Admin", action = "CustomProductAttributeCombinationList", controller = "Product"}. Executing controller action with signature System.Threading.Tasks.Task`1[Microsoft.AspNetCore.Mvc.IActionResult] CustomProductAttributeCombinationList(Nop.Web.Areas.Admin.Models.Catalog.ProductAttributeCombinationSearchModel) on controller Nop.Web.Areas.Admin.Controllers.ProductController (Nop.Web).
info: Microsoft.AspNetCore.Hosting.Diagnostics[2]
      Request finished HTTP/2 GET https://localhost:44376/images/thumbs/0390391_peoria-solid-wood-square-dining-table-set_75.jpeg - 404 - - 2776.2425ms
info: Microsoft.AspNetCore.Hosting.Diagnostics[16]
      Request reached the end of the middleware pipeline without being handled by application code. Request path: GET https://localhost:44376/images/thumbs/0390391_peoria-solid-wood-square-dining-table-set_75.jpeg, Response status code: 404
info: Microsoft.AspNetCore.Hosting.Diagnostics[1]
      Request starting HTTP/2 GET https://localhost:44376/images/thumbs/0390396_peoria-solid-wood-square-dining-table-set_75.jpeg - - -
info: Microsoft.AspNetCore.Hosting.Diagnostics[1]
      Request starting HTTP/2 GET https://localhost:44376/Admin/Product/GetLatestSmartInjectorData?productId=2&_=1789985195735 - - -
info: Microsoft.AspNetCore.Hosting.Diagnostics[2]
      Request finished HTTP/2 GET https://localhost:44376/images/thumbs/0390394_peoria-solid-wood-square-dining-table-set_75.jpeg - 404 - - 1464.8311ms
info: Microsoft.AspNetCore.Hosting.Diagnostics[2]
      Request finished HTTP/2 GET https://localhost:44376/images/thumbs/0390395_peoria-solid-wood-square-dining-table-set_75.jpeg - 404 - - 1126.1641ms
info: Microsoft.AspNetCore.Hosting.Diagnostics[16]
      Request reached the end of the middleware pipeline without being handled by application code. Request path: GET https://localhost:44376/images/thumbs/0390395_peoria-solid-wood-square-dining-table-set_75.jpeg, Response status code: 404
info: Microsoft.AspNetCore.Hosting.Diagnostics[1]
      Request starting HTTP/2 GET https://localhost:44376/images/thumbs/0390397_peoria-solid-wood-square-dining-table-set_75.jpeg - - -
info: Microsoft.AspNetCore.Hosting.Diagnostics[1]
      Request starting HTTP/2 GET https://localhost:44376/images/thumbs/0431791_peoria-solid-wood-square-dining-table-set-for-8_75.jpeg - - -
info: Microsoft.AspNetCore.Hosting.Diagnostics[16]
      Request reached the end of the middleware pipeline without being handled by application code. Request path: GET https://localhost:44376/images/thumbs/0390394_peoria-solid-wood-square-dining-table-set_75.jpeg, Response status code: 404
info: Microsoft.AspNetCore.Hosting.Diagnostics[2]
      Request finished HTTP/2 GET https://localhost:44376/images/thumbs/0390396_peoria-solid-wood-square-dining-table-set_75.jpeg - 404 - - 899.5644ms
info: Microsoft.AspNetCore.Hosting.Diagnostics[16]
      Request reached the end of the middleware pipeline without being handled by application code. Request path: GET https://localhost:44376/images/thumbs/0390396_peoria-solid-wood-square-dining-table-set_75.jpeg, Response status code: 404
info: Microsoft.AspNetCore.Hosting.Diagnostics[1]
      Request starting HTTP/2 GET https://localhost:44376/images/thumbs/0431792_peoria-solid-wood-square-dining-table-set-for-8_75.jpeg - - -
info: Microsoft.AspNetCore.Hosting.Diagnostics[2]
      Request finished HTTP/2 GET https://localhost:44376/images/thumbs/0431791_peoria-solid-wood-square-dining-table-set-for-8_75.jpeg - 404 - - 808.2521ms
info: Microsoft.AspNetCore.Hosting.Diagnostics[16]
      Request reached the end of the middleware pipeline without being handled by application code. Request path: GET https://localhost:44376/images/thumbs/0431791_peoria-solid-wood-square-dining-table-set-for-8_75.jpeg, Response status code: 404
info: Microsoft.AspNetCore.Hosting.Diagnostics[2]
      Request finished HTTP/2 GET https://localhost:44376/images/thumbs/0390397_peoria-solid-wood-square-dining-table-set_75.jpeg - 404 - - 828.3302ms
info: Microsoft.AspNetCore.Hosting.Diagnostics[1]
      Request starting HTTP/2 GET https://localhost:44376/images/thumbs/0431793_peoria-solid-wood-square-dining-table-set-for-8_75.jpeg - - -
info: Microsoft.AspNetCore.Hosting.Diagnostics[1]
      Request starting HTTP/2 GET https://localhost:44376/images/thumbs/0431794_peoria-solid-wood-square-dining-table-set-for-8_75.jpeg - - -
info: Microsoft.AspNetCore.Routing.EndpointMiddleware[0]
      Executing endpoint 'Nop.Web.Areas.Admin.Controllers.ProductController.GetLatestSmartInjectorData (Nop.Web)'
info: Microsoft.AspNetCore.Hosting.Diagnostics[16]
      Request reached the end of the middleware pipeline without being handled by application code. Request path: GET https://localhost:44376/images/thumbs/0390397_peoria-solid-wood-square-dining-table-set_75.jpeg, Response status code: 404
info: Microsoft.AspNetCore.Mvc.NewtonsoftJson.NewtonsoftJsonResultExecutor[2]
      Executing JsonResult, writing value of type 'Nop.Web.Areas.Admin.Models.Catalog.ProductAttributeCombinationListModel'.
info: Microsoft.AspNetCore.Mvc.Infrastructure.ControllerActionInvoker[105]
      Executed action Nop.Web.Areas.Admin.Controllers.ProductController.CustomProductAttributeCombinationList (Nop.Web) in 3470.2885ms
info: Microsoft.AspNetCore.Routing.EndpointMiddleware[1]
      Executed endpoint 'Nop.Web.Areas.Admin.Controllers.ProductController.CustomProductAttributeCombinationList (Nop.Web)'
info: Microsoft.AspNetCore.Mvc.Infrastructure.ControllerActionInvoker[102]
      Route matched with {area = "Admin", action = "GetLatestSmartInjectorData", controller = "Product"}. Executing controller action with signature System.Threading.Tasks.Task`1[Microsoft.AspNetCore.Mvc.IActionResult] GetLatestSmartInjectorData(Int32) on controller Nop.Web.Areas.Admin.Controllers.ProductController (Nop.Web).
info: Microsoft.AspNetCore.Hosting.Diagnostics[2]
      Request finished HTTP/2 POST https://localhost:44376/Admin/Product/CustomProductAttributeCombinationList?ProductId=2 - 200 - application/json;+charset=utf-8 4367.4671ms
info: Microsoft.AspNetCore.Hosting.Diagnostics[2]
      Request finished HTTP/2 GET https://localhost:44376/images/thumbs/0431792_peoria-solid-wood-square-dining-table-set-for-8_75.jpeg - 404 - - 1014.2915ms
info: Microsoft.AspNetCore.Hosting.Diagnostics[16]
      Request reached the end of the middleware pipeline without being handled by application code. Request path: GET https://localhost:44376/images/thumbs/0431792_peoria-solid-wood-square-dining-table-set-for-8_75.jpeg, Response status code: 404
info: Microsoft.AspNetCore.Hosting.Diagnostics[2]
      Request finished HTTP/2 GET https://localhost:44376/images/thumbs/0431793_peoria-solid-wood-square-dining-table-set-for-8_75.jpeg - 404 - - 976.4251ms
info: Microsoft.AspNetCore.Hosting.Diagnostics[1]
      Request starting HTTP/2 GET https://localhost:44376/images/thumbs/0390392_peoria-solid-wood-square-dining-table-set_75.jpeg - - -
info: Microsoft.AspNetCore.Hosting.Diagnostics[16]
      Request reached the end of the middleware pipeline without being handled by application code. Request path: GET https://localhost:44376/images/thumbs/0431793_peoria-solid-wood-square-dining-table-set-for-8_75.jpeg, Response status code: 404
info: Microsoft.AspNetCore.Hosting.Diagnostics[1]
      Request starting HTTP/2 GET https://localhost:44376/images/thumbs/0390393_peoria-solid-wood-square-dining-table-set_75.jpeg - - -
info: Microsoft.AspNetCore.Hosting.Diagnostics[2]
      Request finished HTTP/2 GET https://localhost:44376/images/thumbs/0431794_peoria-solid-wood-square-dining-table-set-for-8_75.jpeg - 404 - - 1034.5880ms
info: Microsoft.AspNetCore.Hosting.Diagnostics[16]
      Request reached the end of the middleware pipeline without being handled by application code. Request path: GET https://localhost:44376/images/thumbs/0431794_peoria-solid-wood-square-dining-table-set-for-8_75.jpeg, Response status code: 404
info: Microsoft.AspNetCore.Hosting.Diagnostics[2]
      Request finished HTTP/2 GET https://localhost:44376/images/thumbs/0390392_peoria-solid-wood-square-dining-table-set_75.jpeg - 404 - - 737.6692ms
info: Microsoft.AspNetCore.Hosting.Diagnostics[16]
      Request reached the end of the middleware pipeline without being handled by application code. Request path: GET https://localhost:44376/images/thumbs/0390392_peoria-solid-wood-square-dining-table-set_75.jpeg, Response status code: 404
info: Microsoft.AspNetCore.Hosting.Diagnostics[2]
      Request finished HTTP/2 GET https://localhost:44376/images/thumbs/0390393_peoria-solid-wood-square-dining-table-set_75.jpeg - 404 - - 784.0636ms
info: Microsoft.AspNetCore.Hosting.Diagnostics[16]
      Request reached the end of the middleware pipeline without being handled by application code. Request path: GET https://localhost:44376/images/thumbs/0390393_peoria-solid-wood-square-dining-table-set_75.jpeg, Response status code: 404
info: Microsoft.AspNetCore.Mvc.NewtonsoftJson.NewtonsoftJsonResultExecutor[2]
      Executing JsonResult, writing value of type '<>f__AnonymousType15`3[[System.String, System.Private.CoreLib, Version=9.0.0.0, Culture=neutral, PublicKeyToken=7cec85d7bea7798e],[System.String, System.Private.CoreLib, Version=9.0.0.0, Culture=neutral, PublicKeyToken=7cec85d7bea7798e],[System.String, System.Private.CoreLib, Version=9.0.0.0, Culture=neutral, PublicKeyToken=7cec85d7bea7798e]]'.
info: Microsoft.AspNetCore.Mvc.Infrastructure.ControllerActionInvoker[105]
      Executed action Nop.Web.Areas.Admin.Controllers.ProductController.GetLatestSmartInjectorData (Nop.Web) in 1388.8753ms
info: Microsoft.AspNetCore.Routing.EndpointMiddleware[1]
      Executed endpoint 'Nop.Web.Areas.Admin.Controllers.ProductController.GetLatestSmartInjectorData (Nop.Web)'
info: Microsoft.AspNetCore.Hosting.Diagnostics[2]
      Request finished HTTP/2 GET https://localhost:44376/Admin/Product/GetLatestSmartInjectorData?productId=2&_=1789985195735 - 200 - application/json;+charset=utf-8 2872.0538ms
info: Microsoft.AspNetCore.Hosting.Diagnostics[1]
      Request starting HTTP/2 POST https://localhost:44376/Admin/Product/CustomProductAttributeCombinationList?ProductId=2 - application/x-www-form-urlencoded;+charset=UTF-8 3209
info: Microsoft.AspNetCore.Hosting.Diagnostics[1]
      Request starting HTTP/2 GET https://localhost:44376/images/thumbs/0390391_peoria-solid-wood-square-dining-table-set_75.jpeg - - -
info: Microsoft.AspNetCore.Hosting.Diagnostics[1]
      Request starting HTTP/2 GET https://localhost:44376/images/thumbs/0390392_peoria-solid-wood-square-dining-table-set_75.jpeg - - -
info: Microsoft.AspNetCore.Hosting.Diagnostics[1]
      Request starting HTTP/2 GET https://localhost:44376/images/thumbs/0390393_peoria-solid-wood-square-dining-table-set_75.jpeg - - -
info: System.Net.Http.HttpClient.default.LogicalHandler[100]
      Start processing HTTP request POST https://localhost:44399/scheduletask/runtask
info: System.Net.Http.HttpClient.default.ClientHandler[100]
      Sending HTTP request POST https://localhost:44399/scheduletask/runtask
info: Microsoft.AspNetCore.Routing.EndpointMiddleware[0]
      Executing endpoint 'Nop.Web.Areas.Admin.Controllers.ProductController.CustomProductAttributeCombinationList (Nop.Web)'
info: Microsoft.AspNetCore.Mvc.Infrastructure.ControllerActionInvoker[102]
      Route matched with {area = "Admin", action = "CustomProductAttributeCombinationList", controller = "Product"}. Executing controller action with signature System.Threading.Tasks.Task`1[Microsoft.AspNetCore.Mvc.IActionResult] CustomProductAttributeCombinationList(Nop.Web.Areas.Admin.Models.Catalog.ProductAttributeCombinationSearchModel) on controller Nop.Web.Areas.Admin.Controllers.ProductController (Nop.Web).
info: Microsoft.AspNetCore.Mvc.NewtonsoftJson.NewtonsoftJsonResultExecutor[2]
      Executing JsonResult, writing value of type 'Nop.Web.Areas.Admin.Models.Catalog.ProductAttributeCombinationListModel'.
info: Microsoft.AspNetCore.Mvc.Infrastructure.ControllerActionInvoker[105]
      Executed action Nop.Web.Areas.Admin.Controllers.ProductController.CustomProductAttributeCombinationList (Nop.Web) in 3759.1508ms
info: Microsoft.AspNetCore.Routing.EndpointMiddleware[1]
      Executed endpoint 'Nop.Web.Areas.Admin.Controllers.ProductController.CustomProductAttributeCombinationList (Nop.Web)'
info: Microsoft.AspNetCore.Hosting.Diagnostics[2]
      Request finished HTTP/2 POST https://localhost:44376/Admin/Product/CustomProductAttributeCombinationList?ProductId=2 - 200 - application/json;+charset=utf-8 4353.5092ms
info: System.Net.Http.HttpClient.default.ClientHandler[101]
      Received HTTP response headers after 454.5185ms - 404
info: System.Net.Http.HttpClient.default.LogicalHandler[101]
      End processing HTTP request after 565.3808ms - 404
info: Microsoft.AspNetCore.Hosting.Diagnostics[2]
      Request finished HTTP/2 GET https://localhost:44376/images/thumbs/0390391_peoria-solid-wood-square-dining-table-set_75.jpeg - 404 - - 861.9599ms
info: Microsoft.AspNetCore.Hosting.Diagnostics[16]
      Request reached the end of the middleware pipeline without being handled by application code. Request path: GET https://localhost:44376/images/thumbs/0390391_peoria-solid-wood-square-dining-table-set_75.jpeg, Response status code: 404
info: Microsoft.AspNetCore.Hosting.Diagnostics[2]
      Request finished HTTP/2 GET https://localhost:44376/images/thumbs/0390392_peoria-solid-wood-square-dining-table-set_75.jpeg - 404 - - 864.5995ms
info: Microsoft.AspNetCore.Hosting.Diagnostics[2]
      Request finished HTTP/2 GET https://localhost:44376/images/thumbs/0390393_peoria-solid-wood-square-dining-table-set_75.jpeg - 404 - - 864.5741ms
info: Microsoft.AspNetCore.Hosting.Diagnostics[16]
      Request reached the end of the middleware pipeline without being handled by application code. Request path: GET https://localhost:44376/images/thumbs/0390392_peoria-solid-wood-square-dining-table-set_75.jpeg, Response status code: 404
info: Microsoft.AspNetCore.Hosting.Diagnostics[16]
      Request reached the end of the middleware pipeline without being handled by application code. Request path: GET https://localhost:44376/images/thumbs/0390393_peoria-solid-wood-square-dining-table-set_75.jpeg, Response status code: 404
info: Microsoft.AspNetCore.Hosting.Diagnostics[1]
      Request starting HTTP/2 GET https://localhost:44376/images/thumbs/0390394_peoria-solid-wood-square-dining-table-set_75.jpeg - - -
info: Microsoft.AspNetCore.Hosting.Diagnostics[1]
      Request starting HTTP/2 GET https://localhost:44376/images/thumbs/0390395_peoria-solid-wood-square-dining-table-set_75.jpeg - - -
info: Microsoft.AspNetCore.Hosting.Diagnostics[1]
      Request starting HTTP/2 GET https://localhost:44376/images/thumbs/0390396_peoria-solid-wood-square-dining-table-set_75.jpeg - - -
info: Microsoft.AspNetCore.Hosting.Diagnostics[2]
      Request finished HTTP/2 GET https://localhost:44376/images/thumbs/0390394_peoria-solid-wood-square-dining-table-set_75.jpeg - 404 - - 720.4133ms
info: Microsoft.AspNetCore.Hosting.Diagnostics[16]
      Request reached the end of the middleware pipeline without being handled by application code. Request path: GET https://localhost:44376/images/thumbs/0390394_peoria-solid-wood-square-dining-table-set_75.jpeg, Response status code: 404
info: Microsoft.AspNetCore.Hosting.Diagnostics[1]
      Request starting HTTP/2 GET https://localhost:44376/images/thumbs/0390397_peoria-solid-wood-square-dining-table-set_75.jpeg - - -
info: Microsoft.AspNetCore.Hosting.Diagnostics[2]
      Request finished HTTP/2 GET https://localhost:44376/images/thumbs/0390396_peoria-solid-wood-square-dining-table-set_75.jpeg - 404 - - 841.2871ms
info: Microsoft.AspNetCore.Hosting.Diagnostics[2]
      Request finished HTTP/2 GET https://localhost:44376/images/thumbs/0390395_peoria-solid-wood-square-dining-table-set_75.jpeg - 404 - - 858.3815ms
info: Microsoft.AspNetCore.Hosting.Diagnostics[1]
      Request starting HTTP/2 GET https://localhost:44376/images/thumbs/0431791_peoria-solid-wood-square-dining-table-set-for-8_75.jpeg - - -
info: Microsoft.AspNetCore.Hosting.Diagnostics[16]
      Request reached the end of the middleware pipeline without being handled by application code. Request path: GET https://localhost:44376/images/thumbs/0390396_peoria-solid-wood-square-dining-table-set_75.jpeg, Response status code: 404
info: Microsoft.AspNetCore.Hosting.Diagnostics[1]
      Request starting HTTP/2 GET https://localhost:44376/images/thumbs/0431792_peoria-solid-wood-square-dining-table-set-for-8_75.jpeg - - -
info: Microsoft.AspNetCore.Hosting.Diagnostics[16]
      Request reached the end of the middleware pipeline without being handled by application code. Request path: GET https://localhost:44376/images/thumbs/0390395_peoria-solid-wood-square-dining-table-set_75.jpeg, Response status code: 404
info: Microsoft.AspNetCore.Mvc.NewtonsoftJson.NewtonsoftJsonResultExecutor[2]
      Executing JsonResult, writing value of type 'Nop.Web.Areas.Admin.Models.Catalog.ProductAttributeCombinationListModel'.
info: Microsoft.AspNetCore.Mvc.Infrastructure.ControllerActionInvoker[105]
      Executed action Nop.Web.Areas.Admin.Controllers.ProductController.CustomProductAttributeCombinationList (Nop.Web) in 1432.9387ms
info: Microsoft.AspNetCore.Routing.EndpointMiddleware[1]
      Executed endpoint 'Nop.Web.Areas.Admin.Controllers.ProductController.CustomProductAttributeCombinationList (Nop.Web)'
info: Microsoft.AspNetCore.Hosting.Diagnostics[2]
      Request finished HTTP/2 GET https://localhost:44376/images/thumbs/0390397_peoria-solid-wood-square-dining-table-set_75.jpeg - 404 - - 639.7797ms
info: Microsoft.AspNetCore.Hosting.Diagnostics[16]
      Request reached the end of the middleware pipeline without being handled by application code. Request path: GET https://localhost:44376/images/thumbs/0390397_peoria-solid-wood-square-dining-table-set_75.jpeg, Response status code: 404
info: Microsoft.AspNetCore.Hosting.Diagnostics[2]
      Request finished HTTP/2 POST https://localhost:44376/Admin/Product/CustomProductAttributeCombinationList?ProductId=2 - 200 - application/json;+charset=utf-8 2264.9933ms
info: Microsoft.AspNetCore.Hosting.Diagnostics[1]
      Request starting HTTP/2 GET https://localhost:44376/images/thumbs/0431793_peoria-solid-wood-square-dining-table-set-for-8_75.jpeg - - -
info: Microsoft.AspNetCore.Hosting.Diagnostics[2]
      Request finished HTTP/2 GET https://localhost:44376/images/thumbs/0431791_peoria-solid-wood-square-dining-table-set-for-8_75.jpeg - 404 - - 651.2169ms
info: Microsoft.AspNetCore.Hosting.Diagnostics[2]
      Request finished HTTP/2 GET https://localhost:44376/images/thumbs/0431792_peoria-solid-wood-square-dining-table-set-for-8_75.jpeg - 404 - - 593.8845ms
info: Microsoft.AspNetCore.Hosting.Diagnostics[16]
      Request reached the end of the middleware pipeline without being handled by application code. Request path: GET https://localhost:44376/images/thumbs/0431791_peoria-solid-wood-square-dining-table-set-for-8_75.jpeg, Response status code: 404
info: Microsoft.AspNetCore.Hosting.Diagnostics[16]
      Request reached the end of the middleware pipeline without being handled by application code. Request path: GET https://localhost:44376/images/thumbs/0431792_peoria-solid-wood-square-dining-table-set-for-8_75.jpeg, Response status code: 404
info: Microsoft.AspNetCore.Hosting.Diagnostics[1]
      Request starting HTTP/2 GET https://localhost:44376/images/thumbs/0431794_peoria-solid-wood-square-dining-table-set-for-8_75.jpeg - - -
info: Microsoft.AspNetCore.Hosting.Diagnostics[2]
      Request finished HTTP/2 GET https://localhost:44376/images/thumbs/0431793_peoria-solid-wood-square-dining-table-set-for-8_75.jpeg - 404 - - 370.0783ms
info: Microsoft.AspNetCore.Hosting.Diagnostics[16]
      Request reached the end of the middleware pipeline without being handled by application code. Request path: GET https://localhost:44376/images/thumbs/0431793_peoria-solid-wood-square-dining-table-set-for-8_75.jpeg, Response status code: 404
info: Microsoft.AspNetCore.Hosting.Diagnostics[2]
      Request finished HTTP/2 GET https://localhost:44376/images/thumbs/0431794_peoria-solid-wood-square-dining-table-set-for-8_75.jpeg - 404 - - 279.8412ms
info: Microsoft.AspNetCore.Hosting.Diagnostics[16]
      Request reached the end of the middleware pipeline without being handled by application code. Request path: GET https://localhost:44376/images/thumbs/0431794_peoria-solid-wood-square-dining-table-set-for-8_75.jpeg, Response status code: 404
info: Microsoft.AspNetCore.Mvc.ViewFeatures.ViewResultExecutor[1]
      Executing ViewResult, running view List.
info: Microsoft.AspNetCore.Mvc.ViewFeatures.ViewResultExecutor[4]
      Executed ViewResult - view List executed in 9724.3617ms.
info: Microsoft.AspNetCore.Mvc.Infrastructure.ControllerActionInvoker[105]
      Executed action MWT.Plugin.Misc.MwtStorefront.Areas.CustomOrder.Controllers.OrderController.List (MWT.Plugin.Misc.MwtStorefront) in 18041.9075ms
info: Microsoft.AspNetCore.Routing.EndpointMiddleware[1]
      Executed endpoint 'MWT.Plugin.Misc.MwtStorefront.Areas.CustomOrder.Controllers.OrderController.List (MWT.Plugin.Misc.MwtStorefront)'
info: Microsoft.AspNetCore.Hosting.Diagnostics[2]
      Request finished HTTP/2 GET https://localhost:44376/CustomOrder/Order/List - 200 - text/html;+charset=utf-8 24813.5575ms
info: Microsoft.AspNetCore.Hosting.Diagnostics[1]
      Request starting HTTP/2 GET https://localhost:44376/.well-known/appspecific/com.chrome.devtools.json - - -
info: Microsoft.AspNetCore.Hosting.Diagnostics[2]
      Request finished HTTP/2 GET https://localhost:44376/.well-known/appspecific/com.chrome.devtools.json - 404 - - 124.0901ms
info: Microsoft.AspNetCore.Hosting.Diagnostics[16]
      Request reached the end of the middleware pipeline without being handled by application code. Request path: GET https://localhost:44376/.well-known/appspecific/com.chrome.devtools.json, Response status code: 404
info: Microsoft.AspNetCore.Hosting.Diagnostics[1]
      Request starting HTTP/2 GET https://localhost:44376/_framework/aspnetcore-browser-refresh.js - - -
info: Microsoft.AspNetCore.Hosting.Diagnostics[2]
      Request finished HTTP/2 GET https://localhost:44376/_framework/aspnetcore-browser-refresh.js - 200 16499 application/javascript;+charset=utf-8 3.5856ms
info: Microsoft.AspNetCore.Hosting.Diagnostics[1]
      Request starting HTTP/2 GET https://localhost:44376/_vs/browserLink - - -
info: Microsoft.AspNetCore.Hosting.Diagnostics[2]
      Request finished HTTP/2 GET https://localhost:44376/_vs/browserLink - 200 - text/javascript;+charset=UTF-8 9.9244ms
info: Microsoft.AspNetCore.Hosting.Diagnostics[1]
      Request starting HTTP/2 GET https://localhost:44376/css/Customizations/Areas/fonts/TT Norms Pro Regular.woff - - -
info: Microsoft.AspNetCore.Hosting.Diagnostics[1]
      Request starting HTTP/2 GET https://localhost:44376/css/Customizations/Areas/CustomOrder/bootstrap.min.css.map - - -
info: Microsoft.AspNetCore.Hosting.Diagnostics[1]
      Request starting HTTP/2 POST https://localhost:44376/CustomOrder/Order/OrderList - application/x-www-form-urlencoded;+charset=UTF-8 2767
info: Microsoft.AspNetCore.Routing.EndpointMiddleware[0]
      Executing endpoint 'MWT.Plugin.Misc.MwtStorefront.Areas.CustomOrder.Controllers.OrderController.OrderList (MWT.Plugin.Misc.MwtStorefront)'
info: Microsoft.AspNetCore.Hosting.Diagnostics[2]
      Request finished HTTP/2 GET https://localhost:44376/css/Customizations/Areas/fonts/TT Norms Pro Regular.woff - 404 - - 470.7938ms
info: Microsoft.AspNetCore.Hosting.Diagnostics[16]
      Request reached the end of the middleware pipeline without being handled by application code. Request path: GET https://localhost:44376/css/Customizations/Areas/fonts/TT%20Norms%20Pro%20Regular.woff, Response status code: 404
info: Microsoft.AspNetCore.Hosting.Diagnostics[2]
      Request finished HTTP/2 GET https://localhost:44376/css/Customizations/Areas/CustomOrder/bootstrap.min.css.map - 404 - - 457.8337ms
info: Microsoft.AspNetCore.Hosting.Diagnostics[16]
      Request reached the end of the middleware pipeline without being handled by application code. Request path: GET https://localhost:44376/css/Customizations/Areas/CustomOrder/bootstrap.min.css.map, Response status code: 404
info: Microsoft.AspNetCore.Mvc.Infrastructure.ControllerActionInvoker[102]
      Route matched with {area = "CustomOrder", action = "OrderList", controller = "Order"}. Executing controller action with signature System.Threading.Tasks.Task`1[Microsoft.AspNetCore.Mvc.IActionResult] OrderList(MWT.Plugin.Misc.MwtStorefront.Areas.CustomOrder.Models.Orders.CustomOrderSearchModel, Boolean) on controller MWT.Plugin.Misc.MwtStorefront.Areas.CustomOrder.Controllers.OrderController (MWT.Plugin.Misc.MwtStorefront).
info: Microsoft.AspNetCore.Mvc.NewtonsoftJson.NewtonsoftJsonResultExecutor[2]
      Executing JsonResult, writing value of type 'MWT.Plugin.Misc.MwtStorefront.Areas.CustomOrder.Models.Orders.CustomOrderListModel'.
info: Microsoft.AspNetCore.Mvc.Infrastructure.ControllerActionInvoker[105]
      Executed action MWT.Plugin.Misc.MwtStorefront.Areas.CustomOrder.Controllers.OrderController.OrderList (MWT.Plugin.Misc.MwtStorefront) in 349.3447ms
info: Microsoft.AspNetCore.Routing.EndpointMiddleware[1]
      Executed endpoint 'MWT.Plugin.Misc.MwtStorefront.Areas.CustomOrder.Controllers.OrderController.OrderList (MWT.Plugin.Misc.MwtStorefront)'
info: Microsoft.AspNetCore.Hosting.Diagnostics[2]
      Request finished HTTP/2 POST https://localhost:44376/CustomOrder/Order/OrderList - 200 - application/json;+charset=utf-8 808.6643ms
info: Microsoft.AspNetCore.Hosting.Diagnostics[1]
      Request starting HTTP/2 POST https://localhost:44376/CustomOrder/Order/OrderList - application/x-www-form-urlencoded;+charset=UTF-8 2766
info: Microsoft.AspNetCore.Routing.EndpointMiddleware[0]
      Executing endpoint 'MWT.Plugin.Misc.MwtStorefront.Areas.CustomOrder.Controllers.OrderController.OrderList (MWT.Plugin.Misc.MwtStorefront)'
info: Microsoft.AspNetCore.Mvc.Infrastructure.ControllerActionInvoker[102]
      Route matched with {area = "CustomOrder", action = "OrderList", controller = "Order"}. Executing controller action with signature System.Threading.Tasks.Task`1[Microsoft.AspNetCore.Mvc.IActionResult] OrderList(MWT.Plugin.Misc.MwtStorefront.Areas.CustomOrder.Models.Orders.CustomOrderSearchModel, Boolean) on controller MWT.Plugin.Misc.MwtStorefront.Areas.CustomOrder.Controllers.OrderController (MWT.Plugin.Misc.MwtStorefront).
info: Microsoft.AspNetCore.Mvc.NewtonsoftJson.NewtonsoftJsonResultExecutor[2]
      Executing JsonResult, writing value of type 'MWT.Plugin.Misc.MwtStorefront.Areas.CustomOrder.Models.Orders.CustomOrderListModel'.
info: Microsoft.AspNetCore.Mvc.Infrastructure.ControllerActionInvoker[105]
      Executed action MWT.Plugin.Misc.MwtStorefront.Areas.CustomOrder.Controllers.OrderController.OrderList (MWT.Plugin.Misc.MwtStorefront) in 301.5373ms
info: Microsoft.AspNetCore.Routing.EndpointMiddleware[1]
      Executed endpoint 'MWT.Plugin.Misc.MwtStorefront.Areas.CustomOrder.Controllers.OrderController.OrderList (MWT.Plugin.Misc.MwtStorefront)'
info: Microsoft.AspNetCore.Hosting.Diagnostics[2]
      Request finished HTTP/2 POST https://localhost:44376/CustomOrder/Order/OrderList - 200 - application/json;+charset=utf-8 416.3607ms
info: System.Net.Http.HttpClient.default.LogicalHandler[100]
      Start processing HTTP request POST https://localhost:44399/scheduletask/runtask
info: System.Net.Http.HttpClient.default.ClientHandler[100]
      Sending HTTP request POST https://localhost:44399/scheduletask/runtask
info: System.Net.Http.HttpClient.default.ClientHandler[101]
      Received HTTP response headers after 6.6925ms - 404
info: System.Net.Http.HttpClient.default.LogicalHandler[101]
      End processing HTTP request after 10.8235ms - 404
info: Microsoft.AspNetCore.Hosting.Diagnostics[1]
      Request starting HTTP/2 POST https://localhost:44376/CustomOrder/Order/OrderList - application/x-www-form-urlencoded;+charset=UTF-8 2766
info: Microsoft.AspNetCore.Routing.EndpointMiddleware[0]
      Executing endpoint 'MWT.Plugin.Misc.MwtStorefront.Areas.CustomOrder.Controllers.OrderController.OrderList (MWT.Plugin.Misc.MwtStorefront)'
info: Microsoft.AspNetCore.Mvc.Infrastructure.ControllerActionInvoker[102]
      Route matched with {area = "CustomOrder", action = "OrderList", controller = "Order"}. Executing controller action with signature System.Threading.Tasks.Task`1[Microsoft.AspNetCore.Mvc.IActionResult] OrderList(MWT.Plugin.Misc.MwtStorefront.Areas.CustomOrder.Models.Orders.CustomOrderSearchModel, Boolean) on controller MWT.Plugin.Misc.MwtStorefront.Areas.CustomOrder.Controllers.OrderController (MWT.Plugin.Misc.MwtStorefront).
info: Microsoft.AspNetCore.Mvc.NewtonsoftJson.NewtonsoftJsonResultExecutor[2]
      Executing JsonResult, writing value of type 'MWT.Plugin.Misc.MwtStorefront.Areas.CustomOrder.Models.Orders.CustomOrderListModel'.
info: Microsoft.AspNetCore.Mvc.Infrastructure.ControllerActionInvoker[105]
      Executed action MWT.Plugin.Misc.MwtStorefront.Areas.CustomOrder.Controllers.OrderController.OrderList (MWT.Plugin.Misc.MwtStorefront) in 175.9479ms
info: Microsoft.AspNetCore.Routing.EndpointMiddleware[1]
      Executed endpoint 'MWT.Plugin.Misc.MwtStorefront.Areas.CustomOrder.Controllers.OrderController.OrderList (MWT.Plugin.Misc.MwtStorefront)'
info: Microsoft.AspNetCore.Hosting.Diagnostics[2]
      Request finished HTTP/2 POST https://localhost:44376/CustomOrder/Order/OrderList - 200 - application/json;+charset=utf-8 278.0464ms
info: Microsoft.AspNetCore.Hosting.Diagnostics[1]
      Request starting HTTP/2 GET https://localhost:44376/customorder/Order/CreateOrder - - -
info: Microsoft.AspNetCore.Routing.EndpointMiddleware[0]
      Executing endpoint 'MWT.Plugin.Misc.MwtStorefront.Areas.CustomOrder.Controllers.OrderController.CreateOrder (MWT.Plugin.Misc.MwtStorefront)'
info: Microsoft.AspNetCore.Mvc.Infrastructure.ControllerActionInvoker[102]
      Route matched with {area = "CustomOrder", action = "CreateOrder", controller = "Order"}. Executing controller action with signature System.Threading.Tasks.Task`1[Microsoft.AspNetCore.Mvc.IActionResult] CreateOrder() on controller MWT.Plugin.Misc.MwtStorefront.Areas.CustomOrder.Controllers.OrderController (MWT.Plugin.Misc.MwtStorefront).
info: Microsoft.AspNetCore.Mvc.RedirectToActionResult[1]
      Executing RedirectResult, redirecting to /CustomOrder/Order/OrderDetails/28350.
info: Microsoft.AspNetCore.Mvc.Infrastructure.ControllerActionInvoker[105]
      Executed action MWT.Plugin.Misc.MwtStorefront.Areas.CustomOrder.Controllers.OrderController.CreateOrder (MWT.Plugin.Misc.MwtStorefront) in 111.9634ms
info: Microsoft.AspNetCore.Routing.EndpointMiddleware[1]
      Executed endpoint 'MWT.Plugin.Misc.MwtStorefront.Areas.CustomOrder.Controllers.OrderController.CreateOrder (MWT.Plugin.Misc.MwtStorefront)'
info: Microsoft.AspNetCore.Hosting.Diagnostics[2]
      Request finished HTTP/2 GET https://localhost:44376/customorder/Order/CreateOrder - 302 - - 261.2105ms
info: Microsoft.AspNetCore.Hosting.Diagnostics[1]
      Request starting HTTP/2 GET https://localhost:44376/CustomOrder/Order/OrderDetails/28350 - - -
info: Microsoft.AspNetCore.Routing.EndpointMiddleware[0]
      Executing endpoint 'MWT.Plugin.Misc.MwtStorefront.Areas.CustomOrder.Controllers.OrderController.OrderDetails (MWT.Plugin.Misc.MwtStorefront)'
info: Microsoft.AspNetCore.Mvc.Infrastructure.ControllerActionInvoker[102]
      Route matched with {area = "CustomOrder", action = "OrderDetails", controller = "Order"}. Executing controller action with signature System.Threading.Tasks.Task`1[Microsoft.AspNetCore.Mvc.IActionResult] OrderDetails(Int32) on controller MWT.Plugin.Misc.MwtStorefront.Areas.CustomOrder.Controllers.OrderController (MWT.Plugin.Misc.MwtStorefront).
info: Microsoft.AspNetCore.Mvc.ViewFeatures.ViewResultExecutor[1]
      Executing ViewResult, running view OrderDetails.
info: Microsoft.AspNetCore.Mvc.ViewFeatures.ViewResultExecutor[4]
      Executed ViewResult - view OrderDetails executed in 878.8777ms.
info: Microsoft.AspNetCore.Mvc.Infrastructure.ControllerActionInvoker[105]
      Executed action MWT.Plugin.Misc.MwtStorefront.Areas.CustomOrder.Controllers.OrderController.OrderDetails (MWT.Plugin.Misc.MwtStorefront) in 1072.1591ms
info: Microsoft.AspNetCore.Routing.EndpointMiddleware[1]
      Executed endpoint 'MWT.Plugin.Misc.MwtStorefront.Areas.CustomOrder.Controllers.OrderController.OrderDetails (MWT.Plugin.Misc.MwtStorefront)'
info: Microsoft.AspNetCore.Hosting.Diagnostics[2]
      Request finished HTTP/2 GET https://localhost:44376/CustomOrder/Order/OrderDetails/28350 - 200 - text/html;+charset=utf-8 1217.0967ms
info: Microsoft.AspNetCore.Hosting.Diagnostics[1]
      Request starting HTTP/2 GET https://localhost:44376/css/Customizations/Areas/CustomOrder/images/btn_search.png - - -
info: Microsoft.AspNetCore.Hosting.Diagnostics[1]
      Request starting HTTP/2 GET https://localhost:44376/.well-known/appspecific/com.chrome.devtools.json - - -
info: Microsoft.AspNetCore.Hosting.Diagnostics[1]
      Request starting HTTP/2 GET https://localhost:44376/_framework/aspnetcore-browser-refresh.js - - -
info: Microsoft.AspNetCore.Hosting.Diagnostics[1]
      Request starting HTTP/2 GET https://localhost:44376/_vs/browserLink - - -
info: Microsoft.AspNetCore.Hosting.Diagnostics[2]
      Request finished HTTP/2 GET https://localhost:44376/_framework/aspnetcore-browser-refresh.js - 200 16499 application/javascript;+charset=utf-8 60.4618ms
info: Microsoft.AspNetCore.StaticFiles.StaticFileMiddleware[2]
      Sending file. Request path: '/css/Customizations/Areas/CustomOrder/images/btn_search.png'. Physical path: 'D:\Mind web Tree\Slc4.9\Source Code\Presentation\Nop.Web\wwwroot\css\Customizations\Areas\CustomOrder\images\btn_search.png'
info: Microsoft.AspNetCore.Hosting.Diagnostics[2]
      Request finished HTTP/2 GET https://localhost:44376/css/Customizations/Areas/CustomOrder/images/btn_search.png - 200 353 image/png 215.9545ms
info: Microsoft.AspNetCore.Hosting.Diagnostics[1]
      Request starting HTTP/2 GET https://localhost:44376/css/Customizations/Areas/CustomOrder/images/1 navdropdown.png width='4' height='5' viewBox='0 0 4 5'><path fill='#343a40' d='M2 0L0 2h4zm0 5L0 3h4z'/></svg> - - -
info: Microsoft.AspNetCore.Hosting.Diagnostics[1]
      Request starting HTTP/2 GET https://localhost:44376/css/Customizations/Areas/CustomOrder/bootstrap.min.css.map - - -
info: Microsoft.AspNetCore.Hosting.Diagnostics[2]
      Request finished HTTP/2 GET https://localhost:44376/_vs/browserLink - 200 - text/javascript;+charset=UTF-8 301.4585ms
info: Microsoft.AspNetCore.Hosting.Diagnostics[1]
      Request starting HTTP/2 GET https://localhost:44376/css/Customizations/Areas/fonts/TT Norms Pro Regular.woff - - -
info: Microsoft.AspNetCore.Hosting.Diagnostics[2]
      Request finished HTTP/2 GET https://localhost:44376/.well-known/appspecific/com.chrome.devtools.json - 404 - - 909.5742ms
info: Microsoft.AspNetCore.Hosting.Diagnostics[16]
      Request reached the end of the middleware pipeline without being handled by application code. Request path: GET https://localhost:44376/.well-known/appspecific/com.chrome.devtools.json, Response status code: 404
info: Microsoft.AspNetCore.Routing.EndpointMiddleware[0]
      Executing endpoint 'Nop.Web.Controllers.CommonController.FallbackRedirect (Nop.Web)'
info: Microsoft.AspNetCore.Hosting.Diagnostics[2]
      Request finished HTTP/2 GET https://localhost:44376/css/Customizations/Areas/CustomOrder/bootstrap.min.css.map - 404 - - 648.1754ms
info: Microsoft.AspNetCore.Hosting.Diagnostics[2]
      Request finished HTTP/2 GET https://localhost:44376/css/Customizations/Areas/fonts/TT Norms Pro Regular.woff - 404 - - 600.8301ms
info: Microsoft.AspNetCore.Hosting.Diagnostics[16]
      Request reached the end of the middleware pipeline without being handled by application code. Request path: GET https://localhost:44376/css/Customizations/Areas/CustomOrder/bootstrap.min.css.map, Response status code: 404
info: Microsoft.AspNetCore.Hosting.Diagnostics[16]
      Request reached the end of the middleware pipeline without being handled by application code. Request path: GET https://localhost:44376/css/Customizations/Areas/fonts/TT%20Norms%20Pro%20Regular.woff, Response status code: 404
info: Microsoft.AspNetCore.Mvc.Infrastructure.ControllerActionInvoker[102]
      Route matched with {action = "FallbackRedirect", controller = "Common", area = ""}. Executing controller action with signature Microsoft.AspNetCore.Mvc.IActionResult FallbackRedirect() on controller Nop.Web.Controllers.CommonController (Nop.Web).
info: Microsoft.AspNetCore.Mvc.Infrastructure.ControllerActionInvoker[105]
      Executed action Nop.Web.Controllers.CommonController.FallbackRedirect (Nop.Web) in 4.7931ms
info: Microsoft.AspNetCore.Routing.EndpointMiddleware[1]
      Executed endpoint 'Nop.Web.Controllers.CommonController.FallbackRedirect (Nop.Web)'
info: Microsoft.AspNetCore.Routing.EndpointMiddleware[0]
      Executing endpoint 'Nop.Web.Controllers.CommonController.PageNotFound (Nop.Web)'
info: Microsoft.AspNetCore.Mvc.Infrastructure.ControllerActionInvoker[102]
      Route matched with {action = "PageNotFound", controller = "Common", area = ""}. Executing controller action with signature Microsoft.AspNetCore.Mvc.IActionResult PageNotFound() on controller Nop.Web.Controllers.CommonController (Nop.Web).
info: Microsoft.AspNetCore.Mvc.ViewFeatures.ViewResultExecutor[1]
      Executing ViewResult, running view PageNotFound.
info: Microsoft.AspNetCore.Mvc.ViewFeatures.ViewResultExecutor[4]
      Executed ViewResult - view PageNotFound executed in 1351.6149ms.
info: Microsoft.AspNetCore.Mvc.Infrastructure.ControllerActionInvoker[105]
      Executed action Nop.Web.Controllers.CommonController.PageNotFound (Nop.Web) in 1353.8714ms
info: Microsoft.AspNetCore.Routing.EndpointMiddleware[1]
      Executed endpoint 'Nop.Web.Controllers.CommonController.PageNotFound (Nop.Web)'
info: Microsoft.AspNetCore.Hosting.Diagnostics[2]
      Request finished HTTP/2 GET https://localhost:44376/css/Customizations/Areas/CustomOrder/images/1 navdropdown.png width='4' height='5' viewBox='0 0 4 5'><path fill='#343a40' d='M2 0L0 2h4zm0 5L0 3h4z'/></svg> - 404 - text/html;+charset=utf-8 2227.0173ms
info: Microsoft.AspNetCore.Hosting.Diagnostics[1]
      Request starting HTTP/2 POST https://localhost:44376/Customorder/order/UpdateOrderType/ - application/x-www-form-urlencoded;+charset=UTF-8 264
info: Microsoft.AspNetCore.Routing.EndpointMiddleware[0]
      Executing endpoint 'MWT.Plugin.Misc.MwtStorefront.Areas.CustomOrder.Controllers.OrderController.UpdateOrderType (MWT.Plugin.Misc.MwtStorefront)'
info: Microsoft.AspNetCore.Mvc.Infrastructure.ControllerActionInvoker[102]
      Route matched with {area = "CustomOrder", action = "UpdateOrderType", controller = "Order"}. Executing controller action with signature System.Threading.Tasks.Task`1[Microsoft.AspNetCore.Mvc.IActionResult] UpdateOrderType(Int32, Int32, Int32) on controller MWT.Plugin.Misc.MwtStorefront.Areas.CustomOrder.Controllers.OrderController (MWT.Plugin.Misc.MwtStorefront).
info: Microsoft.AspNetCore.Mvc.NewtonsoftJson.NewtonsoftJsonResultExecutor[2]
      Executing JsonResult, writing value of type '<>f__AnonymousType9`1[[MWT.Plugin.Misc.MwtStorefront.Areas.CustomOrder.Models.Common.AjaxReponseModel, MWT.Plugin.Misc.MwtStorefront, Version=1.0.0.0, Culture=neutral, PublicKeyToken=null]]'.
info: Microsoft.AspNetCore.Mvc.Infrastructure.ControllerActionInvoker[105]
      Executed action MWT.Plugin.Misc.MwtStorefront.Areas.CustomOrder.Controllers.OrderController.UpdateOrderType (MWT.Plugin.Misc.MwtStorefront) in 420.1059ms
info: Microsoft.AspNetCore.Routing.EndpointMiddleware[1]
      Executed endpoint 'MWT.Plugin.Misc.MwtStorefront.Areas.CustomOrder.Controllers.OrderController.UpdateOrderType (MWT.Plugin.Misc.MwtStorefront)'
info: Microsoft.AspNetCore.Hosting.Diagnostics[2]
      Request finished HTTP/2 POST https://localhost:44376/Customorder/order/UpdateOrderType/ - 200 - application/json;+charset=utf-8 551.6480ms
info: System.Net.Http.HttpClient.default.LogicalHandler[100]
      Start processing HTTP request POST https://localhost:44399/scheduletask/runtask
info: System.Net.Http.HttpClient.default.ClientHandler[100]
      Sending HTTP request POST https://localhost:44399/scheduletask/runtask
info: System.Net.Http.HttpClient.default.ClientHandler[101]
      Received HTTP response headers after 9.0175ms - 404
info: System.Net.Http.HttpClient.default.LogicalHandler[101]
      End processing HTTP request after 16.496ms - 404
info: Microsoft.AspNetCore.Hosting.Diagnostics[1]
      Request starting HTTP/2 GET https://localhost:44376/Customorder/order/Searchcustomer/?searchTerm=s - - -
info: Microsoft.AspNetCore.Routing.EndpointMiddleware[0]
      Executing endpoint 'MWT.Plugin.Misc.MwtStorefront.Areas.CustomOrder.Controllers.OrderController.Searchcustomer (MWT.Plugin.Misc.MwtStorefront)'
info: Microsoft.AspNetCore.Mvc.Infrastructure.ControllerActionInvoker[102]
      Route matched with {area = "CustomOrder", action = "Searchcustomer", controller = "Order"}. Executing controller action with signature System.Threading.Tasks.Task`1[Microsoft.AspNetCore.Mvc.IActionResult] Searchcustomer(System.String) on controller MWT.Plugin.Misc.MwtStorefront.Areas.CustomOrder.Controllers.OrderController (MWT.Plugin.Misc.MwtStorefront).
info: Microsoft.AspNetCore.Mvc.NewtonsoftJson.NewtonsoftJsonResultExecutor[2]
      Executing JsonResult, writing value of type '<>f__AnonymousType9`1[[MWT.Plugin.Misc.MwtStorefront.Areas.CustomOrder.Models.Common.AjaxReponseModel, MWT.Plugin.Misc.MwtStorefront, Version=1.0.0.0, Culture=neutral, PublicKeyToken=null]]'.
info: Microsoft.AspNetCore.Mvc.Infrastructure.ControllerActionInvoker[105]
      Executed action MWT.Plugin.Misc.MwtStorefront.Areas.CustomOrder.Controllers.OrderController.Searchcustomer (MWT.Plugin.Misc.MwtStorefront) in 130.3316ms
info: Microsoft.AspNetCore.Routing.EndpointMiddleware[1]
      Executed endpoint 'MWT.Plugin.Misc.MwtStorefront.Areas.CustomOrder.Controllers.OrderController.Searchcustomer (MWT.Plugin.Misc.MwtStorefront)'
info: Microsoft.AspNetCore.Hosting.Diagnostics[2]
      Request finished HTTP/2 GET https://localhost:44376/Customorder/order/Searchcustomer/?searchTerm=s - 200 - application/json;+charset=utf-8 238.6138ms
info: Microsoft.AspNetCore.Hosting.Diagnostics[1]
      Request starting HTTP/2 POST https://localhost:44376/Customorder/order/UpdateCustomer/ - application/x-www-form-urlencoded;+charset=UTF-8 258
info: Microsoft.AspNetCore.Routing.EndpointMiddleware[0]
      Executing endpoint 'MWT.Plugin.Misc.MwtStorefront.Areas.CustomOrder.Controllers.OrderController.UpdateCustomer (MWT.Plugin.Misc.MwtStorefront)'
info: Microsoft.AspNetCore.Mvc.Infrastructure.ControllerActionInvoker[102]
      Route matched with {area = "CustomOrder", action = "UpdateCustomer", controller = "Order"}. Executing controller action with signature System.Threading.Tasks.Task`1[Microsoft.AspNetCore.Mvc.IActionResult] UpdateCustomer(Int32, Int32) on controller MWT.Plugin.Misc.MwtStorefront.Areas.CustomOrder.Controllers.OrderController (MWT.Plugin.Misc.MwtStorefront).
info: Microsoft.AspNetCore.Mvc.NewtonsoftJson.NewtonsoftJsonResultExecutor[2]
      Executing JsonResult, writing value of type '<>f__AnonymousType9`1[[MWT.Plugin.Misc.MwtStorefront.Areas.CustomOrder.Models.Common.AjaxReponseModel, MWT.Plugin.Misc.MwtStorefront, Version=1.0.0.0, Culture=neutral, PublicKeyToken=null]]'.
info: Microsoft.AspNetCore.Mvc.Infrastructure.ControllerActionInvoker[105]
      Executed action MWT.Plugin.Misc.MwtStorefront.Areas.CustomOrder.Controllers.OrderController.UpdateCustomer (MWT.Plugin.Misc.MwtStorefront) in 404.911ms
info: Microsoft.AspNetCore.Routing.EndpointMiddleware[1]
      Executed endpoint 'MWT.Plugin.Misc.MwtStorefront.Areas.CustomOrder.Controllers.OrderController.UpdateCustomer (MWT.Plugin.Misc.MwtStorefront)'
info: Microsoft.AspNetCore.Hosting.Diagnostics[2]
      Request finished HTTP/2 POST https://localhost:44376/Customorder/order/UpdateCustomer/ - 200 - application/json;+charset=utf-8 510.8658ms
info: Microsoft.AspNetCore.Hosting.Diagnostics[1]
      Request starting HTTP/2 GET https://localhost:44376/Customorder/order/SearchProduts/?searchTerm=s&_=1789985256503 - - -
info: Microsoft.AspNetCore.Routing.EndpointMiddleware[0]
      Executing endpoint 'MWT.Plugin.Misc.MwtStorefront.Areas.CustomOrder.Controllers.OrderController.SearchProduts (MWT.Plugin.Misc.MwtStorefront)'
info: Microsoft.AspNetCore.Mvc.Infrastructure.ControllerActionInvoker[102]
      Route matched with {area = "CustomOrder", action = "SearchProduts", controller = "Order"}. Executing controller action with signature System.Threading.Tasks.Task`1[Microsoft.AspNetCore.Mvc.IActionResult] SearchProduts(System.String) on controller MWT.Plugin.Misc.MwtStorefront.Areas.CustomOrder.Controllers.OrderController (MWT.Plugin.Misc.MwtStorefront).
info: Microsoft.AspNetCore.Mvc.NewtonsoftJson.NewtonsoftJsonResultExecutor[2]
      Executing JsonResult, writing value of type '<>f__AnonymousType9`1[[MWT.Plugin.Misc.MwtStorefront.Areas.CustomOrder.Models.Common.AjaxReponseModel, MWT.Plugin.Misc.MwtStorefront, Version=1.0.0.0, Culture=neutral, PublicKeyToken=null]]'.
info: Microsoft.AspNetCore.Mvc.Infrastructure.ControllerActionInvoker[105]
      Executed action MWT.Plugin.Misc.MwtStorefront.Areas.CustomOrder.Controllers.OrderController.SearchProduts (MWT.Plugin.Misc.MwtStorefront) in 606.4908ms
info: Microsoft.AspNetCore.Routing.EndpointMiddleware[1]
      Executed endpoint 'MWT.Plugin.Misc.MwtStorefront.Areas.CustomOrder.Controllers.OrderController.SearchProduts (MWT.Plugin.Misc.MwtStorefront)'
info: Microsoft.AspNetCore.Hosting.Diagnostics[2]
      Request finished HTTP/2 GET https://localhost:44376/Customorder/order/SearchProduts/?searchTerm=s&_=1789985256503 - 200 - application/json;+charset=utf-8 724.9787ms
info: Microsoft.AspNetCore.Hosting.Diagnostics[1]
      Request starting HTTP/2 GET https://localhost:44376/lib_npm/jquery-ui-dist/images/ui-icons_777777_256x240.png - - -
info: Microsoft.AspNetCore.StaticFiles.StaticFileMiddleware[2]
      Sending file. Request path: '/lib_npm/jquery-ui-dist/images/ui-icons_777777_256x240.png'. Physical path: 'D:\Mind web Tree\Slc4.9\Source Code\Presentation\Nop.Web\wwwroot\lib_npm\jquery-ui-dist\images\ui-icons_777777_256x240.png'
info: Microsoft.AspNetCore.Hosting.Diagnostics[2]
      Request finished HTTP/2 GET https://localhost:44376/lib_npm/jquery-ui-dist/images/ui-icons_777777_256x240.png - 200 7163 image/png 21.3423ms
info: Microsoft.AspNetCore.Hosting.Diagnostics[1]
      Request starting HTTP/2 GET https://localhost:44376/images/thumbs/0429600_kansas-city-rustic-farmhouse-counter-height-square-dining-set_415.jpeg - - -
info: Microsoft.AspNetCore.Hosting.Diagnostics[1]
      Request starting HTTP/2 GET https://localhost:44376/images/thumbs/default-image_415.png - - -
info: Microsoft.AspNetCore.Hosting.Diagnostics[1]
      Request starting HTTP/2 GET https://localhost:44376/images/thumbs/0390391_peoria-solid-wood-square-dining-table-set_415.jpeg - - -
info: Microsoft.AspNetCore.Hosting.Diagnostics[1]
      Request starting HTTP/2 GET https://localhost:44376/images/thumbs/0429828_quebec-glass-door-solid-wood-media-console-cabinet-6582_415.png - - -
info: Microsoft.AspNetCore.StaticFiles.StaticFileMiddleware[2]
      Sending file. Request path: '/images/thumbs/default-image_415.png'. Physical path: 'D:\Mind web Tree\Slc4.9\Source Code\Presentation\Nop.Web\wwwroot\images\thumbs\default-image_415.png'
info: Microsoft.AspNetCore.Hosting.Diagnostics[2]
      Request finished HTTP/2 GET https://localhost:44376/images/thumbs/default-image_415.png - 200 16311 image/png 104.1466ms
info: Microsoft.AspNetCore.Hosting.Diagnostics[2]
      Request finished HTTP/2 GET https://localhost:44376/images/thumbs/0429600_kansas-city-rustic-farmhouse-counter-height-square-dining-set_415.jpeg - 404 - - 610.7175ms
info: Microsoft.AspNetCore.Hosting.Diagnostics[2]
      Request finished HTTP/2 GET https://localhost:44376/images/thumbs/0429828_quebec-glass-door-solid-wood-media-console-cabinet-6582_415.png - 404 - - 569.6540ms
info: Microsoft.AspNetCore.Hosting.Diagnostics[2]
      Request finished HTTP/2 GET https://localhost:44376/images/thumbs/0390391_peoria-solid-wood-square-dining-table-set_415.jpeg - 404 - - 609.4240ms
info: Microsoft.AspNetCore.Hosting.Diagnostics[16]
      Request reached the end of the middleware pipeline without being handled by application code. Request path: GET https://localhost:44376/images/thumbs/0429600_kansas-city-rustic-farmhouse-counter-height-square-dining-set_415.jpeg, Response status code: 404
info: Microsoft.AspNetCore.Hosting.Diagnostics[16]
      Request reached the end of the middleware pipeline without being handled by application code. Request path: GET https://localhost:44376/images/thumbs/0429828_quebec-glass-door-solid-wood-media-console-cabinet-6582_415.png, Response status code: 404
info: Microsoft.AspNetCore.Hosting.Diagnostics[16]
      Request reached the end of the middleware pipeline without being handled by application code. Request path: GET https://localhost:44376/images/thumbs/0390391_peoria-solid-wood-square-dining-table-set_415.jpeg, Response status code: 404
info: Microsoft.AspNetCore.Hosting.Diagnostics[1]
      Request starting HTTP/2 GET https://localhost:44376/lib_npm/jquery-ui-dist/images/ui-icons_555555_256x240.png - - -
info: Microsoft.AspNetCore.StaticFiles.StaticFileMiddleware[2]
      Sending file. Request path: '/lib_npm/jquery-ui-dist/images/ui-icons_555555_256x240.png'. Physical path: 'D:\Mind web Tree\Slc4.9\Source Code\Presentation\Nop.Web\wwwroot\lib_npm\jquery-ui-dist\images\ui-icons_555555_256x240.png'
info: Microsoft.AspNetCore.Hosting.Diagnostics[2]
      Request finished HTTP/2 GET https://localhost:44376/lib_npm/jquery-ui-dist/images/ui-icons_555555_256x240.png - 200 7126 image/png 14.1620ms
info: Microsoft.AspNetCore.Hosting.Diagnostics[1]
      Request starting HTTP/2 POST https://localhost:44376/Customorder/order/AddUpdateCartItems/ - application/x-www-form-urlencoded;+charset=UTF-8 657
info: Microsoft.AspNetCore.Routing.EndpointMiddleware[0]
      Executing endpoint 'MWT.Plugin.Misc.MwtStorefront.Areas.CustomOrder.Controllers.OrderController.AddUpdateCartItems (MWT.Plugin.Misc.MwtStorefront)'
info: Microsoft.AspNetCore.Mvc.Infrastructure.ControllerActionInvoker[102]
      Route matched with {area = "CustomOrder", action = "AddUpdateCartItems", controller = "Order"}. Executing controller action with signature System.Threading.Tasks.Task`1[Microsoft.AspNetCore.Mvc.IActionResult] AddUpdateCartItems(System.Collections.Generic.List`1[MWT.Plugin.Misc.MwtStorefront.Areas.CustomOrder.Models.Orders.ItemModel], Microsoft.AspNetCore.Http.IFormCollection) on controller MWT.Plugin.Misc.MwtStorefront.Areas.CustomOrder.Controllers.OrderController (MWT.Plugin.Misc.MwtStorefront).
info: System.Net.Http.HttpClient.default.LogicalHandler[100]
      Start processing HTTP request GET https://api.zip-tax.com/request/v40?*
info: System.Net.Http.HttpClient.default.ClientHandler[100]
      Sending HTTP request GET https://api.zip-tax.com/request/v40?*
info: System.Net.Http.HttpClient.default.ClientHandler[101]
      Received HTTP response headers after 1370.2838ms - 200
info: System.Net.Http.HttpClient.default.LogicalHandler[101]
      End processing HTTP request after 1375.5921ms - 200
info: System.Net.Http.HttpClient.default.LogicalHandler[100]
      Start processing HTTP request GET https://api.zip-tax.com/request/v40?*
info: System.Net.Http.HttpClient.default.ClientHandler[100]
      Sending HTTP request GET https://api.zip-tax.com/request/v40?*
info: System.Net.Http.HttpClient.default.ClientHandler[101]
      Received HTTP response headers after 244.2214ms - 200
info: System.Net.Http.HttpClient.default.LogicalHandler[101]
      End processing HTTP request after 248.1438ms - 200
info: Microsoft.AspNetCore.Mvc.NewtonsoftJson.NewtonsoftJsonResultExecutor[2]
      Executing JsonResult, writing value of type '<>f__AnonymousType9`1[[MWT.Plugin.Misc.MwtStorefront.Areas.CustomOrder.Models.Common.AjaxReponseModel, MWT.Plugin.Misc.MwtStorefront, Version=1.0.0.0, Culture=neutral, PublicKeyToken=null]]'.
info: Microsoft.AspNetCore.Mvc.Infrastructure.ControllerActionInvoker[105]
      Executed action MWT.Plugin.Misc.MwtStorefront.Areas.CustomOrder.Controllers.OrderController.AddUpdateCartItems (MWT.Plugin.Misc.MwtStorefront) in 3608.6637ms
info: Microsoft.AspNetCore.Routing.EndpointMiddleware[1]
      Executed endpoint 'MWT.Plugin.Misc.MwtStorefront.Areas.CustomOrder.Controllers.OrderController.AddUpdateCartItems (MWT.Plugin.Misc.MwtStorefront)'
info: Microsoft.AspNetCore.Hosting.Diagnostics[2]
      Request finished HTTP/2 POST https://localhost:44376/Customorder/order/AddUpdateCartItems/ - 200 - application/json;+charset=utf-8 3716.0060ms
info: Microsoft.AspNetCore.Hosting.Diagnostics[1]
      Request starting HTTP/2 GET https://localhost:44376/images/thumbs/0390391_peoria-solid-wood-square-dining-table-set_415.jpeg - - -
info: Microsoft.AspNetCore.Hosting.Diagnostics[1]
      Request starting HTTP/2 GET https://localhost:44376/Plugins/Payments.CashOnDelivery/logo.png - - -
info: Microsoft.AspNetCore.Hosting.Diagnostics[1]
      Request starting HTTP/2 GET https://localhost:44376/images/uploaded/payment-labels-checkout.svg - - -
info: Microsoft.AspNetCore.StaticFiles.StaticFileMiddleware[2]
      Sending file. Request path: '/Payments.CashOnDelivery/logo.png'. Physical path: 'D:\Mind web Tree\Slc4.9\Source Code\Presentation\Nop.Web\Plugins\Payments.CashOnDelivery\logo.png'
info: Microsoft.AspNetCore.Hosting.Diagnostics[2]
      Request finished HTTP/2 GET https://localhost:44376/Plugins/Payments.CashOnDelivery/logo.png - 200 9529 image/png 121.3114ms
info: Microsoft.AspNetCore.StaticFiles.StaticFileMiddleware[2]
      Sending file. Request path: '/images/uploaded/payment-labels-checkout.svg'. Physical path: 'D:\Mind web Tree\Slc4.9\Source Code\Presentation\Nop.Web\wwwroot\images\uploaded\payment-labels-checkout.svg'
info: Microsoft.AspNetCore.Hosting.Diagnostics[2]
      Request finished HTTP/2 GET https://localhost:44376/images/uploaded/payment-labels-checkout.svg - 200 22863 image/svg+xml 206.6279ms
info: Microsoft.AspNetCore.Hosting.Diagnostics[2]
      Request finished HTTP/2 GET https://localhost:44376/images/thumbs/0390391_peoria-solid-wood-square-dining-table-set_415.jpeg - 404 - - 240.0874ms
info: Microsoft.AspNetCore.Hosting.Diagnostics[16]
      Request reached the end of the middleware pipeline without being handled by application code. Request path: GET https://localhost:44376/images/thumbs/0390391_peoria-solid-wood-square-dining-table-set_415.jpeg, Response status code: 404
info: System.Net.Http.HttpClient.default.LogicalHandler[100]
      Start processing HTTP request POST https://localhost:44399/scheduletask/runtask
info: System.Net.Http.HttpClient.default.ClientHandler[100]
      Sending HTTP request POST https://localhost:44399/scheduletask/runtask
info: System.Net.Http.HttpClient.default.ClientHandler[101]
      Received HTTP response headers after 12.3911ms - 404
info: System.Net.Http.HttpClient.default.LogicalHandler[101]
      End processing HTTP request after 25.6524ms - 404
info: Microsoft.AspNetCore.Hosting.Diagnostics[1]
      Request starting HTTP/2 POST https://localhost:44376/Customorder/order/UpdateOrder/ - application/x-www-form-urlencoded;+charset=UTF-8 341
info: Microsoft.AspNetCore.Routing.EndpointMiddleware[0]
      Executing endpoint 'MWT.Plugin.Misc.MwtStorefront.Areas.CustomOrder.Controllers.OrderController.UpdateOrder (MWT.Plugin.Misc.MwtStorefront)'
info: Microsoft.AspNetCore.Mvc.Infrastructure.ControllerActionInvoker[102]
      Route matched with {area = "CustomOrder", action = "UpdateOrder", controller = "Order"}. Executing controller action with signature System.Threading.Tasks.Task`1[Microsoft.AspNetCore.Mvc.IActionResult] UpdateOrder(MWT.Plugin.Misc.MwtStorefront.Areas.CustomOrder.Models.Orders.CustomOrderModel, System.String) on controller MWT.Plugin.Misc.MwtStorefront.Areas.CustomOrder.Controllers.OrderController (MWT.Plugin.Misc.MwtStorefront).
info: System.Net.Http.HttpClient.default.LogicalHandler[100]
      Start processing HTTP request POST https://accounts.zoho.com/oauth/v2/token
info: System.Net.Http.HttpClient.default.ClientHandler[100]
      Sending HTTP request POST https://accounts.zoho.com/oauth/v2/token
info: System.Net.Http.HttpClient.default.ClientHandler[101]
      Received HTTP response headers after 949.9157ms - 200
info: System.Net.Http.HttpClient.default.LogicalHandler[101]
      End processing HTTP request after 954.0645ms - 200
info: System.Net.Http.HttpClient.default.LogicalHandler[100]
      Start processing HTTP request POST https://www.zohoapis.com/crm/v2/Potentials
info: System.Net.Http.HttpClient.default.ClientHandler[100]
      Sending HTTP request POST https://www.zohoapis.com/crm/v2/Potentials
info: System.Net.Http.HttpClient.default.ClientHandler[101]
      Received HTTP response headers after 1275.2266ms - 202
info: System.Net.Http.HttpClient.default.LogicalHandler[101]
      End processing HTTP request after 1279.8795ms - 202
info: Microsoft.AspNetCore.Mvc.NewtonsoftJson.NewtonsoftJsonResultExecutor[2]
      Executing JsonResult, writing value of type '<>f__AnonymousType9`1[[MWT.Plugin.Misc.MwtStorefront.Areas.CustomOrder.Models.Common.AjaxReponseModel, MWT.Plugin.Misc.MwtStorefront, Version=1.0.0.0, Culture=neutral, PublicKeyToken=null]]'.
info: Microsoft.AspNetCore.Mvc.Infrastructure.ControllerActionInvoker[105]
      Executed action MWT.Plugin.Misc.MwtStorefront.Areas.CustomOrder.Controllers.OrderController.UpdateOrder (MWT.Plugin.Misc.MwtStorefront) in 6980.0323ms
info: Microsoft.AspNetCore.Routing.EndpointMiddleware[1]
      Executed endpoint 'MWT.Plugin.Misc.MwtStorefront.Areas.CustomOrder.Controllers.OrderController.UpdateOrder (MWT.Plugin.Misc.MwtStorefront)'
info: Microsoft.AspNetCore.Hosting.Diagnostics[2]
      Request finished HTTP/2 POST https://localhost:44376/Customorder/order/UpdateOrder/ - 200 - application/json;+charset=utf-8 7127.1589ms
info: Microsoft.AspNetCore.Hosting.Diagnostics[1]
      Request starting HTTP/2 GET https://localhost:44376/CustomOrder/Order/OrderDetails/28350 - - -
info: Microsoft.AspNetCore.Routing.EndpointMiddleware[0]
      Executing endpoint 'MWT.Plugin.Misc.MwtStorefront.Areas.CustomOrder.Controllers.OrderController.OrderDetails (MWT.Plugin.Misc.MwtStorefront)'
info: Microsoft.AspNetCore.Mvc.Infrastructure.ControllerActionInvoker[102]
      Route matched with {area = "CustomOrder", action = "OrderDetails", controller = "Order"}. Executing controller action with signature System.Threading.Tasks.Task`1[Microsoft.AspNetCore.Mvc.IActionResult] OrderDetails(Int32) on controller MWT.Plugin.Misc.MwtStorefront.Areas.CustomOrder.Controllers.OrderController (MWT.Plugin.Misc.MwtStorefront).
info: Microsoft.AspNetCore.Mvc.ViewFeatures.ViewResultExecutor[1]
      Executing ViewResult, running view OrderDetails.
info: Microsoft.AspNetCore.Mvc.ViewFeatures.ViewResultExecutor[4]
      Executed ViewResult - view OrderDetails executed in 358.851ms.
info: Microsoft.AspNetCore.Mvc.Infrastructure.ControllerActionInvoker[105]
      Executed action MWT.Plugin.Misc.MwtStorefront.Areas.CustomOrder.Controllers.OrderController.OrderDetails (MWT.Plugin.Misc.MwtStorefront) in 522.0371ms
info: Microsoft.AspNetCore.Routing.EndpointMiddleware[1]
      Executed endpoint 'MWT.Plugin.Misc.MwtStorefront.Areas.CustomOrder.Controllers.OrderController.OrderDetails (MWT.Plugin.Misc.MwtStorefront)'
info: Microsoft.AspNetCore.Hosting.Diagnostics[2]
      Request finished HTTP/2 GET https://localhost:44376/CustomOrder/Order/OrderDetails/28350 - 200 - text/html;+charset=utf-8 671.5428ms
info: Microsoft.AspNetCore.Hosting.Diagnostics[1]
      Request starting HTTP/2 GET https://localhost:44376/images/thumbs/0390391_peoria-solid-wood-square-dining-table-set_415.jpeg - - -
info: Microsoft.AspNetCore.Hosting.Diagnostics[1]
      Request starting HTTP/2 GET https://localhost:44376/_vs/browserLink - - -
info: Microsoft.AspNetCore.Hosting.Diagnostics[1]
      Request starting HTTP/2 GET https://localhost:44376/_framework/aspnetcore-browser-refresh.js - - -
info: Microsoft.AspNetCore.Hosting.Diagnostics[1]
      Request starting HTTP/2 GET https://localhost:44376/.well-known/appspecific/com.chrome.devtools.json - - -
info: Microsoft.AspNetCore.Hosting.Diagnostics[2]
      Request finished HTTP/2 GET https://localhost:44376/_framework/aspnetcore-browser-refresh.js - 200 16499 application/javascript;+charset=utf-8 32.2091ms
info: Microsoft.AspNetCore.Hosting.Diagnostics[1]
      Request starting HTTP/2 GET https://localhost:44376/css/Customizations/Areas/CustomOrder/bootstrap.min.css.map - - -
info: Microsoft.AspNetCore.Hosting.Diagnostics[1]
      Request starting HTTP/2 GET https://localhost:44376/css/Customizations/Areas/CustomOrder/images/1 navdropdown.png width='4' height='5' viewBox='0 0 4 5'><path fill='#343a40' d='M2 0L0 2h4zm0 5L0 3h4z'/></svg> - - -
info: Microsoft.AspNetCore.Hosting.Diagnostics[1]
      Request starting HTTP/2 GET https://localhost:44376/css/Customizations/Areas/fonts/TT Norms Pro Regular.woff - - -
info: Microsoft.AspNetCore.Hosting.Diagnostics[2]
      Request finished HTTP/2 GET https://localhost:44376/_vs/browserLink - 200 - text/javascript;+charset=UTF-8 356.0410ms
info: Microsoft.AspNetCore.Hosting.Diagnostics[2]
      Request finished HTTP/2 GET https://localhost:44376/images/thumbs/0390391_peoria-solid-wood-square-dining-table-set_415.jpeg - 404 - - 1054.5784ms
info: Microsoft.AspNetCore.Hosting.Diagnostics[16]
      Request reached the end of the middleware pipeline without being handled by application code. Request path: GET https://localhost:44376/images/thumbs/0390391_peoria-solid-wood-square-dining-table-set_415.jpeg, Response status code: 404
info: Microsoft.AspNetCore.Routing.EndpointMiddleware[0]
      Executing endpoint 'Nop.Web.Controllers.CommonController.FallbackRedirect (Nop.Web)'
info: Microsoft.AspNetCore.Hosting.Diagnostics[2]
      Request finished HTTP/2 GET https://localhost:44376/css/Customizations/Areas/fonts/TT Norms Pro Regular.woff - 404 - - 850.1987ms
info: Microsoft.AspNetCore.Hosting.Diagnostics[2]
      Request finished HTTP/2 GET https://localhost:44376/css/Customizations/Areas/CustomOrder/bootstrap.min.css.map - 404 - - 916.7691ms
info: Microsoft.AspNetCore.Hosting.Diagnostics[16]
      Request reached the end of the middleware pipeline without being handled by application code. Request path: GET https://localhost:44376/css/Customizations/Areas/fonts/TT%20Norms%20Pro%20Regular.woff, Response status code: 404
info: Microsoft.AspNetCore.Hosting.Diagnostics[16]
      Request reached the end of the middleware pipeline without being handled by application code. Request path: GET https://localhost:44376/css/Customizations/Areas/CustomOrder/bootstrap.min.css.map, Response status code: 404
info: Microsoft.AspNetCore.Hosting.Diagnostics[2]
      Request finished HTTP/2 GET https://localhost:44376/.well-known/appspecific/com.chrome.devtools.json - 404 - - 1192.0848ms
info: Microsoft.AspNetCore.Hosting.Diagnostics[16]
      Request reached the end of the middleware pipeline without being handled by application code. Request path: GET https://localhost:44376/.well-known/appspecific/com.chrome.devtools.json, Response status code: 404
info: Microsoft.AspNetCore.Mvc.Infrastructure.ControllerActionInvoker[102]
      Route matched with {action = "FallbackRedirect", controller = "Common", area = ""}. Executing controller action with signature Microsoft.AspNetCore.Mvc.IActionResult FallbackRedirect() on controller Nop.Web.Controllers.CommonController (Nop.Web).
info: Microsoft.AspNetCore.Mvc.Infrastructure.ControllerActionInvoker[105]
      Executed action Nop.Web.Controllers.CommonController.FallbackRedirect (Nop.Web) in 5.261ms
info: Microsoft.AspNetCore.Routing.EndpointMiddleware[1]
      Executed endpoint 'Nop.Web.Controllers.CommonController.FallbackRedirect (Nop.Web)'
info: Microsoft.AspNetCore.Routing.EndpointMiddleware[0]
      Executing endpoint 'Nop.Web.Controllers.CommonController.PageNotFound (Nop.Web)'
info: Microsoft.AspNetCore.Mvc.Infrastructure.ControllerActionInvoker[102]
      Route matched with {action = "PageNotFound", controller = "Common", area = ""}. Executing controller action with signature Microsoft.AspNetCore.Mvc.IActionResult PageNotFound() on controller Nop.Web.Controllers.CommonController (Nop.Web).
info: Microsoft.AspNetCore.Mvc.ViewFeatures.ViewResultExecutor[1]
      Executing ViewResult, running view PageNotFound.
info: Microsoft.AspNetCore.Mvc.ViewFeatures.ViewResultExecutor[4]
      Executed ViewResult - view PageNotFound executed in 250.7033ms.
info: Microsoft.AspNetCore.Mvc.Infrastructure.ControllerActionInvoker[105]
      Executed action Nop.Web.Controllers.CommonController.PageNotFound (Nop.Web) in 252.3652ms
info: Microsoft.AspNetCore.Routing.EndpointMiddleware[1]
      Executed endpoint 'Nop.Web.Controllers.CommonController.PageNotFound (Nop.Web)'
info: Microsoft.AspNetCore.Hosting.Diagnostics[2]
      Request finished HTTP/2 GET https://localhost:44376/css/Customizations/Areas/CustomOrder/images/1 navdropdown.png width='4' height='5' viewBox='0 0 4 5'><path fill='#343a40' d='M2 0L0 2h4zm0 5L0 3h4z'/></svg> - 404 - text/html;+charset=utf-8 1367.6066ms
info: Microsoft.AspNetCore.Hosting.Diagnostics[1]
      Request starting HTTP/2 POST https://localhost:44376/Customorder/order/UpdateOrderType/ - application/x-www-form-urlencoded;+charset=UTF-8 265
info: Microsoft.AspNetCore.Routing.EndpointMiddleware[0]
      Executing endpoint 'MWT.Plugin.Misc.MwtStorefront.Areas.CustomOrder.Controllers.OrderController.UpdateOrderType (MWT.Plugin.Misc.MwtStorefront)'
info: Microsoft.AspNetCore.Mvc.Infrastructure.ControllerActionInvoker[102]
      Route matched with {area = "CustomOrder", action = "UpdateOrderType", controller = "Order"}. Executing controller action with signature System.Threading.Tasks.Task`1[Microsoft.AspNetCore.Mvc.IActionResult] UpdateOrderType(Int32, Int32, Int32) on controller MWT.Plugin.Misc.MwtStorefront.Areas.CustomOrder.Controllers.OrderController (MWT.Plugin.Misc.MwtStorefront).
info: Microsoft.AspNetCore.Mvc.NewtonsoftJson.NewtonsoftJsonResultExecutor[2]
      Executing JsonResult, writing value of type '<>f__AnonymousType9`1[[MWT.Plugin.Misc.MwtStorefront.Areas.CustomOrder.Models.Common.AjaxReponseModel, MWT.Plugin.Misc.MwtStorefront, Version=1.0.0.0, Culture=neutral, PublicKeyToken=null]]'.
info: Microsoft.AspNetCore.Mvc.Infrastructure.ControllerActionInvoker[105]
      Executed action MWT.Plugin.Misc.MwtStorefront.Areas.CustomOrder.Controllers.OrderController.UpdateOrderType (MWT.Plugin.Misc.MwtStorefront) in 297.7112ms
info: Microsoft.AspNetCore.Routing.EndpointMiddleware[1]
      Executed endpoint 'MWT.Plugin.Misc.MwtStorefront.Areas.CustomOrder.Controllers.OrderController.UpdateOrderType (MWT.Plugin.Misc.MwtStorefront)'
info: Microsoft.AspNetCore.Hosting.Diagnostics[2]
      Request finished HTTP/2 POST https://localhost:44376/Customorder/order/UpdateOrderType/ - 200 - application/json;+charset=utf-8 396.7372ms
info: System.Net.Http.HttpClient.default.LogicalHandler[100]
      Start processing HTTP request POST https://localhost:44399/scheduletask/runtask
info: System.Net.Http.HttpClient.default.ClientHandler[100]
      Sending HTTP request POST https://localhost:44399/scheduletask/runtask
info: System.Net.Http.HttpClient.default.ClientHandler[101]
      Received HTTP response headers after 16.9723ms - 404
info: System.Net.Http.HttpClient.default.LogicalHandler[101]
      End processing HTTP request after 29.652ms - 404
info: Microsoft.AspNetCore.Hosting.Diagnostics[1]
      Request starting HTTP/2 GET https://localhost:44376/category/120/buffets-sideboards?featuredid=10136 - - -
info: Microsoft.AspNetCore.Routing.EndpointMiddleware[0]
      Executing endpoint 'MWT.Plugin.Misc.MwtStorefront.Controllers.CatalogController.CustomCategory (MWT.Plugin.Misc.MwtStorefront)'
info: Microsoft.AspNetCore.Mvc.Infrastructure.ControllerActionInvoker[102]
      Route matched with {action = "CustomCategory", controller = "Catalog", area = ""}. Executing controller action with signature System.Threading.Tasks.Task`1[Microsoft.AspNetCore.Mvc.IActionResult] CustomCategory(Int32, System.String, MWT.Plugin.Misc.MwtStorefront.Models.Catalog.CustomCatalogProductsCommand) on controller MWT.Plugin.Misc.MwtStorefront.Controllers.CatalogController (MWT.Plugin.Misc.MwtStorefront).
info: System.Net.Http.HttpClient.default.LogicalHandler[100]
      Start processing HTTP request POST https://localhost:44399/scheduletask/runtask
info: System.Net.Http.HttpClient.default.ClientHandler[100]
      Sending HTTP request POST https://localhost:44399/scheduletask/runtask
info: System.Net.Http.HttpClient.default.ClientHandler[101]
      Received HTTP response headers after 5.2452ms - 404
info: System.Net.Http.HttpClient.default.LogicalHandler[101]
      End processing HTTP request after 31.844ms - 404
info: Microsoft.AspNetCore.Mvc.ViewFeatures.ViewResultExecutor[1]
      Executing ViewResult, running view CategoryTemplate-FilterOnTop-3x3.
info: Microsoft.AspNetCore.Mvc.ViewFeatures.ViewResultExecutor[4]
      Executed ViewResult - view CategoryTemplate-FilterOnTop-3x3 executed in 3886.9346ms.
info: Microsoft.AspNetCore.Mvc.Infrastructure.ControllerActionInvoker[105]
      Executed action MWT.Plugin.Misc.MwtStorefront.Controllers.CatalogController.CustomCategory (MWT.Plugin.Misc.MwtStorefront) in 4547.1258ms
info: Microsoft.AspNetCore.Routing.EndpointMiddleware[1]
      Executed endpoint 'MWT.Plugin.Misc.MwtStorefront.Controllers.CatalogController.CustomCategory (MWT.Plugin.Misc.MwtStorefront)'
info: Microsoft.AspNetCore.Hosting.Diagnostics[2]
      Request finished HTTP/2 GET https://localhost:44376/category/120/buffets-sideboards?featuredid=10136 - 200 - text/html;+charset=utf-8 4780.1674ms
info: Microsoft.AspNetCore.Hosting.Diagnostics[1]
      Request starting HTTP/2 GET https://localhost:44376/Plugins/MWT.Plugin.Misc.MwtStorefront/Content/css/magiczoomplus.css - - -
info: Microsoft.AspNetCore.StaticFiles.StaticFileMiddleware[2]
      Sending file. Request path: '/MWT.Plugin.Misc.MwtStorefront/Content/css/magiczoomplus.css'. Physical path: 'D:\Mind web Tree\Slc4.9\Source Code\Presentation\Nop.Web\Plugins\MWT.Plugin.Misc.MwtStorefront\Content\css\magiczoomplus.css'
info: Microsoft.AspNetCore.Hosting.Diagnostics[2]
      Request finished HTTP/2 GET https://localhost:44376/Plugins/MWT.Plugin.Misc.MwtStorefront/Content/css/magiczoomplus.css - 200 45702 text/css 5.5175ms
info: Microsoft.AspNetCore.Hosting.Diagnostics[1]
      Request starting HTTP/2 GET https://localhost:44376/images/thumbs/0430231_gimli-rustic-freestanding-kitchen-pantry-cabinet-with-drawers_100.jpeg - - -
info: Microsoft.AspNetCore.Hosting.Diagnostics[1]
      Request starting HTTP/2 GET https://localhost:44376/images/pixel.png - - -
info: Microsoft.AspNetCore.Hosting.Diagnostics[1]
      Request starting HTTP/2 GET https://localhost:44376/Plugins/MWT.Plugin.Misc.MwtStorefront/Content/js/magiczoomplus.js - - -
info: Microsoft.AspNetCore.StaticFiles.StaticFileMiddleware[2]
      Sending file. Request path: '/MWT.Plugin.Misc.MwtStorefront/Content/js/magiczoomplus.js'. Physical path: 'D:\Mind web Tree\Slc4.9\Source Code\Presentation\Nop.Web\Plugins\MWT.Plugin.Misc.MwtStorefront\Content\js\magiczoomplus.js'
info: Microsoft.AspNetCore.Hosting.Diagnostics[2]
      Request finished HTTP/2 GET https://localhost:44376/Plugins/MWT.Plugin.Misc.MwtStorefront/Content/js/magiczoomplus.js - 200 83354 text/javascript 260.7675ms
info: Microsoft.AspNetCore.Hosting.Diagnostics[2]
      Request finished HTTP/2 GET https://localhost:44376/images/thumbs/0430231_gimli-rustic-freestanding-kitchen-pantry-cabinet-with-drawers_100.jpeg - 404 - - 334.9565ms
info: Microsoft.AspNetCore.Hosting.Diagnostics[16]
      Request reached the end of the middleware pipeline without being handled by application code. Request path: GET https://localhost:44376/images/thumbs/0430231_gimli-rustic-freestanding-kitchen-pantry-cabinet-with-drawers_100.jpeg, Response status code: 404
info: Microsoft.AspNetCore.Routing.EndpointMiddleware[0]
      Executing endpoint 'Nop.Web.Controllers.CommonController.GenericUrl (Nop.Web)'
info: Microsoft.AspNetCore.Hosting.Diagnostics[1]
      Request starting HTTP/2 GET https://localhost:44376/Plugins/MWT.Plugin.Misc.MwtStorefront/Content/fonts/fa-solid-900.woff2 - - -
info: Microsoft.AspNetCore.Hosting.Diagnostics[1]
      Request starting HTTP/2 GET https://localhost:44376/images/thumbs/default-image_840.png - - -
info: Microsoft.AspNetCore.StaticFiles.StaticFileMiddleware[2]
      Sending file. Request path: '/MWT.Plugin.Misc.MwtStorefront/Content/fonts/fa-solid-900.woff2'. Physical path: 'D:\Mind web Tree\Slc4.9\Source Code\Presentation\Nop.Web\Plugins\MWT.Plugin.Misc.MwtStorefront\Content\fonts\fa-solid-900.woff2'
info: Microsoft.AspNetCore.StaticFiles.StaticFileMiddleware[2]
      Sending file. Request path: '/images/thumbs/default-image_840.png'. Physical path: 'D:\Mind web Tree\Slc4.9\Source Code\Presentation\Nop.Web\wwwroot\images\thumbs\default-image_840.png'
info: Microsoft.AspNetCore.Hosting.Diagnostics[2]
      Request finished HTTP/2 GET https://localhost:44376/images/thumbs/default-image_840.png - 200 38496 image/png 47.2325ms
info: Microsoft.AspNetCore.Hosting.Diagnostics[2]
      Request finished HTTP/2 GET https://localhost:44376/Plugins/MWT.Plugin.Misc.MwtStorefront/Content/fonts/fa-solid-900.woff2 - 200 44004 font/woff2 55.8450ms
info: Microsoft.AspNetCore.Hosting.Diagnostics[1]
      Request starting HTTP/2 GET https://localhost:44376/images/icons/hand-holding-dollar-solid.svg - - -
info: Microsoft.AspNetCore.Hosting.Diagnostics[1]
      Request starting HTTP/2 GET https://localhost:44376/_framework/aspnetcore-browser-refresh.js - - -
info: Microsoft.AspNetCore.Hosting.Diagnostics[1]
      Request starting HTTP/2 GET https://localhost:44376/Plugins/MWT.Plugin.Misc.MwtStorefront/Content/js/public.catalogproducts.js?version=37 - - -
info: Microsoft.AspNetCore.Hosting.Diagnostics[2]
      Request finished HTTP/2 GET https://localhost:44376/_framework/aspnetcore-browser-refresh.js - 200 16499 application/javascript;+charset=utf-8 90.8049ms
info: Microsoft.AspNetCore.StaticFiles.StaticFileMiddleware[2]
      Sending file. Request path: '/MWT.Plugin.Misc.MwtStorefront/Content/js/public.catalogproducts.js'. Physical path: 'D:\Mind web Tree\Slc4.9\Source Code\Presentation\Nop.Web\Plugins\MWT.Plugin.Misc.MwtStorefront\Content\js\public.catalogproducts.js'
info: Microsoft.AspNetCore.Hosting.Diagnostics[2]
      Request finished HTTP/2 GET https://localhost:44376/Plugins/MWT.Plugin.Misc.MwtStorefront/Content/js/public.catalogproducts.js?version=37 - 200 28452 text/javascript 226.0989ms
info: Microsoft.AspNetCore.Mvc.Infrastructure.ControllerActionInvoker[102]
      Route matched with {action = "GenericUrl", controller = "Common", area = ""}. Executing controller action with signature Microsoft.AspNetCore.Mvc.IActionResult GenericUrl() on controller Nop.Web.Controllers.CommonController (Nop.Web).
info: Microsoft.AspNetCore.Hosting.Diagnostics[2]
      Request finished HTTP/2 GET https://localhost:44376/images/icons/hand-holding-dollar-solid.svg - 404 - - 340.6781ms
info: Microsoft.AspNetCore.Hosting.Diagnostics[16]
      Request reached the end of the middleware pipeline without being handled by application code. Request path: GET https://localhost:44376/images/icons/hand-holding-dollar-solid.svg, Response status code: 404
info: Microsoft.AspNetCore.Mvc.Infrastructure.ControllerActionInvoker[105]
      Executed action Nop.Web.Controllers.CommonController.GenericUrl (Nop.Web) in 30.5551ms
info: Microsoft.AspNetCore.Routing.EndpointMiddleware[1]
      Executed endpoint 'Nop.Web.Controllers.CommonController.GenericUrl (Nop.Web)'
info: Microsoft.AspNetCore.Hosting.Diagnostics[2]
      Request finished HTTP/2 GET https://localhost:44376/images/pixel.png - 404 - - 749.1728ms
info: Microsoft.AspNetCore.Hosting.Diagnostics[1]
      Request starting HTTP/2 GET https://localhost:44376/images/phone.png - - -
info: Microsoft.AspNetCore.Hosting.Diagnostics[1]
      Request starting HTTP/2 GET https://localhost:44376/Themes/BlackWhiteTheme/Content/images/top.png - - -
info: Microsoft.AspNetCore.Routing.EndpointMiddleware[0]
      Executing endpoint 'Nop.Web.Controllers.CommonController.GenericUrl (Nop.Web)'
info: Microsoft.AspNetCore.Hosting.Diagnostics[2]
      Request finished HTTP/2 GET https://localhost:44376/Themes/BlackWhiteTheme/Content/images/top.png - 404 - - 282.0524ms
info: Microsoft.AspNetCore.Hosting.Diagnostics[16]
      Request reached the end of the middleware pipeline without being handled by application code. Request path: GET https://localhost:44376/Themes/BlackWhiteTheme/Content/images/top.png, Response status code: 404
info: Microsoft.AspNetCore.Hosting.Diagnostics[1]
      Request starting HTTP/2 GET https://localhost:44376/_vs/browserLink - - -
info: Microsoft.AspNetCore.Mvc.Infrastructure.ControllerActionInvoker[102]
      Route matched with {action = "GenericUrl", controller = "Common", area = ""}. Executing controller action with signature Microsoft.AspNetCore.Mvc.IActionResult GenericUrl() on controller Nop.Web.Controllers.CommonController (Nop.Web).
info: Microsoft.AspNetCore.Hosting.Diagnostics[2]
      Request finished HTTP/2 GET https://localhost:44376/_vs/browserLink - 200 - text/javascript;+charset=UTF-8 96.0577ms
info: Microsoft.AspNetCore.Mvc.Infrastructure.ControllerActionInvoker[105]
      Executed action Nop.Web.Controllers.CommonController.GenericUrl (Nop.Web) in 35.805ms
info: Microsoft.AspNetCore.Routing.EndpointMiddleware[1]
      Executed endpoint 'Nop.Web.Controllers.CommonController.GenericUrl (Nop.Web)'
info: Microsoft.AspNetCore.Hosting.Diagnostics[2]
      Request finished HTTP/2 GET https://localhost:44376/images/phone.png - 404 - - 444.3609ms
info: Microsoft.AspNetCore.Hosting.Diagnostics[1]
      Request starting HTTP/2 GET https://localhost:44376/images/default-image.png - - -
info: Microsoft.AspNetCore.StaticFiles.StaticFileMiddleware[2]
      Sending file. Request path: '/images/default-image.png'. Physical path: 'D:\Mind web Tree\Slc4.9\Source Code\Presentation\Nop.Web\wwwroot\images\default-image.png'
info: Microsoft.AspNetCore.Hosting.Diagnostics[2]
      Request finished HTTP/2 GET https://localhost:44376/images/default-image.png - 200 2804 image/png 3.6176ms
info: Microsoft.AspNetCore.Hosting.Diagnostics[1]
      Request starting HTTP/2 POST https://localhost:44376/CampaignManagement/showPopup - application/x-www-form-urlencoded;+charset=UTF-8 112
info: Microsoft.AspNetCore.Hosting.Diagnostics[1]
      Request starting HTTP/2 POST https://localhost:44376/shoppingcart/CustomProductDetails_AttributeChange?productId=10136&formId=product_details_form&validateAttributeConditions=False&loadPicture=True - application/x-www-form-urlencoded;+charset=UTF-8 310
info: Microsoft.AspNetCore.Hosting.Diagnostics[1]
      Request starting HTTP/2 GET https://localhost:44376/images/thumbs/0430231_gimli-rustic-freestanding-kitchen-pantry-cabinet-with-drawers_100.jpeg - - -
info: Microsoft.AspNetCore.Routing.EndpointMiddleware[0]
      Executing endpoint 'MWT.Plugin.Misc.MwtStorefront.Controllers.CampaignManagementController.ShowPopup (MWT.Plugin.Misc.MwtStorefront)'
info: Microsoft.AspNetCore.Routing.EndpointMiddleware[0]
      Executing endpoint 'MWT.Plugin.Misc.MwtStorefront.Controllers.ShoppingCartController.CustomProductDetails_AttributeChange (MWT.Plugin.Misc.MwtStorefront)'
info: Microsoft.AspNetCore.Mvc.Infrastructure.ControllerActionInvoker[102]
      Route matched with {action = "ShowPopup", controller = "CampaignManagement", area = ""}. Executing controller action with signature System.Threading.Tasks.Task`1[Microsoft.AspNetCore.Mvc.IActionResult] ShowPopup(System.String, System.String, Boolean) on controller MWT.Plugin.Misc.MwtStorefront.Controllers.CampaignManagementController (MWT.Plugin.Misc.MwtStorefront).
info: Microsoft.AspNetCore.Hosting.Diagnostics[2]
      Request finished HTTP/2 GET https://localhost:44376/images/thumbs/0430231_gimli-rustic-freestanding-kitchen-pantry-cabinet-with-drawers_100.jpeg - 404 - - 791.4240ms
info: Microsoft.AspNetCore.Hosting.Diagnostics[16]
      Request reached the end of the middleware pipeline without being handled by application code. Request path: GET https://localhost:44376/images/thumbs/0430231_gimli-rustic-freestanding-kitchen-pantry-cabinet-with-drawers_100.jpeg, Response status code: 404
info: Microsoft.AspNetCore.Mvc.NewtonsoftJson.NewtonsoftJsonResultExecutor[2]
      Executing JsonResult, writing value of type 'MWT.Plugin.Misc.MwtStorefront.Models.Catalog.Campaign_Management.CampaignPopupResultModel'.
info: Microsoft.AspNetCore.Mvc.Infrastructure.ControllerActionInvoker[105]
      Executed action MWT.Plugin.Misc.MwtStorefront.Controllers.CampaignManagementController.ShowPopup (MWT.Plugin.Misc.MwtStorefront) in 97.3677ms
info: Microsoft.AspNetCore.Routing.EndpointMiddleware[1]
      Executed endpoint 'MWT.Plugin.Misc.MwtStorefront.Controllers.CampaignManagementController.ShowPopup (MWT.Plugin.Misc.MwtStorefront)'
info: Microsoft.AspNetCore.Hosting.Diagnostics[2]
      Request finished HTTP/2 POST https://localhost:44376/CampaignManagement/showPopup - 200 - application/json;+charset=utf-8 914.3540ms
info: Microsoft.AspNetCore.Mvc.Infrastructure.ControllerActionInvoker[102]
      Route matched with {action = "CustomProductDetails_AttributeChange", controller = "ShoppingCart", area = ""}. Executing controller action with signature System.Threading.Tasks.Task`1[Microsoft.AspNetCore.Mvc.IActionResult] CustomProductDetails_AttributeChange(Int32, Boolean, Boolean, Microsoft.AspNetCore.Http.IFormCollection, System.String, Int32) on controller MWT.Plugin.Misc.MwtStorefront.Controllers.ShoppingCartController (MWT.Plugin.Misc.MwtStorefront).
info: Microsoft.AspNetCore.Mvc.NewtonsoftJson.NewtonsoftJsonResultExecutor[2]
      Executing JsonResult, writing value of type '<>f__AnonymousType67`29[[System.Int32, System.Private.CoreLib, Version=9.0.0.0, Culture=neutral, PublicKeyToken=7cec85d7bea7798e],[System.String, System.Private.CoreLib, Version=9.0.0.0, Culture=neutral, PublicKeyToken=7cec85d7bea7798e],[System.String, System.Private.CoreLib, Version=9.0.0.0, Culture=neutral, PublicKeyToken=7cec85d7bea7798e],[System.String, System.Private.CoreLib, Version=9.0.0.0, Culture=neutral, PublicKeyToken=7cec85d7bea7798e],[System.String, System.Private.CoreLib, Version=9.0.0.0, Culture=neutral, PublicKeyToken=7cec85d7bea7798e],[System.String, System.Private.CoreLib, Version=9.0.0.0, Culture=neutral, PublicKeyToken=7cec85d7bea7798e],[System.String, System.Private.CoreLib, Version=9.0.0.0, Culture=neutral, PublicKeyToken=7cec85d7bea7798e],[System.String, System.Private.CoreLib, Version=9.0.0.0, Culture=neutral, PublicKeyToken=7cec85d7bea7798e],[System.String, System.Private.CoreLib, Version=9.0.0.0, Culture=neutral, PublicKeyToken=7cec85d7bea7798e],[System.Decimal, System.Private.CoreLib, Version=9.0.0.0, Culture=neutral, PublicKeyToken=7cec85d7bea7798e],[System.String, System.Private.CoreLib, Version=9.0.0.0, Culture=neutral, PublicKeyToken=7cec85d7bea7798e],[System.String, System.Private.CoreLib, Version=9.0.0.0, Culture=neutral, PublicKeyToken=7cec85d7bea7798e],[System.String, System.Private.CoreLib, Version=9.0.0.0, Culture=neutral, PublicKeyToken=7cec85d7bea7798e],[System.Int32[], System.Private.CoreLib, Version=9.0.0.0, Culture=neutral, PublicKeyToken=7cec85d7bea7798e],[System.Int32[], System.Private.CoreLib, Version=9.0.0.0, Culture=neutral, PublicKeyToken=7cec85d7bea7798e],[System.String, System.Private.CoreLib, Version=9.0.0.0, Culture=neutral, PublicKeyToken=7cec85d7bea7798e],[System.String, System.Private.CoreLib, Version=9.0.0.0, Culture=neutral, PublicKeyToken=7cec85d7bea7798e],[System.String, System.Private.CoreLib, Version=9.0.0.0, Culture=neutral, PublicKeyToken=7cec85d7bea7798e],[System.Boolean, System.Private.CoreLib, Version=9.0.0.0, Culture=neutral, PublicKeyToken=7cec85d7bea7798e],[System.String[], System.Private.CoreLib, Version=9.0.0.0, Culture=neutral, PublicKeyToken=7cec85d7bea7798e],[System.String, System.Private.CoreLib, Version=9.0.0.0, Culture=neutral, PublicKeyToken=7cec85d7bea7798e],[System.String, System.Private.CoreLib, Version=9.0.0.0, Culture=neutral, PublicKeyToken=7cec85d7bea7798e],[System.Collections.Generic.List`1[[Nop.Web.Models.Media.PictureModel, Nop.Web, Version=4.90.0.0, Culture=neutral, PublicKeyToken=null]], System.Private.CoreLib, Version=9.0.0.0, Culture=neutral, PublicKeyToken=7cec85d7bea7798e],[System.Int32, System.Private.CoreLib, Version=9.0.0.0, Culture=neutral, PublicKeyToken=7cec85d7bea7798e],[System.String, System.Private.CoreLib, Version=9.0.0.0, Culture=neutral, PublicKeyToken=7cec85d7bea7798e],[System.String, System.Private.CoreLib, Version=9.0.0.0, Culture=neutral, PublicKeyToken=7cec85d7bea7798e],[System.String, System.Private.CoreLib, Version=9.0.0.0, Culture=neutral, PublicKeyToken=7cec85d7bea7798e],[System.String, System.Private.CoreLib, Version=9.0.0.0, Culture=neutral, PublicKeyToken=7cec85d7bea7798e],[System.String, System.Private.CoreLib, Version=9.0.0.0, Culture=neutral, PublicKeyToken=7cec85d7bea7798e]]'.
info: Microsoft.AspNetCore.Mvc.Infrastructure.ControllerActionInvoker[105]
      Executed action MWT.Plugin.Misc.MwtStorefront.Controllers.ShoppingCartController.CustomProductDetails_AttributeChange (MWT.Plugin.Misc.MwtStorefront) in 56.3817ms
info: Microsoft.AspNetCore.Routing.EndpointMiddleware[1]
      Executed endpoint 'MWT.Plugin.Misc.MwtStorefront.Controllers.ShoppingCartController.CustomProductDetails_AttributeChange (MWT.Plugin.Misc.MwtStorefront)'
info: Microsoft.AspNetCore.Hosting.Diagnostics[2]
      Request finished HTTP/2 POST https://localhost:44376/shoppingcart/CustomProductDetails_AttributeChange?productId=10136&formId=product_details_form&validateAttributeConditions=False&loadPicture=True - 200 - application/json;+charset=utf-8 964.6287ms
info: Microsoft.AspNetCore.Hosting.Diagnostics[1]
      Request starting HTTP/2 GET https://localhost:44376/images/thumbs/0429303_missouri-pedestal-round-dining-table-with-lazy-susan_415.jpeg - - -
info: Microsoft.AspNetCore.Hosting.Diagnostics[1]
      Request starting HTTP/2 GET https://localhost:44376/images/thumbs/0404773_nuala-5-piece-hand-carved-solid-wood-bedroom-set_415.jpeg - - -
info: Microsoft.AspNetCore.Hosting.Diagnostics[1]
      Request starting HTTP/2 GET https://localhost:44376/images/thumbs/0390391_peoria-solid-wood-square-dining-table-set_415.jpeg - - -
info: Microsoft.AspNetCore.Hosting.Diagnostics[2]
      Request finished HTTP/2 GET https://localhost:44376/images/thumbs/0390391_peoria-solid-wood-square-dining-table-set_415.jpeg - 404 - - 485.5730ms
info: Microsoft.AspNetCore.Hosting.Diagnostics[16]
      Request reached the end of the middleware pipeline without being handled by application code. Request path: GET https://localhost:44376/images/thumbs/0390391_peoria-solid-wood-square-dining-ta